
  .   ____          _            __ _ _
 /\\ / ___'_ __ _ _(_)_ __  __ _ \ \ \ \
( ( )\___ | '_ | '_| | '_ \/ _` | \ \ \ \
 \\/  ___)| |_)| | | | | || (_| |  ) ) ) )
  '  |____| .__|_| |_|_| |_\__, | / / / /
 =========|_|==============|___/=/_/_/_/

 :: Spring Boot ::                (v4.0.1)

2026-01-06T11:35:28.920+06:00  INFO [inventory-service,,] 692178 --- [inventory-service] [           main] c.e.t.i.InventoryServiceApplication      : Starting InventoryServiceApplication using Java 21.0.9 with PID 692178 (/home/yaziz/workspace/self_task/tracing basics/tracing-demo-v2/inventory-service/target/classes started by yaziz in /home/yaziz/workspace/self_task/tracing basics/tracing-demo-v2/inventory-service)
2026-01-06T11:35:28.926+06:00  INFO [inventory-service,,] 692178 --- [inventory-service] [           main] c.e.t.i.InventoryServiceApplication      : No active profile set, falling back to 1 default profile: "default"
2026-01-06T11:35:31.216+06:00  INFO [inventory-service,,] 692178 --- [inventory-service] [           main] o.s.boot.tomcat.TomcatWebServer          : Tomcat initialized with port 8082 (http)
2026-01-06T11:35:31.249+06:00  INFO [inventory-service,,] 692178 --- [inventory-service] [           main] o.apache.catalina.core.StandardService   : Starting service [Tomcat]
2026-01-06T11:35:31.250+06:00  INFO [inventory-service,,] 692178 --- [inventory-service] [           main] o.apache.catalina.core.StandardEngine    : Starting Servlet engine: [Apache Tomcat/11.0.15]
2026-01-06T11:35:31.329+06:00  INFO [inventory-service,,] 692178 --- [inventory-service] [           main] b.w.c.s.WebApplicationContextInitializer : Root WebApplicationContext: initialization completed in 2281 ms
2026-01-06T11:35:33.064+06:00  INFO [inventory-service,,] 692178 --- [inventory-service] [           main] o.s.b.a.e.web.EndpointLinksResolver      : Exposing 2 endpoints beneath base path '/actuator'
2026-01-06T11:35:33.278+06:00  INFO [inventory-service,,] 692178 --- [inventory-service] [           main] o.s.boot.tomcat.TomcatWebServer          : Tomcat started on port 8082 (http) with context path '/'
2026-01-06T11:35:33.289+06:00  INFO [inventory-service,,] 692178 --- [inventory-service] [           main] o.s.a.r.c.CachingConnectionFactory       : Attempting to connect to: [localhost:5672]
2026-01-06T11:35:33.395+06:00  INFO [inventory-service,,] 692178 --- [inventory-service] [           main] o.s.a.r.c.CachingConnectionFactory       : Created new connection: rabbitConnectionFactory#1e30db85:0/SimpleConnection@6bb4cc0e [delegate=amqp://guest@127.0.0.1:5672/, localPort=51158]
2026-01-06T11:35:33.464+06:00  WARN [inventory-service,,] 692178 --- [inventory-service] [ntContainer#0-1] o.s.a.r.listener.BlockingQueueConsumer   : Failed to declare queue: orders.queue
2026-01-06T11:35:33.465+06:00  WARN [inventory-service,,] 692178 --- [inventory-service] [ntContainer#0-1] o.s.a.r.listener.BlockingQueueConsumer   : Queue declaration failed; retries left=3

org.springframework.amqp.rabbit.listener.BlockingQueueConsumer$DeclarationException: Failed to declare queue(s):[orders.queue]
	at org.springframework.amqp.rabbit.listener.BlockingQueueConsumer.attemptPassiveDeclarations(BlockingQueueConsumer.java:779) ~[spring-rabbit-4.0.1.jar:4.0.1]
	at org.springframework.amqp.rabbit.listener.BlockingQueueConsumer.passiveDeclarations(BlockingQueueConsumer.java:655) ~[spring-rabbit-4.0.1.jar:4.0.1]
	at org.springframework.amqp.rabbit.listener.BlockingQueueConsumer.start(BlockingQueueConsumer.java:642) ~[spring-rabbit-4.0.1.jar:4.0.1]
	at org.springframework.amqp.rabbit.listener.SimpleMessageListenerContainer$AsyncMessageProcessingConsumer.initialize(SimpleMessageListenerContainer.java:1524) ~[spring-rabbit-4.0.1.jar:4.0.1]
	at org.springframework.amqp.rabbit.listener.SimpleMessageListenerContainer$AsyncMessageProcessingConsumer.run(SimpleMessageListenerContainer.java:1356) ~[spring-rabbit-4.0.1.jar:4.0.1]
	at java.base/java.lang.Thread.run(Thread.java:1583) ~[na:na]
Caused by: java.io.IOException
	at com.rabbitmq.client.impl.AMQChannel.wrap(AMQChannel.java:140) ~[amqp-client-5.27.1.jar:5.27.1]
	at com.rabbitmq.client.impl.AMQChannel.wrap(AMQChannel.java:136) ~[amqp-client-5.27.1.jar:5.27.1]
	at com.rabbitmq.client.impl.AMQChannel.exnWrappingRpc(AMQChannel.java:158) ~[amqp-client-5.27.1.jar:5.27.1]
	at com.rabbitmq.client.impl.ChannelN.queueDeclarePassive(ChannelN.java:1044) ~[amqp-client-5.27.1.jar:5.27.1]
	at com.rabbitmq.client.impl.ChannelN.queueDeclarePassive(ChannelN.java:48) ~[amqp-client-5.27.1.jar:5.27.1]
	at java.base/jdk.internal.reflect.DirectMethodHandleAccessor.invoke(DirectMethodHandleAccessor.java:103) ~[na:na]
	at java.base/java.lang.reflect.Method.invoke(Method.java:580) ~[na:na]
	at org.springframework.amqp.rabbit.connection.CachingConnectionFactory$CachedChannelInvocationHandler.invoke(CachingConnectionFactory.java:1220) ~[spring-rabbit-4.0.1.jar:4.0.1]
	at jdk.proxy2/jdk.proxy2.$Proxy87.queueDeclarePassive(Unknown Source) ~[na:na]
	at org.springframework.amqp.rabbit.listener.BlockingQueueConsumer.attemptPassiveDeclarations(BlockingQueueConsumer.java:756) ~[spring-rabbit-4.0.1.jar:4.0.1]
	... 5 common frames omitted
Caused by: com.rabbitmq.client.ShutdownSignalException: channel error; protocol method: #method<channel.close>(reply-code=404, reply-text=NOT_FOUND - no queue 'orders.queue' in vhost '/', class-id=50, method-id=10)
	at com.rabbitmq.utility.ValueOrException.getValue(ValueOrException.java:66) ~[amqp-client-5.27.1.jar:5.27.1]
	at com.rabbitmq.utility.BlockingValueOrException.uninterruptibleGetValue(BlockingValueOrException.java:36) ~[amqp-client-5.27.1.jar:5.27.1]
	at com.rabbitmq.client.impl.AMQChannel$BlockingRpcContinuation.getReply(AMQChannel.java:552) ~[amqp-client-5.27.1.jar:5.27.1]
	at com.rabbitmq.client.impl.AMQChannel.privateRpc(AMQChannel.java:316) ~[amqp-client-5.27.1.jar:5.27.1]
	at com.rabbitmq.client.impl.AMQChannel.exnWrappingRpc(AMQChannel.java:152) ~[amqp-client-5.27.1.jar:5.27.1]
	... 12 common frames omitted
Caused by: com.rabbitmq.client.ShutdownSignalException: channel error; protocol method: #method<channel.close>(reply-code=404, reply-text=NOT_FOUND - no queue 'orders.queue' in vhost '/', class-id=50, method-id=10)
	at com.rabbitmq.client.impl.ChannelN.asyncShutdown(ChannelN.java:529) ~[amqp-client-5.27.1.jar:5.27.1]
	at com.rabbitmq.client.impl.ChannelN.processAsync(ChannelN.java:350) ~[amqp-client-5.27.1.jar:5.27.1]
	at com.rabbitmq.client.impl.AMQChannel.handleCompleteInboundCommand(AMQChannel.java:193) ~[amqp-client-5.27.1.jar:5.27.1]
	at com.rabbitmq.client.impl.AMQChannel.handleFrame(AMQChannel.java:125) ~[amqp-client-5.27.1.jar:5.27.1]
	at com.rabbitmq.client.impl.AMQConnection.readFrame(AMQConnection.java:768) ~[amqp-client-5.27.1.jar:5.27.1]
	at com.rabbitmq.client.impl.AMQConnection.access$400(AMQConnection.java:49) ~[amqp-client-5.27.1.jar:5.27.1]
	at com.rabbitmq.client.impl.AMQConnection$MainLoop.run(AMQConnection.java:695) ~[amqp-client-5.27.1.jar:5.27.1]
	... 1 common frames omitted

2026-01-06T11:35:38.481+06:00  WARN [inventory-service,,] 692178 --- [inventory-service] [ntContainer#0-1] o.s.a.r.listener.BlockingQueueConsumer   : Failed to declare queue: orders.queue
2026-01-06T11:35:38.482+06:00  WARN [inventory-service,,] 692178 --- [inventory-service] [ntContainer#0-1] o.s.a.r.listener.BlockingQueueConsumer   : Queue declaration failed; retries left=2

org.springframework.amqp.rabbit.listener.BlockingQueueConsumer$DeclarationException: Failed to declare queue(s):[orders.queue]
	at org.springframework.amqp.rabbit.listener.BlockingQueueConsumer.attemptPassiveDeclarations(BlockingQueueConsumer.java:779) ~[spring-rabbit-4.0.1.jar:4.0.1]
	at org.springframework.amqp.rabbit.listener.BlockingQueueConsumer.passiveDeclarations(BlockingQueueConsumer.java:655) ~[spring-rabbit-4.0.1.jar:4.0.1]
	at org.springframework.amqp.rabbit.listener.BlockingQueueConsumer.start(BlockingQueueConsumer.java:642) ~[spring-rabbit-4.0.1.jar:4.0.1]
	at org.springframework.amqp.rabbit.listener.SimpleMessageListenerContainer$AsyncMessageProcessingConsumer.initialize(SimpleMessageListenerContainer.java:1524) ~[spring-rabbit-4.0.1.jar:4.0.1]
	at org.springframework.amqp.rabbit.listener.SimpleMessageListenerContainer$AsyncMessageProcessingConsumer.run(SimpleMessageListenerContainer.java:1356) ~[spring-rabbit-4.0.1.jar:4.0.1]
	at java.base/java.lang.Thread.run(Thread.java:1583) ~[na:na]
Caused by: java.io.IOException
	at com.rabbitmq.client.impl.AMQChannel.wrap(AMQChannel.java:140) ~[amqp-client-5.27.1.jar:5.27.1]
	at com.rabbitmq.client.impl.AMQChannel.wrap(AMQChannel.java:136) ~[amqp-client-5.27.1.jar:5.27.1]
	at com.rabbitmq.client.impl.AMQChannel.exnWrappingRpc(AMQChannel.java:158) ~[amqp-client-5.27.1.jar:5.27.1]
	at com.rabbitmq.client.impl.ChannelN.queueDeclarePassive(ChannelN.java:1044) ~[amqp-client-5.27.1.jar:5.27.1]
	at com.rabbitmq.client.impl.ChannelN.queueDeclarePassive(ChannelN.java:48) ~[amqp-client-5.27.1.jar:5.27.1]
	at java.base/jdk.internal.reflect.DirectMethodHandleAccessor.invoke(DirectMethodHandleAccessor.java:103) ~[na:na]
	at java.base/java.lang.reflect.Method.invoke(Method.java:580) ~[na:na]
	at org.springframework.amqp.rabbit.connection.CachingConnectionFactory$CachedChannelInvocationHandler.invoke(CachingConnectionFactory.java:1220) ~[spring-rabbit-4.0.1.jar:4.0.1]
	at jdk.proxy2/jdk.proxy2.$Proxy87.queueDeclarePassive(Unknown Source) ~[na:na]
	at org.springframework.amqp.rabbit.listener.BlockingQueueConsumer.attemptPassiveDeclarations(BlockingQueueConsumer.java:756) ~[spring-rabbit-4.0.1.jar:4.0.1]
	... 5 common frames omitted
Caused by: com.rabbitmq.client.ShutdownSignalException: channel error; protocol method: #method<channel.close>(reply-code=404, reply-text=NOT_FOUND - no queue 'orders.queue' in vhost '/', class-id=50, method-id=10)
	at com.rabbitmq.utility.ValueOrException.getValue(ValueOrException.java:66) ~[amqp-client-5.27.1.jar:5.27.1]
	at com.rabbitmq.utility.BlockingValueOrException.uninterruptibleGetValue(BlockingValueOrException.java:36) ~[amqp-client-5.27.1.jar:5.27.1]
	at com.rabbitmq.client.impl.AMQChannel$BlockingRpcContinuation.getReply(AMQChannel.java:552) ~[amqp-client-5.27.1.jar:5.27.1]
	at com.rabbitmq.client.impl.AMQChannel.privateRpc(AMQChannel.java:316) ~[amqp-client-5.27.1.jar:5.27.1]
	at com.rabbitmq.client.impl.AMQChannel.exnWrappingRpc(AMQChannel.java:152) ~[amqp-client-5.27.1.jar:5.27.1]
	... 12 common frames omitted
Caused by: com.rabbitmq.client.ShutdownSignalException: channel error; protocol method: #method<channel.close>(reply-code=404, reply-text=NOT_FOUND - no queue 'orders.queue' in vhost '/', class-id=50, method-id=10)
	at com.rabbitmq.client.impl.ChannelN.asyncShutdown(ChannelN.java:529) ~[amqp-client-5.27.1.jar:5.27.1]
	at com.rabbitmq.client.impl.ChannelN.processAsync(ChannelN.java:350) ~[amqp-client-5.27.1.jar:5.27.1]
	at com.rabbitmq.client.impl.AMQChannel.handleCompleteInboundCommand(AMQChannel.java:193) ~[amqp-client-5.27.1.jar:5.27.1]
	at com.rabbitmq.client.impl.AMQChannel.handleFrame(AMQChannel.java:125) ~[amqp-client-5.27.1.jar:5.27.1]
	at com.rabbitmq.client.impl.AMQConnection.readFrame(AMQConnection.java:768) ~[amqp-client-5.27.1.jar:5.27.1]
	at com.rabbitmq.client.impl.AMQConnection.access$400(AMQConnection.java:49) ~[amqp-client-5.27.1.jar:5.27.1]
	at com.rabbitmq.client.impl.AMQConnection$MainLoop.run(AMQConnection.java:695) ~[amqp-client-5.27.1.jar:5.27.1]
	... 1 common frames omitted

2026-01-06T11:35:43.491+06:00  WARN [inventory-service,,] 692178 --- [inventory-service] [ntContainer#0-1] o.s.a.r.listener.BlockingQueueConsumer   : Failed to declare queue: orders.queue
2026-01-06T11:35:43.492+06:00  WARN [inventory-service,,] 692178 --- [inventory-service] [ntContainer#0-1] o.s.a.r.listener.BlockingQueueConsumer   : Queue declaration failed; retries left=1

org.springframework.amqp.rabbit.listener.BlockingQueueConsumer$DeclarationException: Failed to declare queue(s):[orders.queue]
	at org.springframework.amqp.rabbit.listener.BlockingQueueConsumer.attemptPassiveDeclarations(BlockingQueueConsumer.java:779) ~[spring-rabbit-4.0.1.jar:4.0.1]
	at org.springframework.amqp.rabbit.listener.BlockingQueueConsumer.passiveDeclarations(BlockingQueueConsumer.java:655) ~[spring-rabbit-4.0.1.jar:4.0.1]
	at org.springframework.amqp.rabbit.listener.BlockingQueueConsumer.start(BlockingQueueConsumer.java:642) ~[spring-rabbit-4.0.1.jar:4.0.1]
	at org.springframework.amqp.rabbit.listener.SimpleMessageListenerContainer$AsyncMessageProcessingConsumer.initialize(SimpleMessageListenerContainer.java:1524) ~[spring-rabbit-4.0.1.jar:4.0.1]
	at org.springframework.amqp.rabbit.listener.SimpleMessageListenerContainer$AsyncMessageProcessingConsumer.run(SimpleMessageListenerContainer.java:1356) ~[spring-rabbit-4.0.1.jar:4.0.1]
	at java.base/java.lang.Thread.run(Thread.java:1583) ~[na:na]
Caused by: java.io.IOException
	at com.rabbitmq.client.impl.AMQChannel.wrap(AMQChannel.java:140) ~[amqp-client-5.27.1.jar:5.27.1]
	at com.rabbitmq.client.impl.AMQChannel.wrap(AMQChannel.java:136) ~[amqp-client-5.27.1.jar:5.27.1]
	at com.rabbitmq.client.impl.AMQChannel.exnWrappingRpc(AMQChannel.java:158) ~[amqp-client-5.27.1.jar:5.27.1]
	at com.rabbitmq.client.impl.ChannelN.queueDeclarePassive(ChannelN.java:1044) ~[amqp-client-5.27.1.jar:5.27.1]
	at com.rabbitmq.client.impl.ChannelN.queueDeclarePassive(ChannelN.java:48) ~[amqp-client-5.27.1.jar:5.27.1]
	at java.base/jdk.internal.reflect.DirectMethodHandleAccessor.invoke(DirectMethodHandleAccessor.java:103) ~[na:na]
	at java.base/java.lang.reflect.Method.invoke(Method.java:580) ~[na:na]
	at org.springframework.amqp.rabbit.connection.CachingConnectionFactory$CachedChannelInvocationHandler.invoke(CachingConnectionFactory.java:1220) ~[spring-rabbit-4.0.1.jar:4.0.1]
	at jdk.proxy2/jdk.proxy2.$Proxy87.queueDeclarePassive(Unknown Source) ~[na:na]
	at org.springframework.amqp.rabbit.listener.BlockingQueueConsumer.attemptPassiveDeclarations(BlockingQueueConsumer.java:756) ~[spring-rabbit-4.0.1.jar:4.0.1]
	... 5 common frames omitted
Caused by: com.rabbitmq.client.ShutdownSignalException: channel error; protocol method: #method<channel.close>(reply-code=404, reply-text=NOT_FOUND - no queue 'orders.queue' in vhost '/', class-id=50, method-id=10)
	at com.rabbitmq.utility.ValueOrException.getValue(ValueOrException.java:66) ~[amqp-client-5.27.1.jar:5.27.1]
	at com.rabbitmq.utility.BlockingValueOrException.uninterruptibleGetValue(BlockingValueOrException.java:36) ~[amqp-client-5.27.1.jar:5.27.1]
	at com.rabbitmq.client.impl.AMQChannel$BlockingRpcContinuation.getReply(AMQChannel.java:552) ~[amqp-client-5.27.1.jar:5.27.1]
	at com.rabbitmq.client.impl.AMQChannel.privateRpc(AMQChannel.java:316) ~[amqp-client-5.27.1.jar:5.27.1]
	at com.rabbitmq.client.impl.AMQChannel.exnWrappingRpc(AMQChannel.java:152) ~[amqp-client-5.27.1.jar:5.27.1]
	... 12 common frames omitted
Caused by: com.rabbitmq.client.ShutdownSignalException: channel error; protocol method: #method<channel.close>(reply-code=404, reply-text=NOT_FOUND - no queue 'orders.queue' in vhost '/', class-id=50, method-id=10)
	at com.rabbitmq.client.impl.ChannelN.asyncShutdown(ChannelN.java:529) ~[amqp-client-5.27.1.jar:5.27.1]
	at com.rabbitmq.client.impl.ChannelN.processAsync(ChannelN.java:350) ~[amqp-client-5.27.1.jar:5.27.1]
	at com.rabbitmq.client.impl.AMQChannel.handleCompleteInboundCommand(AMQChannel.java:193) ~[amqp-client-5.27.1.jar:5.27.1]
	at com.rabbitmq.client.impl.AMQChannel.handleFrame(AMQChannel.java:125) ~[amqp-client-5.27.1.jar:5.27.1]
	at com.rabbitmq.client.impl.AMQConnection.readFrame(AMQConnection.java:768) ~[amqp-client-5.27.1.jar:5.27.1]
	at com.rabbitmq.client.impl.AMQConnection.access$400(AMQConnection.java:49) ~[amqp-client-5.27.1.jar:5.27.1]
	at com.rabbitmq.client.impl.AMQConnection$MainLoop.run(AMQConnection.java:695) ~[amqp-client-5.27.1.jar:5.27.1]
	... 1 common frames omitted

2026-01-06T11:35:48.500+06:00  WARN [inventory-service,,] 692178 --- [inventory-service] [ntContainer#0-1] o.s.a.r.listener.BlockingQueueConsumer   : Failed to declare queue: orders.queue
2026-01-06T11:35:48.510+06:00  INFO [inventory-service,,] 692178 --- [inventory-service] [           main] c.e.t.i.InventoryServiceApplication      : Started InventoryServiceApplication in 20.424 seconds (process running for 21.749)
2026-01-06T11:35:53.505+06:00 ERROR [inventory-service,,] 692178 --- [inventory-service] [ntContainer#0-1] o.s.a.r.l.SimpleMessageListenerContainer : Consumer threw missing queues exception, fatal=false

org.springframework.amqp.rabbit.listener.QueuesNotAvailableException: Cannot prepare queue for listener. Either the queue doesn't exist or the broker will not allow us to use it.
	at org.springframework.amqp.rabbit.listener.BlockingQueueConsumer.handleDeclarationException(BlockingQueueConsumer.java:728) ~[spring-rabbit-4.0.1.jar:4.0.1]
	at org.springframework.amqp.rabbit.listener.BlockingQueueConsumer.passiveDeclarations(BlockingQueueConsumer.java:662) ~[spring-rabbit-4.0.1.jar:4.0.1]
	at org.springframework.amqp.rabbit.listener.BlockingQueueConsumer.start(BlockingQueueConsumer.java:642) ~[spring-rabbit-4.0.1.jar:4.0.1]
	at org.springframework.amqp.rabbit.listener.SimpleMessageListenerContainer$AsyncMessageProcessingConsumer.initialize(SimpleMessageListenerContainer.java:1524) ~[spring-rabbit-4.0.1.jar:4.0.1]
	at org.springframework.amqp.rabbit.listener.SimpleMessageListenerContainer$AsyncMessageProcessingConsumer.run(SimpleMessageListenerContainer.java:1356) ~[spring-rabbit-4.0.1.jar:4.0.1]
	at java.base/java.lang.Thread.run(Thread.java:1583) ~[na:na]
Caused by: org.springframework.amqp.rabbit.listener.BlockingQueueConsumer$DeclarationException: Failed to declare queue(s):[orders.queue]
	at org.springframework.amqp.rabbit.listener.BlockingQueueConsumer.attemptPassiveDeclarations(BlockingQueueConsumer.java:779) ~[spring-rabbit-4.0.1.jar:4.0.1]
	at org.springframework.amqp.rabbit.listener.BlockingQueueConsumer.passiveDeclarations(BlockingQueueConsumer.java:655) ~[spring-rabbit-4.0.1.jar:4.0.1]
	... 4 common frames omitted
Caused by: java.io.IOException
	at com.rabbitmq.client.impl.AMQChannel.wrap(AMQChannel.java:140) ~[amqp-client-5.27.1.jar:5.27.1]
	at com.rabbitmq.client.impl.AMQChannel.wrap(AMQChannel.java:136) ~[amqp-client-5.27.1.jar:5.27.1]
	at com.rabbitmq.client.impl.AMQChannel.exnWrappingRpc(AMQChannel.java:158) ~[amqp-client-5.27.1.jar:5.27.1]
	at com.rabbitmq.client.impl.ChannelN.queueDeclarePassive(ChannelN.java:1044) ~[amqp-client-5.27.1.jar:5.27.1]
	at com.rabbitmq.client.impl.ChannelN.queueDeclarePassive(ChannelN.java:48) ~[amqp-client-5.27.1.jar:5.27.1]
	at java.base/jdk.internal.reflect.DirectMethodHandleAccessor.invoke(DirectMethodHandleAccessor.java:103) ~[na:na]
	at java.base/java.lang.reflect.Method.invoke(Method.java:580) ~[na:na]
	at org.springframework.amqp.rabbit.connection.CachingConnectionFactory$CachedChannelInvocationHandler.invoke(CachingConnectionFactory.java:1220) ~[spring-rabbit-4.0.1.jar:4.0.1]
	at jdk.proxy2/jdk.proxy2.$Proxy87.queueDeclarePassive(Unknown Source) ~[na:na]
	at org.springframework.amqp.rabbit.listener.BlockingQueueConsumer.attemptPassiveDeclarations(BlockingQueueConsumer.java:756) ~[spring-rabbit-4.0.1.jar:4.0.1]
	... 5 common frames omitted
Caused by: com.rabbitmq.client.ShutdownSignalException: channel error; protocol method: #method<channel.close>(reply-code=404, reply-text=NOT_FOUND - no queue 'orders.queue' in vhost '/', class-id=50, method-id=10)
	at com.rabbitmq.utility.ValueOrException.getValue(ValueOrException.java:66) ~[amqp-client-5.27.1.jar:5.27.1]
	at com.rabbitmq.utility.BlockingValueOrException.uninterruptibleGetValue(BlockingValueOrException.java:36) ~[amqp-client-5.27.1.jar:5.27.1]
	at com.rabbitmq.client.impl.AMQChannel$BlockingRpcContinuation.getReply(AMQChannel.java:552) ~[amqp-client-5.27.1.jar:5.27.1]
	at com.rabbitmq.client.impl.AMQChannel.privateRpc(AMQChannel.java:316) ~[amqp-client-5.27.1.jar:5.27.1]
	at com.rabbitmq.client.impl.AMQChannel.exnWrappingRpc(AMQChannel.java:152) ~[amqp-client-5.27.1.jar:5.27.1]
	... 12 common frames omitted
Caused by: com.rabbitmq.client.ShutdownSignalException: channel error; protocol method: #method<channel.close>(reply-code=404, reply-text=NOT_FOUND - no queue 'orders.queue' in vhost '/', class-id=50, method-id=10)
	at com.rabbitmq.client.impl.ChannelN.asyncShutdown(ChannelN.java:529) ~[amqp-client-5.27.1.jar:5.27.1]
	at com.rabbitmq.client.impl.ChannelN.processAsync(ChannelN.java:350) ~[amqp-client-5.27.1.jar:5.27.1]
	at com.rabbitmq.client.impl.AMQChannel.handleCompleteInboundCommand(AMQChannel.java:193) ~[amqp-client-5.27.1.jar:5.27.1]
	at com.rabbitmq.client.impl.AMQChannel.handleFrame(AMQChannel.java:125) ~[amqp-client-5.27.1.jar:5.27.1]
	at com.rabbitmq.client.impl.AMQConnection.readFrame(AMQConnection.java:768) ~[amqp-client-5.27.1.jar:5.27.1]
	at com.rabbitmq.client.impl.AMQConnection.access$400(AMQConnection.java:49) ~[amqp-client-5.27.1.jar:5.27.1]
	at com.rabbitmq.client.impl.AMQConnection$MainLoop.run(AMQConnection.java:695) ~[amqp-client-5.27.1.jar:5.27.1]
	... 1 common frames omitted

2026-01-06T11:35:53.510+06:00  INFO [inventory-service,,] 692178 --- [inventory-service] [ntContainer#0-1] o.s.a.r.l.SimpleMessageListenerContainer : Restarting Consumer@4df7d9ee: tags=[[]], channel=Cached Rabbit Channel: AMQChannel(amqp://guest@127.0.0.1:5672/,1), conn: Proxy@7a814310 Shared Rabbit Connection: SimpleConnection@6bb4cc0e [delegate=amqp://guest@127.0.0.1:5672/, localPort=51158], acknowledgeMode=AUTO local queue size=0
2026-01-06T11:35:53.519+06:00  WARN [inventory-service,,] 692178 --- [inventory-service] [ntContainer#0-2] o.s.a.r.listener.BlockingQueueConsumer   : Failed to declare queue: orders.queue
2026-01-06T11:35:53.519+06:00  WARN [inventory-service,,] 692178 --- [inventory-service] [ntContainer#0-2] o.s.a.r.listener.BlockingQueueConsumer   : Queue declaration failed; retries left=3

org.springframework.amqp.rabbit.listener.BlockingQueueConsumer$DeclarationException: Failed to declare queue(s):[orders.queue]
	at org.springframework.amqp.rabbit.listener.BlockingQueueConsumer.attemptPassiveDeclarations(BlockingQueueConsumer.java:779) ~[spring-rabbit-4.0.1.jar:4.0.1]
	at org.springframework.amqp.rabbit.listener.BlockingQueueConsumer.passiveDeclarations(BlockingQueueConsumer.java:655) ~[spring-rabbit-4.0.1.jar:4.0.1]
	at org.springframework.amqp.rabbit.listener.BlockingQueueConsumer.start(BlockingQueueConsumer.java:642) ~[spring-rabbit-4.0.1.jar:4.0.1]
	at org.springframework.amqp.rabbit.listener.SimpleMessageListenerContainer$AsyncMessageProcessingConsumer.initialize(SimpleMessageListenerContainer.java:1524) ~[spring-rabbit-4.0.1.jar:4.0.1]
	at org.springframework.amqp.rabbit.listener.SimpleMessageListenerContainer$AsyncMessageProcessingConsumer.run(SimpleMessageListenerContainer.java:1356) ~[spring-rabbit-4.0.1.jar:4.0.1]
	at java.base/java.lang.Thread.run(Thread.java:1583) ~[na:na]
Caused by: java.io.IOException
	at com.rabbitmq.client.impl.AMQChannel.wrap(AMQChannel.java:140) ~[amqp-client-5.27.1.jar:5.27.1]
	at com.rabbitmq.client.impl.AMQChannel.wrap(AMQChannel.java:136) ~[amqp-client-5.27.1.jar:5.27.1]
	at com.rabbitmq.client.impl.AMQChannel.exnWrappingRpc(AMQChannel.java:158) ~[amqp-client-5.27.1.jar:5.27.1]
	at com.rabbitmq.client.impl.ChannelN.queueDeclarePassive(ChannelN.java:1044) ~[amqp-client-5.27.1.jar:5.27.1]
	at com.rabbitmq.client.impl.ChannelN.queueDeclarePassive(ChannelN.java:48) ~[amqp-client-5.27.1.jar:5.27.1]
	at java.base/jdk.internal.reflect.DirectMethodHandleAccessor.invoke(DirectMethodHandleAccessor.java:103) ~[na:na]
	at java.base/java.lang.reflect.Method.invoke(Method.java:580) ~[na:na]
	at org.springframework.amqp.rabbit.connection.CachingConnectionFactory$CachedChannelInvocationHandler.invoke(CachingConnectionFactory.java:1220) ~[spring-rabbit-4.0.1.jar:4.0.1]
	at jdk.proxy2/jdk.proxy2.$Proxy87.queueDeclarePassive(Unknown Source) ~[na:na]
	at org.springframework.amqp.rabbit.listener.BlockingQueueConsumer.attemptPassiveDeclarations(BlockingQueueConsumer.java:756) ~[spring-rabbit-4.0.1.jar:4.0.1]
	... 5 common frames omitted
Caused by: com.rabbitmq.client.ShutdownSignalException: channel error; protocol method: #method<channel.close>(reply-code=404, reply-text=NOT_FOUND - no queue 'orders.queue' in vhost '/', class-id=50, method-id=10)
	at com.rabbitmq.utility.ValueOrException.getValue(ValueOrException.java:66) ~[amqp-client-5.27.1.jar:5.27.1]
	at com.rabbitmq.utility.BlockingValueOrException.uninterruptibleGetValue(BlockingValueOrException.java:36) ~[amqp-client-5.27.1.jar:5.27.1]
	at com.rabbitmq.client.impl.AMQChannel$BlockingRpcContinuation.getReply(AMQChannel.java:552) ~[amqp-client-5.27.1.jar:5.27.1]
	at com.rabbitmq.client.impl.AMQChannel.privateRpc(AMQChannel.java:316) ~[amqp-client-5.27.1.jar:5.27.1]
	at com.rabbitmq.client.impl.AMQChannel.exnWrappingRpc(AMQChannel.java:152) ~[amqp-client-5.27.1.jar:5.27.1]
	... 12 common frames omitted
Caused by: com.rabbitmq.client.ShutdownSignalException: channel error; protocol method: #method<channel.close>(reply-code=404, reply-text=NOT_FOUND - no queue 'orders.queue' in vhost '/', class-id=50, method-id=10)
	at com.rabbitmq.client.impl.ChannelN.asyncShutdown(ChannelN.java:529) ~[amqp-client-5.27.1.jar:5.27.1]
	at com.rabbitmq.client.impl.ChannelN.processAsync(ChannelN.java:350) ~[amqp-client-5.27.1.jar:5.27.1]
	at com.rabbitmq.client.impl.AMQChannel.handleCompleteInboundCommand(AMQChannel.java:193) ~[amqp-client-5.27.1.jar:5.27.1]
	at com.rabbitmq.client.impl.AMQChannel.handleFrame(AMQChannel.java:125) ~[amqp-client-5.27.1.jar:5.27.1]
	at com.rabbitmq.client.impl.AMQConnection.readFrame(AMQConnection.java:768) ~[amqp-client-5.27.1.jar:5.27.1]
	at com.rabbitmq.client.impl.AMQConnection.access$400(AMQConnection.java:49) ~[amqp-client-5.27.1.jar:5.27.1]
	at com.rabbitmq.client.impl.AMQConnection$MainLoop.run(AMQConnection.java:695) ~[amqp-client-5.27.1.jar:5.27.1]
	... 1 common frames omitted

2026-01-06T11:35:58.526+06:00  WARN [inventory-service,,] 692178 --- [inventory-service] [ntContainer#0-2] o.s.a.r.listener.BlockingQueueConsumer   : Failed to declare queue: orders.queue
2026-01-06T11:35:58.527+06:00  WARN [inventory-service,,] 692178 --- [inventory-service] [ntContainer#0-2] o.s.a.r.listener.BlockingQueueConsumer   : Queue declaration failed; retries left=2

org.springframework.amqp.rabbit.listener.BlockingQueueConsumer$DeclarationException: Failed to declare queue(s):[orders.queue]
	at org.springframework.amqp.rabbit.listener.BlockingQueueConsumer.attemptPassiveDeclarations(BlockingQueueConsumer.java:779) ~[spring-rabbit-4.0.1.jar:4.0.1]
	at org.springframework.amqp.rabbit.listener.BlockingQueueConsumer.passiveDeclarations(BlockingQueueConsumer.java:655) ~[spring-rabbit-4.0.1.jar:4.0.1]
	at org.springframework.amqp.rabbit.listener.BlockingQueueConsumer.start(BlockingQueueConsumer.java:642) ~[spring-rabbit-4.0.1.jar:4.0.1]
	at org.springframework.amqp.rabbit.listener.SimpleMessageListenerContainer$AsyncMessageProcessingConsumer.initialize(SimpleMessageListenerContainer.java:1524) ~[spring-rabbit-4.0.1.jar:4.0.1]
	at org.springframework.amqp.rabbit.listener.SimpleMessageListenerContainer$AsyncMessageProcessingConsumer.run(SimpleMessageListenerContainer.java:1356) ~[spring-rabbit-4.0.1.jar:4.0.1]
	at java.base/java.lang.Thread.run(Thread.java:1583) ~[na:na]
Caused by: java.io.IOException
	at com.rabbitmq.client.impl.AMQChannel.wrap(AMQChannel.java:140) ~[amqp-client-5.27.1.jar:5.27.1]
	at com.rabbitmq.client.impl.AMQChannel.wrap(AMQChannel.java:136) ~[amqp-client-5.27.1.jar:5.27.1]
	at com.rabbitmq.client.impl.AMQChannel.exnWrappingRpc(AMQChannel.java:158) ~[amqp-client-5.27.1.jar:5.27.1]
	at com.rabbitmq.client.impl.ChannelN.queueDeclarePassive(ChannelN.java:1044) ~[amqp-client-5.27.1.jar:5.27.1]
	at com.rabbitmq.client.impl.ChannelN.queueDeclarePassive(ChannelN.java:48) ~[amqp-client-5.27.1.jar:5.27.1]
	at java.base/jdk.internal.reflect.DirectMethodHandleAccessor.invoke(DirectMethodHandleAccessor.java:103) ~[na:na]
	at java.base/java.lang.reflect.Method.invoke(Method.java:580) ~[na:na]
	at org.springframework.amqp.rabbit.connection.CachingConnectionFactory$CachedChannelInvocationHandler.invoke(CachingConnectionFactory.java:1220) ~[spring-rabbit-4.0.1.jar:4.0.1]
	at jdk.proxy2/jdk.proxy2.$Proxy87.queueDeclarePassive(Unknown Source) ~[na:na]
	at org.springframework.amqp.rabbit.listener.BlockingQueueConsumer.attemptPassiveDeclarations(BlockingQueueConsumer.java:756) ~[spring-rabbit-4.0.1.jar:4.0.1]
	... 5 common frames omitted
Caused by: com.rabbitmq.client.ShutdownSignalException: channel error; protocol method: #method<channel.close>(reply-code=404, reply-text=NOT_FOUND - no queue 'orders.queue' in vhost '/', class-id=50, method-id=10)
	at com.rabbitmq.utility.ValueOrException.getValue(ValueOrException.java:66) ~[amqp-client-5.27.1.jar:5.27.1]
	at com.rabbitmq.utility.BlockingValueOrException.uninterruptibleGetValue(BlockingValueOrException.java:36) ~[amqp-client-5.27.1.jar:5.27.1]
	at com.rabbitmq.client.impl.AMQChannel$BlockingRpcContinuation.getReply(AMQChannel.java:552) ~[amqp-client-5.27.1.jar:5.27.1]
	at com.rabbitmq.client.impl.AMQChannel.privateRpc(AMQChannel.java:316) ~[amqp-client-5.27.1.jar:5.27.1]
	at com.rabbitmq.client.impl.AMQChannel.exnWrappingRpc(AMQChannel.java:152) ~[amqp-client-5.27.1.jar:5.27.1]
	... 12 common frames omitted
Caused by: com.rabbitmq.client.ShutdownSignalException: channel error; protocol method: #method<channel.close>(reply-code=404, reply-text=NOT_FOUND - no queue 'orders.queue' in vhost '/', class-id=50, method-id=10)
	at com.rabbitmq.client.impl.ChannelN.asyncShutdown(ChannelN.java:529) ~[amqp-client-5.27.1.jar:5.27.1]
	at com.rabbitmq.client.impl.ChannelN.processAsync(ChannelN.java:350) ~[amqp-client-5.27.1.jar:5.27.1]
	at com.rabbitmq.client.impl.AMQChannel.handleCompleteInboundCommand(AMQChannel.java:193) ~[amqp-client-5.27.1.jar:5.27.1]
	at com.rabbitmq.client.impl.AMQChannel.handleFrame(AMQChannel.java:125) ~[amqp-client-5.27.1.jar:5.27.1]
	at com.rabbitmq.client.impl.AMQConnection.readFrame(AMQConnection.java:768) ~[amqp-client-5.27.1.jar:5.27.1]
	at com.rabbitmq.client.impl.AMQConnection.access$400(AMQConnection.java:49) ~[amqp-client-5.27.1.jar:5.27.1]
	at com.rabbitmq.client.impl.AMQConnection$MainLoop.run(AMQConnection.java:695) ~[amqp-client-5.27.1.jar:5.27.1]
	... 1 common frames omitted

2026-01-06T11:36:03.533+06:00  WARN [inventory-service,,] 692178 --- [inventory-service] [ntContainer#0-2] o.s.a.r.listener.BlockingQueueConsumer   : Failed to declare queue: orders.queue
2026-01-06T11:36:03.534+06:00  WARN [inventory-service,,] 692178 --- [inventory-service] [ntContainer#0-2] o.s.a.r.listener.BlockingQueueConsumer   : Queue declaration failed; retries left=1

org.springframework.amqp.rabbit.listener.BlockingQueueConsumer$DeclarationException: Failed to declare queue(s):[orders.queue]
	at org.springframework.amqp.rabbit.listener.BlockingQueueConsumer.attemptPassiveDeclarations(BlockingQueueConsumer.java:779) ~[spring-rabbit-4.0.1.jar:4.0.1]
	at org.springframework.amqp.rabbit.listener.BlockingQueueConsumer.passiveDeclarations(BlockingQueueConsumer.java:655) ~[spring-rabbit-4.0.1.jar:4.0.1]
	at org.springframework.amqp.rabbit.listener.BlockingQueueConsumer.start(BlockingQueueConsumer.java:642) ~[spring-rabbit-4.0.1.jar:4.0.1]
	at org.springframework.amqp.rabbit.listener.SimpleMessageListenerContainer$AsyncMessageProcessingConsumer.initialize(SimpleMessageListenerContainer.java:1524) ~[spring-rabbit-4.0.1.jar:4.0.1]
	at org.springframework.amqp.rabbit.listener.SimpleMessageListenerContainer$AsyncMessageProcessingConsumer.run(SimpleMessageListenerContainer.java:1356) ~[spring-rabbit-4.0.1.jar:4.0.1]
	at java.base/java.lang.Thread.run(Thread.java:1583) ~[na:na]
Caused by: java.io.IOException
	at com.rabbitmq.client.impl.AMQChannel.wrap(AMQChannel.java:140) ~[amqp-client-5.27.1.jar:5.27.1]
	at com.rabbitmq.client.impl.AMQChannel.wrap(AMQChannel.java:136) ~[amqp-client-5.27.1.jar:5.27.1]
	at com.rabbitmq.client.impl.AMQChannel.exnWrappingRpc(AMQChannel.java:158) ~[amqp-client-5.27.1.jar:5.27.1]
	at com.rabbitmq.client.impl.ChannelN.queueDeclarePassive(ChannelN.java:1044) ~[amqp-client-5.27.1.jar:5.27.1]
	at com.rabbitmq.client.impl.ChannelN.queueDeclarePassive(ChannelN.java:48) ~[amqp-client-5.27.1.jar:5.27.1]
	at java.base/jdk.internal.reflect.DirectMethodHandleAccessor.invoke(DirectMethodHandleAccessor.java:103) ~[na:na]
	at java.base/java.lang.reflect.Method.invoke(Method.java:580) ~[na:na]
	at org.springframework.amqp.rabbit.connection.CachingConnectionFactory$CachedChannelInvocationHandler.invoke(CachingConnectionFactory.java:1220) ~[spring-rabbit-4.0.1.jar:4.0.1]
	at jdk.proxy2/jdk.proxy2.$Proxy87.queueDeclarePassive(Unknown Source) ~[na:na]
	at org.springframework.amqp.rabbit.listener.BlockingQueueConsumer.attemptPassiveDeclarations(BlockingQueueConsumer.java:756) ~[spring-rabbit-4.0.1.jar:4.0.1]
	... 5 common frames omitted
Caused by: com.rabbitmq.client.ShutdownSignalException: channel error; protocol method: #method<channel.close>(reply-code=404, reply-text=NOT_FOUND - no queue 'orders.queue' in vhost '/', class-id=50, method-id=10)
	at com.rabbitmq.utility.ValueOrException.getValue(ValueOrException.java:66) ~[amqp-client-5.27.1.jar:5.27.1]
	at com.rabbitmq.utility.BlockingValueOrException.uninterruptibleGetValue(BlockingValueOrException.java:36) ~[amqp-client-5.27.1.jar:5.27.1]
	at com.rabbitmq.client.impl.AMQChannel$BlockingRpcContinuation.getReply(AMQChannel.java:552) ~[amqp-client-5.27.1.jar:5.27.1]
	at com.rabbitmq.client.impl.AMQChannel.privateRpc(AMQChannel.java:316) ~[amqp-client-5.27.1.jar:5.27.1]
	at com.rabbitmq.client.impl.AMQChannel.exnWrappingRpc(AMQChannel.java:152) ~[amqp-client-5.27.1.jar:5.27.1]
	... 12 common frames omitted
Caused by: com.rabbitmq.client.ShutdownSignalException: channel error; protocol method: #method<channel.close>(reply-code=404, reply-text=NOT_FOUND - no queue 'orders.queue' in vhost '/', class-id=50, method-id=10)
	at com.rabbitmq.client.impl.ChannelN.asyncShutdown(ChannelN.java:529) ~[amqp-client-5.27.1.jar:5.27.1]
	at com.rabbitmq.client.impl.ChannelN.processAsync(ChannelN.java:350) ~[amqp-client-5.27.1.jar:5.27.1]
	at com.rabbitmq.client.impl.AMQChannel.handleCompleteInboundCommand(AMQChannel.java:193) ~[amqp-client-5.27.1.jar:5.27.1]
	at com.rabbitmq.client.impl.AMQChannel.handleFrame(AMQChannel.java:125) ~[amqp-client-5.27.1.jar:5.27.1]
	at com.rabbitmq.client.impl.AMQConnection.readFrame(AMQConnection.java:768) ~[amqp-client-5.27.1.jar:5.27.1]
	at com.rabbitmq.client.impl.AMQConnection.access$400(AMQConnection.java:49) ~[amqp-client-5.27.1.jar:5.27.1]
	at com.rabbitmq.client.impl.AMQConnection$MainLoop.run(AMQConnection.java:695) ~[amqp-client-5.27.1.jar:5.27.1]
	... 1 common frames omitted

2026-01-06T11:36:08.541+06:00  WARN [inventory-service,,] 692178 --- [inventory-service] [ntContainer#0-2] o.s.a.r.listener.BlockingQueueConsumer   : Failed to declare queue: orders.queue
2026-01-06T11:36:13.548+06:00 ERROR [inventory-service,,] 692178 --- [inventory-service] [ntContainer#0-2] o.s.a.r.l.SimpleMessageListenerContainer : Consumer threw missing queues exception, fatal=false

org.springframework.amqp.rabbit.listener.QueuesNotAvailableException: Cannot prepare queue for listener. Either the queue doesn't exist or the broker will not allow us to use it.
	at org.springframework.amqp.rabbit.listener.BlockingQueueConsumer.handleDeclarationException(BlockingQueueConsumer.java:728) ~[spring-rabbit-4.0.1.jar:4.0.1]
	at org.springframework.amqp.rabbit.listener.BlockingQueueConsumer.passiveDeclarations(BlockingQueueConsumer.java:662) ~[spring-rabbit-4.0.1.jar:4.0.1]
	at org.springframework.amqp.rabbit.listener.BlockingQueueConsumer.start(BlockingQueueConsumer.java:642) ~[spring-rabbit-4.0.1.jar:4.0.1]
	at org.springframework.amqp.rabbit.listener.SimpleMessageListenerContainer$AsyncMessageProcessingConsumer.initialize(SimpleMessageListenerContainer.java:1524) ~[spring-rabbit-4.0.1.jar:4.0.1]
	at org.springframework.amqp.rabbit.listener.SimpleMessageListenerContainer$AsyncMessageProcessingConsumer.run(SimpleMessageListenerContainer.java:1356) ~[spring-rabbit-4.0.1.jar:4.0.1]
	at java.base/java.lang.Thread.run(Thread.java:1583) ~[na:na]
Caused by: org.springframework.amqp.rabbit.listener.BlockingQueueConsumer$DeclarationException: Failed to declare queue(s):[orders.queue]
	at org.springframework.amqp.rabbit.listener.BlockingQueueConsumer.attemptPassiveDeclarations(BlockingQueueConsumer.java:779) ~[spring-rabbit-4.0.1.jar:4.0.1]
	at org.springframework.amqp.rabbit.listener.BlockingQueueConsumer.passiveDeclarations(BlockingQueueConsumer.java:655) ~[spring-rabbit-4.0.1.jar:4.0.1]
	... 4 common frames omitted
Caused by: java.io.IOException
	at com.rabbitmq.client.impl.AMQChannel.wrap(AMQChannel.java:140) ~[amqp-client-5.27.1.jar:5.27.1]
	at com.rabbitmq.client.impl.AMQChannel.wrap(AMQChannel.java:136) ~[amqp-client-5.27.1.jar:5.27.1]
	at com.rabbitmq.client.impl.AMQChannel.exnWrappingRpc(AMQChannel.java:158) ~[amqp-client-5.27.1.jar:5.27.1]
	at com.rabbitmq.client.impl.ChannelN.queueDeclarePassive(ChannelN.java:1044) ~[amqp-client-5.27.1.jar:5.27.1]
	at com.rabbitmq.client.impl.ChannelN.queueDeclarePassive(ChannelN.java:48) ~[amqp-client-5.27.1.jar:5.27.1]
	at java.base/jdk.internal.reflect.DirectMethodHandleAccessor.invoke(DirectMethodHandleAccessor.java:103) ~[na:na]
	at java.base/java.lang.reflect.Method.invoke(Method.java:580) ~[na:na]
	at org.springframework.amqp.rabbit.connection.CachingConnectionFactory$CachedChannelInvocationHandler.invoke(CachingConnectionFactory.java:1220) ~[spring-rabbit-4.0.1.jar:4.0.1]
	at jdk.proxy2/jdk.proxy2.$Proxy87.queueDeclarePassive(Unknown Source) ~[na:na]
	at org.springframework.amqp.rabbit.listener.BlockingQueueConsumer.attemptPassiveDeclarations(BlockingQueueConsumer.java:756) ~[spring-rabbit-4.0.1.jar:4.0.1]
	... 5 common frames omitted
Caused by: com.rabbitmq.client.ShutdownSignalException: channel error; protocol method: #method<channel.close>(reply-code=404, reply-text=NOT_FOUND - no queue 'orders.queue' in vhost '/', class-id=50, method-id=10)
	at com.rabbitmq.utility.ValueOrException.getValue(ValueOrException.java:66) ~[amqp-client-5.27.1.jar:5.27.1]
	at com.rabbitmq.utility.BlockingValueOrException.uninterruptibleGetValue(BlockingValueOrException.java:36) ~[amqp-client-5.27.1.jar:5.27.1]
	at com.rabbitmq.client.impl.AMQChannel$BlockingRpcContinuation.getReply(AMQChannel.java:552) ~[amqp-client-5.27.1.jar:5.27.1]
	at com.rabbitmq.client.impl.AMQChannel.privateRpc(AMQChannel.java:316) ~[amqp-client-5.27.1.jar:5.27.1]
	at com.rabbitmq.client.impl.AMQChannel.exnWrappingRpc(AMQChannel.java:152) ~[amqp-client-5.27.1.jar:5.27.1]
	... 12 common frames omitted
Caused by: com.rabbitmq.client.ShutdownSignalException: channel error; protocol method: #method<channel.close>(reply-code=404, reply-text=NOT_FOUND - no queue 'orders.queue' in vhost '/', class-id=50, method-id=10)
	at com.rabbitmq.client.impl.ChannelN.asyncShutdown(ChannelN.java:529) ~[amqp-client-5.27.1.jar:5.27.1]
	at com.rabbitmq.client.impl.ChannelN.processAsync(ChannelN.java:350) ~[amqp-client-5.27.1.jar:5.27.1]
	at com.rabbitmq.client.impl.AMQChannel.handleCompleteInboundCommand(AMQChannel.java:193) ~[amqp-client-5.27.1.jar:5.27.1]
	at com.rabbitmq.client.impl.AMQChannel.handleFrame(AMQChannel.java:125) ~[amqp-client-5.27.1.jar:5.27.1]
	at com.rabbitmq.client.impl.AMQConnection.readFrame(AMQConnection.java:768) ~[amqp-client-5.27.1.jar:5.27.1]
	at com.rabbitmq.client.impl.AMQConnection.access$400(AMQConnection.java:49) ~[amqp-client-5.27.1.jar:5.27.1]
	at com.rabbitmq.client.impl.AMQConnection$MainLoop.run(AMQConnection.java:695) ~[amqp-client-5.27.1.jar:5.27.1]
	... 1 common frames omitted

2026-01-06T11:36:13.551+06:00  INFO [inventory-service,,] 692178 --- [inventory-service] [ntContainer#0-2] o.s.a.r.l.SimpleMessageListenerContainer : Restarting Consumer@1558519d: tags=[[]], channel=Cached Rabbit Channel: AMQChannel(amqp://guest@127.0.0.1:5672/,1), conn: Proxy@7a814310 Shared Rabbit Connection: SimpleConnection@6bb4cc0e [delegate=amqp://guest@127.0.0.1:5672/, localPort=51158], acknowledgeMode=AUTO local queue size=0
2026-01-06T11:36:13.568+06:00  WARN [inventory-service,,] 692178 --- [inventory-service] [ntContainer#0-3] o.s.a.r.listener.BlockingQueueConsumer   : Failed to declare queue: orders.queue
2026-01-06T11:36:13.569+06:00  WARN [inventory-service,,] 692178 --- [inventory-service] [ntContainer#0-3] o.s.a.r.listener.BlockingQueueConsumer   : Queue declaration failed; retries left=3

org.springframework.amqp.rabbit.listener.BlockingQueueConsumer$DeclarationException: Failed to declare queue(s):[orders.queue]
	at org.springframework.amqp.rabbit.listener.BlockingQueueConsumer.attemptPassiveDeclarations(BlockingQueueConsumer.java:779) ~[spring-rabbit-4.0.1.jar:4.0.1]
	at org.springframework.amqp.rabbit.listener.BlockingQueueConsumer.passiveDeclarations(BlockingQueueConsumer.java:655) ~[spring-rabbit-4.0.1.jar:4.0.1]
	at org.springframework.amqp.rabbit.listener.BlockingQueueConsumer.start(BlockingQueueConsumer.java:642) ~[spring-rabbit-4.0.1.jar:4.0.1]
	at org.springframework.amqp.rabbit.listener.SimpleMessageListenerContainer$AsyncMessageProcessingConsumer.initialize(SimpleMessageListenerContainer.java:1524) ~[spring-rabbit-4.0.1.jar:4.0.1]
	at org.springframework.amqp.rabbit.listener.SimpleMessageListenerContainer$AsyncMessageProcessingConsumer.run(SimpleMessageListenerContainer.java:1356) ~[spring-rabbit-4.0.1.jar:4.0.1]
	at java.base/java.lang.Thread.run(Thread.java:1583) ~[na:na]
Caused by: java.io.IOException
	at com.rabbitmq.client.impl.AMQChannel.wrap(AMQChannel.java:140) ~[amqp-client-5.27.1.jar:5.27.1]
	at com.rabbitmq.client.impl.AMQChannel.wrap(AMQChannel.java:136) ~[amqp-client-5.27.1.jar:5.27.1]
	at com.rabbitmq.client.impl.AMQChannel.exnWrappingRpc(AMQChannel.java:158) ~[amqp-client-5.27.1.jar:5.27.1]
	at com.rabbitmq.client.impl.ChannelN.queueDeclarePassive(ChannelN.java:1044) ~[amqp-client-5.27.1.jar:5.27.1]
	at com.rabbitmq.client.impl.ChannelN.queueDeclarePassive(ChannelN.java:48) ~[amqp-client-5.27.1.jar:5.27.1]
	at java.base/jdk.internal.reflect.DirectMethodHandleAccessor.invoke(DirectMethodHandleAccessor.java:103) ~[na:na]
	at java.base/java.lang.reflect.Method.invoke(Method.java:580) ~[na:na]
	at org.springframework.amqp.rabbit.connection.CachingConnectionFactory$CachedChannelInvocationHandler.invoke(CachingConnectionFactory.java:1220) ~[spring-rabbit-4.0.1.jar:4.0.1]
	at jdk.proxy2/jdk.proxy2.$Proxy87.queueDeclarePassive(Unknown Source) ~[na:na]
	at org.springframework.amqp.rabbit.listener.BlockingQueueConsumer.attemptPassiveDeclarations(BlockingQueueConsumer.java:756) ~[spring-rabbit-4.0.1.jar:4.0.1]
	... 5 common frames omitted
Caused by: com.rabbitmq.client.ShutdownSignalException: channel error; protocol method: #method<channel.close>(reply-code=404, reply-text=NOT_FOUND - no queue 'orders.queue' in vhost '/', class-id=50, method-id=10)
	at com.rabbitmq.utility.ValueOrException.getValue(ValueOrException.java:66) ~[amqp-client-5.27.1.jar:5.27.1]
	at com.rabbitmq.utility.BlockingValueOrException.uninterruptibleGetValue(BlockingValueOrException.java:36) ~[amqp-client-5.27.1.jar:5.27.1]
	at com.rabbitmq.client.impl.AMQChannel$BlockingRpcContinuation.getReply(AMQChannel.java:552) ~[amqp-client-5.27.1.jar:5.27.1]
	at com.rabbitmq.client.impl.AMQChannel.privateRpc(AMQChannel.java:316) ~[amqp-client-5.27.1.jar:5.27.1]
	at com.rabbitmq.client.impl.AMQChannel.exnWrappingRpc(AMQChannel.java:152) ~[amqp-client-5.27.1.jar:5.27.1]
	... 12 common frames omitted
Caused by: com.rabbitmq.client.ShutdownSignalException: channel error; protocol method: #method<channel.close>(reply-code=404, reply-text=NOT_FOUND - no queue 'orders.queue' in vhost '/', class-id=50, method-id=10)
	at com.rabbitmq.client.impl.ChannelN.asyncShutdown(ChannelN.java:529) ~[amqp-client-5.27.1.jar:5.27.1]
	at com.rabbitmq.client.impl.ChannelN.processAsync(ChannelN.java:350) ~[amqp-client-5.27.1.jar:5.27.1]
	at com.rabbitmq.client.impl.AMQChannel.handleCompleteInboundCommand(AMQChannel.java:193) ~[amqp-client-5.27.1.jar:5.27.1]
	at com.rabbitmq.client.impl.AMQChannel.handleFrame(AMQChannel.java:125) ~[amqp-client-5.27.1.jar:5.27.1]
	at com.rabbitmq.client.impl.AMQConnection.readFrame(AMQConnection.java:768) ~[amqp-client-5.27.1.jar:5.27.1]
	at com.rabbitmq.client.impl.AMQConnection.access$400(AMQConnection.java:49) ~[amqp-client-5.27.1.jar:5.27.1]
	at com.rabbitmq.client.impl.AMQConnection$MainLoop.run(AMQConnection.java:695) ~[amqp-client-5.27.1.jar:5.27.1]
	... 1 common frames omitted

2026-01-06T11:36:18.578+06:00  WARN [inventory-service,,] 692178 --- [inventory-service] [ntContainer#0-3] o.s.a.r.listener.BlockingQueueConsumer   : Failed to declare queue: orders.queue
2026-01-06T11:36:18.578+06:00  WARN [inventory-service,,] 692178 --- [inventory-service] [ntContainer#0-3] o.s.a.r.listener.BlockingQueueConsumer   : Queue declaration failed; retries left=2

org.springframework.amqp.rabbit.listener.BlockingQueueConsumer$DeclarationException: Failed to declare queue(s):[orders.queue]
	at org.springframework.amqp.rabbit.listener.BlockingQueueConsumer.attemptPassiveDeclarations(BlockingQueueConsumer.java:779) ~[spring-rabbit-4.0.1.jar:4.0.1]
	at org.springframework.amqp.rabbit.listener.BlockingQueueConsumer.passiveDeclarations(BlockingQueueConsumer.java:655) ~[spring-rabbit-4.0.1.jar:4.0.1]
	at org.springframework.amqp.rabbit.listener.BlockingQueueConsumer.start(BlockingQueueConsumer.java:642) ~[spring-rabbit-4.0.1.jar:4.0.1]
	at org.springframework.amqp.rabbit.listener.SimpleMessageListenerContainer$AsyncMessageProcessingConsumer.initialize(SimpleMessageListenerContainer.java:1524) ~[spring-rabbit-4.0.1.jar:4.0.1]
	at org.springframework.amqp.rabbit.listener.SimpleMessageListenerContainer$AsyncMessageProcessingConsumer.run(SimpleMessageListenerContainer.java:1356) ~[spring-rabbit-4.0.1.jar:4.0.1]
	at java.base/java.lang.Thread.run(Thread.java:1583) ~[na:na]
Caused by: java.io.IOException
	at com.rabbitmq.client.impl.AMQChannel.wrap(AMQChannel.java:140) ~[amqp-client-5.27.1.jar:5.27.1]
	at com.rabbitmq.client.impl.AMQChannel.wrap(AMQChannel.java:136) ~[amqp-client-5.27.1.jar:5.27.1]
	at com.rabbitmq.client.impl.AMQChannel.exnWrappingRpc(AMQChannel.java:158) ~[amqp-client-5.27.1.jar:5.27.1]
	at com.rabbitmq.client.impl.ChannelN.queueDeclarePassive(ChannelN.java:1044) ~[amqp-client-5.27.1.jar:5.27.1]
	at com.rabbitmq.client.impl.ChannelN.queueDeclarePassive(ChannelN.java:48) ~[amqp-client-5.27.1.jar:5.27.1]
	at java.base/jdk.internal.reflect.DirectMethodHandleAccessor.invoke(DirectMethodHandleAccessor.java:103) ~[na:na]
	at java.base/java.lang.reflect.Method.invoke(Method.java:580) ~[na:na]
	at org.springframework.amqp.rabbit.connection.CachingConnectionFactory$CachedChannelInvocationHandler.invoke(CachingConnectionFactory.java:1220) ~[spring-rabbit-4.0.1.jar:4.0.1]
	at jdk.proxy2/jdk.proxy2.$Proxy87.queueDeclarePassive(Unknown Source) ~[na:na]
	at org.springframework.amqp.rabbit.listener.BlockingQueueConsumer.attemptPassiveDeclarations(BlockingQueueConsumer.java:756) ~[spring-rabbit-4.0.1.jar:4.0.1]
	... 5 common frames omitted
Caused by: com.rabbitmq.client.ShutdownSignalException: channel error; protocol method: #method<channel.close>(reply-code=404, reply-text=NOT_FOUND - no queue 'orders.queue' in vhost '/', class-id=50, method-id=10)
	at com.rabbitmq.utility.ValueOrException.getValue(ValueOrException.java:66) ~[amqp-client-5.27.1.jar:5.27.1]
	at com.rabbitmq.utility.BlockingValueOrException.uninterruptibleGetValue(BlockingValueOrException.java:36) ~[amqp-client-5.27.1.jar:5.27.1]
	at com.rabbitmq.client.impl.AMQChannel$BlockingRpcContinuation.getReply(AMQChannel.java:552) ~[amqp-client-5.27.1.jar:5.27.1]
	at com.rabbitmq.client.impl.AMQChannel.privateRpc(AMQChannel.java:316) ~[amqp-client-5.27.1.jar:5.27.1]
	at com.rabbitmq.client.impl.AMQChannel.exnWrappingRpc(AMQChannel.java:152) ~[amqp-client-5.27.1.jar:5.27.1]
	... 12 common frames omitted
Caused by: com.rabbitmq.client.ShutdownSignalException: channel error; protocol method: #method<channel.close>(reply-code=404, reply-text=NOT_FOUND - no queue 'orders.queue' in vhost '/', class-id=50, method-id=10)
	at com.rabbitmq.client.impl.ChannelN.asyncShutdown(ChannelN.java:529) ~[amqp-client-5.27.1.jar:5.27.1]
	at com.rabbitmq.client.impl.ChannelN.processAsync(ChannelN.java:350) ~[amqp-client-5.27.1.jar:5.27.1]
	at com.rabbitmq.client.impl.AMQChannel.handleCompleteInboundCommand(AMQChannel.java:193) ~[amqp-client-5.27.1.jar:5.27.1]
	at com.rabbitmq.client.impl.AMQChannel.handleFrame(AMQChannel.java:125) ~[amqp-client-5.27.1.jar:5.27.1]
	at com.rabbitmq.client.impl.AMQConnection.readFrame(AMQConnection.java:768) ~[amqp-client-5.27.1.jar:5.27.1]
	at com.rabbitmq.client.impl.AMQConnection.access$400(AMQConnection.java:49) ~[amqp-client-5.27.1.jar:5.27.1]
	at com.rabbitmq.client.impl.AMQConnection$MainLoop.run(AMQConnection.java:695) ~[amqp-client-5.27.1.jar:5.27.1]
	... 1 common frames omitted

2026-01-06T11:36:23.585+06:00  WARN [inventory-service,,] 692178 --- [inventory-service] [ntContainer#0-3] o.s.a.r.listener.BlockingQueueConsumer   : Failed to declare queue: orders.queue
2026-01-06T11:36:23.587+06:00  WARN [inventory-service,,] 692178 --- [inventory-service] [ntContainer#0-3] o.s.a.r.listener.BlockingQueueConsumer   : Queue declaration failed; retries left=1

org.springframework.amqp.rabbit.listener.BlockingQueueConsumer$DeclarationException: Failed to declare queue(s):[orders.queue]
	at org.springframework.amqp.rabbit.listener.BlockingQueueConsumer.attemptPassiveDeclarations(BlockingQueueConsumer.java:779) ~[spring-rabbit-4.0.1.jar:4.0.1]
	at org.springframework.amqp.rabbit.listener.BlockingQueueConsumer.passiveDeclarations(BlockingQueueConsumer.java:655) ~[spring-rabbit-4.0.1.jar:4.0.1]
	at org.springframework.amqp.rabbit.listener.BlockingQueueConsumer.start(BlockingQueueConsumer.java:642) ~[spring-rabbit-4.0.1.jar:4.0.1]
	at org.springframework.amqp.rabbit.listener.SimpleMessageListenerContainer$AsyncMessageProcessingConsumer.initialize(SimpleMessageListenerContainer.java:1524) ~[spring-rabbit-4.0.1.jar:4.0.1]
	at org.springframework.amqp.rabbit.listener.SimpleMessageListenerContainer$AsyncMessageProcessingConsumer.run(SimpleMessageListenerContainer.java:1356) ~[spring-rabbit-4.0.1.jar:4.0.1]
	at java.base/java.lang.Thread.run(Thread.java:1583) ~[na:na]
Caused by: java.io.IOException
	at com.rabbitmq.client.impl.AMQChannel.wrap(AMQChannel.java:140) ~[amqp-client-5.27.1.jar:5.27.1]
	at com.rabbitmq.client.impl.AMQChannel.wrap(AMQChannel.java:136) ~[amqp-client-5.27.1.jar:5.27.1]
	at com.rabbitmq.client.impl.AMQChannel.exnWrappingRpc(AMQChannel.java:158) ~[amqp-client-5.27.1.jar:5.27.1]
	at com.rabbitmq.client.impl.ChannelN.queueDeclarePassive(ChannelN.java:1044) ~[amqp-client-5.27.1.jar:5.27.1]
	at com.rabbitmq.client.impl.ChannelN.queueDeclarePassive(ChannelN.java:48) ~[amqp-client-5.27.1.jar:5.27.1]
	at java.base/jdk.internal.reflect.DirectMethodHandleAccessor.invoke(DirectMethodHandleAccessor.java:103) ~[na:na]
	at java.base/java.lang.reflect.Method.invoke(Method.java:580) ~[na:na]
	at org.springframework.amqp.rabbit.connection.CachingConnectionFactory$CachedChannelInvocationHandler.invoke(CachingConnectionFactory.java:1220) ~[spring-rabbit-4.0.1.jar:4.0.1]
	at jdk.proxy2/jdk.proxy2.$Proxy87.queueDeclarePassive(Unknown Source) ~[na:na]
	at org.springframework.amqp.rabbit.listener.BlockingQueueConsumer.attemptPassiveDeclarations(BlockingQueueConsumer.java:756) ~[spring-rabbit-4.0.1.jar:4.0.1]
	... 5 common frames omitted
Caused by: com.rabbitmq.client.ShutdownSignalException: channel error; protocol method: #method<channel.close>(reply-code=404, reply-text=NOT_FOUND - no queue 'orders.queue' in vhost '/', class-id=50, method-id=10)
	at com.rabbitmq.utility.ValueOrException.getValue(ValueOrException.java:66) ~[amqp-client-5.27.1.jar:5.27.1]
	at com.rabbitmq.utility.BlockingValueOrException.uninterruptibleGetValue(BlockingValueOrException.java:36) ~[amqp-client-5.27.1.jar:5.27.1]
	at com.rabbitmq.client.impl.AMQChannel$BlockingRpcContinuation.getReply(AMQChannel.java:552) ~[amqp-client-5.27.1.jar:5.27.1]
	at com.rabbitmq.client.impl.AMQChannel.privateRpc(AMQChannel.java:316) ~[amqp-client-5.27.1.jar:5.27.1]
	at com.rabbitmq.client.impl.AMQChannel.exnWrappingRpc(AMQChannel.java:152) ~[amqp-client-5.27.1.jar:5.27.1]
	... 12 common frames omitted
Caused by: com.rabbitmq.client.ShutdownSignalException: channel error; protocol method: #method<channel.close>(reply-code=404, reply-text=NOT_FOUND - no queue 'orders.queue' in vhost '/', class-id=50, method-id=10)
	at com.rabbitmq.client.impl.ChannelN.asyncShutdown(ChannelN.java:529) ~[amqp-client-5.27.1.jar:5.27.1]
	at com.rabbitmq.client.impl.ChannelN.processAsync(ChannelN.java:350) ~[amqp-client-5.27.1.jar:5.27.1]
	at com.rabbitmq.client.impl.AMQChannel.handleCompleteInboundCommand(AMQChannel.java:193) ~[amqp-client-5.27.1.jar:5.27.1]
	at com.rabbitmq.client.impl.AMQChannel.handleFrame(AMQChannel.java:125) ~[amqp-client-5.27.1.jar:5.27.1]
	at com.rabbitmq.client.impl.AMQConnection.readFrame(AMQConnection.java:768) ~[amqp-client-5.27.1.jar:5.27.1]
	at com.rabbitmq.client.impl.AMQConnection.access$400(AMQConnection.java:49) ~[amqp-client-5.27.1.jar:5.27.1]
	at com.rabbitmq.client.impl.AMQConnection$MainLoop.run(AMQConnection.java:695) ~[amqp-client-5.27.1.jar:5.27.1]
	... 1 common frames omitted

2026-01-06T11:36:28.596+06:00  WARN [inventory-service,,] 692178 --- [inventory-service] [ntContainer#0-3] o.s.a.r.listener.BlockingQueueConsumer   : Failed to declare queue: orders.queue
2026-01-06T11:36:33.603+06:00 ERROR [inventory-service,,] 692178 --- [inventory-service] [ntContainer#0-3] o.s.a.r.l.SimpleMessageListenerContainer : Consumer threw missing queues exception, fatal=false

org.springframework.amqp.rabbit.listener.QueuesNotAvailableException: Cannot prepare queue for listener. Either the queue doesn't exist or the broker will not allow us to use it.
	at org.springframework.amqp.rabbit.listener.BlockingQueueConsumer.handleDeclarationException(BlockingQueueConsumer.java:728) ~[spring-rabbit-4.0.1.jar:4.0.1]
	at org.springframework.amqp.rabbit.listener.BlockingQueueConsumer.passiveDeclarations(BlockingQueueConsumer.java:662) ~[spring-rabbit-4.0.1.jar:4.0.1]
	at org.springframework.amqp.rabbit.listener.BlockingQueueConsumer.start(BlockingQueueConsumer.java:642) ~[spring-rabbit-4.0.1.jar:4.0.1]
	at org.springframework.amqp.rabbit.listener.SimpleMessageListenerContainer$AsyncMessageProcessingConsumer.initialize(SimpleMessageListenerContainer.java:1524) ~[spring-rabbit-4.0.1.jar:4.0.1]
	at org.springframework.amqp.rabbit.listener.SimpleMessageListenerContainer$AsyncMessageProcessingConsumer.run(SimpleMessageListenerContainer.java:1356) ~[spring-rabbit-4.0.1.jar:4.0.1]
	at java.base/java.lang.Thread.run(Thread.java:1583) ~[na:na]
Caused by: org.springframework.amqp.rabbit.listener.BlockingQueueConsumer$DeclarationException: Failed to declare queue(s):[orders.queue]
	at org.springframework.amqp.rabbit.listener.BlockingQueueConsumer.attemptPassiveDeclarations(BlockingQueueConsumer.java:779) ~[spring-rabbit-4.0.1.jar:4.0.1]
	at org.springframework.amqp.rabbit.listener.BlockingQueueConsumer.passiveDeclarations(BlockingQueueConsumer.java:655) ~[spring-rabbit-4.0.1.jar:4.0.1]
	... 4 common frames omitted
Caused by: java.io.IOException
	at com.rabbitmq.client.impl.AMQChannel.wrap(AMQChannel.java:140) ~[amqp-client-5.27.1.jar:5.27.1]
	at com.rabbitmq.client.impl.AMQChannel.wrap(AMQChannel.java:136) ~[amqp-client-5.27.1.jar:5.27.1]
	at com.rabbitmq.client.impl.AMQChannel.exnWrappingRpc(AMQChannel.java:158) ~[amqp-client-5.27.1.jar:5.27.1]
	at com.rabbitmq.client.impl.ChannelN.queueDeclarePassive(ChannelN.java:1044) ~[amqp-client-5.27.1.jar:5.27.1]
	at com.rabbitmq.client.impl.ChannelN.queueDeclarePassive(ChannelN.java:48) ~[amqp-client-5.27.1.jar:5.27.1]
	at java.base/jdk.internal.reflect.DirectMethodHandleAccessor.invoke(DirectMethodHandleAccessor.java:103) ~[na:na]
	at java.base/java.lang.reflect.Method.invoke(Method.java:580) ~[na:na]
	at org.springframework.amqp.rabbit.connection.CachingConnectionFactory$CachedChannelInvocationHandler.invoke(CachingConnectionFactory.java:1220) ~[spring-rabbit-4.0.1.jar:4.0.1]
	at jdk.proxy2/jdk.proxy2.$Proxy87.queueDeclarePassive(Unknown Source) ~[na:na]
	at org.springframework.amqp.rabbit.listener.BlockingQueueConsumer.attemptPassiveDeclarations(BlockingQueueConsumer.java:756) ~[spring-rabbit-4.0.1.jar:4.0.1]
	... 5 common frames omitted
Caused by: com.rabbitmq.client.ShutdownSignalException: channel error; protocol method: #method<channel.close>(reply-code=404, reply-text=NOT_FOUND - no queue 'orders.queue' in vhost '/', class-id=50, method-id=10)
	at com.rabbitmq.utility.ValueOrException.getValue(ValueOrException.java:66) ~[amqp-client-5.27.1.jar:5.27.1]
	at com.rabbitmq.utility.BlockingValueOrException.uninterruptibleGetValue(BlockingValueOrException.java:36) ~[amqp-client-5.27.1.jar:5.27.1]
	at com.rabbitmq.client.impl.AMQChannel$BlockingRpcContinuation.getReply(AMQChannel.java:552) ~[amqp-client-5.27.1.jar:5.27.1]
	at com.rabbitmq.client.impl.AMQChannel.privateRpc(AMQChannel.java:316) ~[amqp-client-5.27.1.jar:5.27.1]
	at com.rabbitmq.client.impl.AMQChannel.exnWrappingRpc(AMQChannel.java:152) ~[amqp-client-5.27.1.jar:5.27.1]
	... 12 common frames omitted
Caused by: com.rabbitmq.client.ShutdownSignalException: channel error; protocol method: #method<channel.close>(reply-code=404, reply-text=NOT_FOUND - no queue 'orders.queue' in vhost '/', class-id=50, method-id=10)
	at com.rabbitmq.client.impl.ChannelN.asyncShutdown(ChannelN.java:529) ~[amqp-client-5.27.1.jar:5.27.1]
	at com.rabbitmq.client.impl.ChannelN.processAsync(ChannelN.java:350) ~[amqp-client-5.27.1.jar:5.27.1]
	at com.rabbitmq.client.impl.AMQChannel.handleCompleteInboundCommand(AMQChannel.java:193) ~[amqp-client-5.27.1.jar:5.27.1]
	at com.rabbitmq.client.impl.AMQChannel.handleFrame(AMQChannel.java:125) ~[amqp-client-5.27.1.jar:5.27.1]
	at com.rabbitmq.client.impl.AMQConnection.readFrame(AMQConnection.java:768) ~[amqp-client-5.27.1.jar:5.27.1]
	at com.rabbitmq.client.impl.AMQConnection.access$400(AMQConnection.java:49) ~[amqp-client-5.27.1.jar:5.27.1]
	at com.rabbitmq.client.impl.AMQConnection$MainLoop.run(AMQConnection.java:695) ~[amqp-client-5.27.1.jar:5.27.1]
	... 1 common frames omitted

2026-01-06T11:36:33.605+06:00  INFO [inventory-service,,] 692178 --- [inventory-service] [ntContainer#0-3] o.s.a.r.l.SimpleMessageListenerContainer : Restarting Consumer@74448536: tags=[[]], channel=Cached Rabbit Channel: AMQChannel(amqp://guest@127.0.0.1:5672/,1), conn: Proxy@7a814310 Shared Rabbit Connection: SimpleConnection@6bb4cc0e [delegate=amqp://guest@127.0.0.1:5672/, localPort=51158], acknowledgeMode=AUTO local queue size=0
2026-01-06T11:36:33.615+06:00  WARN [inventory-service,,] 692178 --- [inventory-service] [ntContainer#0-4] o.s.a.r.listener.BlockingQueueConsumer   : Failed to declare queue: orders.queue
2026-01-06T11:36:33.615+06:00  WARN [inventory-service,,] 692178 --- [inventory-service] [ntContainer#0-4] o.s.a.r.listener.BlockingQueueConsumer   : Queue declaration failed; retries left=3

org.springframework.amqp.rabbit.listener.BlockingQueueConsumer$DeclarationException: Failed to declare queue(s):[orders.queue]
	at org.springframework.amqp.rabbit.listener.BlockingQueueConsumer.attemptPassiveDeclarations(BlockingQueueConsumer.java:779) ~[spring-rabbit-4.0.1.jar:4.0.1]
	at org.springframework.amqp.rabbit.listener.BlockingQueueConsumer.passiveDeclarations(BlockingQueueConsumer.java:655) ~[spring-rabbit-4.0.1.jar:4.0.1]
	at org.springframework.amqp.rabbit.listener.BlockingQueueConsumer.start(BlockingQueueConsumer.java:642) ~[spring-rabbit-4.0.1.jar:4.0.1]
	at org.springframework.amqp.rabbit.listener.SimpleMessageListenerContainer$AsyncMessageProcessingConsumer.initialize(SimpleMessageListenerContainer.java:1524) ~[spring-rabbit-4.0.1.jar:4.0.1]
	at org.springframework.amqp.rabbit.listener.SimpleMessageListenerContainer$AsyncMessageProcessingConsumer.run(SimpleMessageListenerContainer.java:1356) ~[spring-rabbit-4.0.1.jar:4.0.1]
	at java.base/java.lang.Thread.run(Thread.java:1583) ~[na:na]
Caused by: java.io.IOException
	at com.rabbitmq.client.impl.AMQChannel.wrap(AMQChannel.java:140) ~[amqp-client-5.27.1.jar:5.27.1]
	at com.rabbitmq.client.impl.AMQChannel.wrap(AMQChannel.java:136) ~[amqp-client-5.27.1.jar:5.27.1]
	at com.rabbitmq.client.impl.AMQChannel.exnWrappingRpc(AMQChannel.java:158) ~[amqp-client-5.27.1.jar:5.27.1]
	at com.rabbitmq.client.impl.ChannelN.queueDeclarePassive(ChannelN.java:1044) ~[amqp-client-5.27.1.jar:5.27.1]
	at com.rabbitmq.client.impl.ChannelN.queueDeclarePassive(ChannelN.java:48) ~[amqp-client-5.27.1.jar:5.27.1]
	at java.base/jdk.internal.reflect.DirectMethodHandleAccessor.invoke(DirectMethodHandleAccessor.java:103) ~[na:na]
	at java.base/java.lang.reflect.Method.invoke(Method.java:580) ~[na:na]
	at org.springframework.amqp.rabbit.connection.CachingConnectionFactory$CachedChannelInvocationHandler.invoke(CachingConnectionFactory.java:1220) ~[spring-rabbit-4.0.1.jar:4.0.1]
	at jdk.proxy2/jdk.proxy2.$Proxy87.queueDeclarePassive(Unknown Source) ~[na:na]
	at org.springframework.amqp.rabbit.listener.BlockingQueueConsumer.attemptPassiveDeclarations(BlockingQueueConsumer.java:756) ~[spring-rabbit-4.0.1.jar:4.0.1]
	... 5 common frames omitted
Caused by: com.rabbitmq.client.ShutdownSignalException: channel error; protocol method: #method<channel.close>(reply-code=404, reply-text=NOT_FOUND - no queue 'orders.queue' in vhost '/', class-id=50, method-id=10)
	at com.rabbitmq.utility.ValueOrException.getValue(ValueOrException.java:66) ~[amqp-client-5.27.1.jar:5.27.1]
	at com.rabbitmq.utility.BlockingValueOrException.uninterruptibleGetValue(BlockingValueOrException.java:36) ~[amqp-client-5.27.1.jar:5.27.1]
	at com.rabbitmq.client.impl.AMQChannel$BlockingRpcContinuation.getReply(AMQChannel.java:552) ~[amqp-client-5.27.1.jar:5.27.1]
	at com.rabbitmq.client.impl.AMQChannel.privateRpc(AMQChannel.java:316) ~[amqp-client-5.27.1.jar:5.27.1]
	at com.rabbitmq.client.impl.AMQChannel.exnWrappingRpc(AMQChannel.java:152) ~[amqp-client-5.27.1.jar:5.27.1]
	... 12 common frames omitted
Caused by: com.rabbitmq.client.ShutdownSignalException: channel error; protocol method: #method<channel.close>(reply-code=404, reply-text=NOT_FOUND - no queue 'orders.queue' in vhost '/', class-id=50, method-id=10)
	at com.rabbitmq.client.impl.ChannelN.asyncShutdown(ChannelN.java:529) ~[amqp-client-5.27.1.jar:5.27.1]
	at com.rabbitmq.client.impl.ChannelN.processAsync(ChannelN.java:350) ~[amqp-client-5.27.1.jar:5.27.1]
	at com.rabbitmq.client.impl.AMQChannel.handleCompleteInboundCommand(AMQChannel.java:193) ~[amqp-client-5.27.1.jar:5.27.1]
	at com.rabbitmq.client.impl.AMQChannel.handleFrame(AMQChannel.java:125) ~[amqp-client-5.27.1.jar:5.27.1]
	at com.rabbitmq.client.impl.AMQConnection.readFrame(AMQConnection.java:768) ~[amqp-client-5.27.1.jar:5.27.1]
	at com.rabbitmq.client.impl.AMQConnection.access$400(AMQConnection.java:49) ~[amqp-client-5.27.1.jar:5.27.1]
	at com.rabbitmq.client.impl.AMQConnection$MainLoop.run(AMQConnection.java:695) ~[amqp-client-5.27.1.jar:5.27.1]
	... 1 common frames omitted

2026-01-06T11:36:38.622+06:00  WARN [inventory-service,,] 692178 --- [inventory-service] [ntContainer#0-4] o.s.a.r.listener.BlockingQueueConsumer   : Failed to declare queue: orders.queue
2026-01-06T11:36:38.622+06:00  WARN [inventory-service,,] 692178 --- [inventory-service] [ntContainer#0-4] o.s.a.r.listener.BlockingQueueConsumer   : Queue declaration failed; retries left=2

org.springframework.amqp.rabbit.listener.BlockingQueueConsumer$DeclarationException: Failed to declare queue(s):[orders.queue]
	at org.springframework.amqp.rabbit.listener.BlockingQueueConsumer.attemptPassiveDeclarations(BlockingQueueConsumer.java:779) ~[spring-rabbit-4.0.1.jar:4.0.1]
	at org.springframework.amqp.rabbit.listener.BlockingQueueConsumer.passiveDeclarations(BlockingQueueConsumer.java:655) ~[spring-rabbit-4.0.1.jar:4.0.1]
	at org.springframework.amqp.rabbit.listener.BlockingQueueConsumer.start(BlockingQueueConsumer.java:642) ~[spring-rabbit-4.0.1.jar:4.0.1]
	at org.springframework.amqp.rabbit.listener.SimpleMessageListenerContainer$AsyncMessageProcessingConsumer.initialize(SimpleMessageListenerContainer.java:1524) ~[spring-rabbit-4.0.1.jar:4.0.1]
	at org.springframework.amqp.rabbit.listener.SimpleMessageListenerContainer$AsyncMessageProcessingConsumer.run(SimpleMessageListenerContainer.java:1356) ~[spring-rabbit-4.0.1.jar:4.0.1]
	at java.base/java.lang.Thread.run(Thread.java:1583) ~[na:na]
Caused by: java.io.IOException
	at com.rabbitmq.client.impl.AMQChannel.wrap(AMQChannel.java:140) ~[amqp-client-5.27.1.jar:5.27.1]
	at com.rabbitmq.client.impl.AMQChannel.wrap(AMQChannel.java:136) ~[amqp-client-5.27.1.jar:5.27.1]
	at com.rabbitmq.client.impl.AMQChannel.exnWrappingRpc(AMQChannel.java:158) ~[amqp-client-5.27.1.jar:5.27.1]
	at com.rabbitmq.client.impl.ChannelN.queueDeclarePassive(ChannelN.java:1044) ~[amqp-client-5.27.1.jar:5.27.1]
	at com.rabbitmq.client.impl.ChannelN.queueDeclarePassive(ChannelN.java:48) ~[amqp-client-5.27.1.jar:5.27.1]
	at java.base/jdk.internal.reflect.DirectMethodHandleAccessor.invoke(DirectMethodHandleAccessor.java:103) ~[na:na]
	at java.base/java.lang.reflect.Method.invoke(Method.java:580) ~[na:na]
	at org.springframework.amqp.rabbit.connection.CachingConnectionFactory$CachedChannelInvocationHandler.invoke(CachingConnectionFactory.java:1220) ~[spring-rabbit-4.0.1.jar:4.0.1]
	at jdk.proxy2/jdk.proxy2.$Proxy87.queueDeclarePassive(Unknown Source) ~[na:na]
	at org.springframework.amqp.rabbit.listener.BlockingQueueConsumer.attemptPassiveDeclarations(BlockingQueueConsumer.java:756) ~[spring-rabbit-4.0.1.jar:4.0.1]
	... 5 common frames omitted
Caused by: com.rabbitmq.client.ShutdownSignalException: channel error; protocol method: #method<channel.close>(reply-code=404, reply-text=NOT_FOUND - no queue 'orders.queue' in vhost '/', class-id=50, method-id=10)
	at com.rabbitmq.utility.ValueOrException.getValue(ValueOrException.java:66) ~[amqp-client-5.27.1.jar:5.27.1]
	at com.rabbitmq.utility.BlockingValueOrException.uninterruptibleGetValue(BlockingValueOrException.java:36) ~[amqp-client-5.27.1.jar:5.27.1]
	at com.rabbitmq.client.impl.AMQChannel$BlockingRpcContinuation.getReply(AMQChannel.java:552) ~[amqp-client-5.27.1.jar:5.27.1]
	at com.rabbitmq.client.impl.AMQChannel.privateRpc(AMQChannel.java:316) ~[amqp-client-5.27.1.jar:5.27.1]
	at com.rabbitmq.client.impl.AMQChannel.exnWrappingRpc(AMQChannel.java:152) ~[amqp-client-5.27.1.jar:5.27.1]
	... 12 common frames omitted
Caused by: com.rabbitmq.client.ShutdownSignalException: channel error; protocol method: #method<channel.close>(reply-code=404, reply-text=NOT_FOUND - no queue 'orders.queue' in vhost '/', class-id=50, method-id=10)
	at com.rabbitmq.client.impl.ChannelN.asyncShutdown(ChannelN.java:529) ~[amqp-client-5.27.1.jar:5.27.1]
	at com.rabbitmq.client.impl.ChannelN.processAsync(ChannelN.java:350) ~[amqp-client-5.27.1.jar:5.27.1]
	at com.rabbitmq.client.impl.AMQChannel.handleCompleteInboundCommand(AMQChannel.java:193) ~[amqp-client-5.27.1.jar:5.27.1]
	at com.rabbitmq.client.impl.AMQChannel.handleFrame(AMQChannel.java:125) ~[amqp-client-5.27.1.jar:5.27.1]
	at com.rabbitmq.client.impl.AMQConnection.readFrame(AMQConnection.java:768) ~[amqp-client-5.27.1.jar:5.27.1]
	at com.rabbitmq.client.impl.AMQConnection.access$400(AMQConnection.java:49) ~[amqp-client-5.27.1.jar:5.27.1]
	at com.rabbitmq.client.impl.AMQConnection$MainLoop.run(AMQConnection.java:695) ~[amqp-client-5.27.1.jar:5.27.1]
	... 1 common frames omitted

2026-01-06T11:36:43.628+06:00  WARN [inventory-service,,] 692178 --- [inventory-service] [ntContainer#0-4] o.s.a.r.listener.BlockingQueueConsumer   : Failed to declare queue: orders.queue
2026-01-06T11:36:43.629+06:00  WARN [inventory-service,,] 692178 --- [inventory-service] [ntContainer#0-4] o.s.a.r.listener.BlockingQueueConsumer   : Queue declaration failed; retries left=1

org.springframework.amqp.rabbit.listener.BlockingQueueConsumer$DeclarationException: Failed to declare queue(s):[orders.queue]
	at org.springframework.amqp.rabbit.listener.BlockingQueueConsumer.attemptPassiveDeclarations(BlockingQueueConsumer.java:779) ~[spring-rabbit-4.0.1.jar:4.0.1]
	at org.springframework.amqp.rabbit.listener.BlockingQueueConsumer.passiveDeclarations(BlockingQueueConsumer.java:655) ~[spring-rabbit-4.0.1.jar:4.0.1]
	at org.springframework.amqp.rabbit.listener.BlockingQueueConsumer.start(BlockingQueueConsumer.java:642) ~[spring-rabbit-4.0.1.jar:4.0.1]
	at org.springframework.amqp.rabbit.listener.SimpleMessageListenerContainer$AsyncMessageProcessingConsumer.initialize(SimpleMessageListenerContainer.java:1524) ~[spring-rabbit-4.0.1.jar:4.0.1]
	at org.springframework.amqp.rabbit.listener.SimpleMessageListenerContainer$AsyncMessageProcessingConsumer.run(SimpleMessageListenerContainer.java:1356) ~[spring-rabbit-4.0.1.jar:4.0.1]
	at java.base/java.lang.Thread.run(Thread.java:1583) ~[na:na]
Caused by: java.io.IOException
	at com.rabbitmq.client.impl.AMQChannel.wrap(AMQChannel.java:140) ~[amqp-client-5.27.1.jar:5.27.1]
	at com.rabbitmq.client.impl.AMQChannel.wrap(AMQChannel.java:136) ~[amqp-client-5.27.1.jar:5.27.1]
	at com.rabbitmq.client.impl.AMQChannel.exnWrappingRpc(AMQChannel.java:158) ~[amqp-client-5.27.1.jar:5.27.1]
	at com.rabbitmq.client.impl.ChannelN.queueDeclarePassive(ChannelN.java:1044) ~[amqp-client-5.27.1.jar:5.27.1]
	at com.rabbitmq.client.impl.ChannelN.queueDeclarePassive(ChannelN.java:48) ~[amqp-client-5.27.1.jar:5.27.1]
	at java.base/jdk.internal.reflect.DirectMethodHandleAccessor.invoke(DirectMethodHandleAccessor.java:103) ~[na:na]
	at java.base/java.lang.reflect.Method.invoke(Method.java:580) ~[na:na]
	at org.springframework.amqp.rabbit.connection.CachingConnectionFactory$CachedChannelInvocationHandler.invoke(CachingConnectionFactory.java:1220) ~[spring-rabbit-4.0.1.jar:4.0.1]
	at jdk.proxy2/jdk.proxy2.$Proxy87.queueDeclarePassive(Unknown Source) ~[na:na]
	at org.springframework.amqp.rabbit.listener.BlockingQueueConsumer.attemptPassiveDeclarations(BlockingQueueConsumer.java:756) ~[spring-rabbit-4.0.1.jar:4.0.1]
	... 5 common frames omitted
Caused by: com.rabbitmq.client.ShutdownSignalException: channel error; protocol method: #method<channel.close>(reply-code=404, reply-text=NOT_FOUND - no queue 'orders.queue' in vhost '/', class-id=50, method-id=10)
	at com.rabbitmq.utility.ValueOrException.getValue(ValueOrException.java:66) ~[amqp-client-5.27.1.jar:5.27.1]
	at com.rabbitmq.utility.BlockingValueOrException.uninterruptibleGetValue(BlockingValueOrException.java:36) ~[amqp-client-5.27.1.jar:5.27.1]
	at com.rabbitmq.client.impl.AMQChannel$BlockingRpcContinuation.getReply(AMQChannel.java:552) ~[amqp-client-5.27.1.jar:5.27.1]
	at com.rabbitmq.client.impl.AMQChannel.privateRpc(AMQChannel.java:316) ~[amqp-client-5.27.1.jar:5.27.1]
	at com.rabbitmq.client.impl.AMQChannel.exnWrappingRpc(AMQChannel.java:152) ~[amqp-client-5.27.1.jar:5.27.1]
	... 12 common frames omitted
Caused by: com.rabbitmq.client.ShutdownSignalException: channel error; protocol method: #method<channel.close>(reply-code=404, reply-text=NOT_FOUND - no queue 'orders.queue' in vhost '/', class-id=50, method-id=10)
	at com.rabbitmq.client.impl.ChannelN.asyncShutdown(ChannelN.java:529) ~[amqp-client-5.27.1.jar:5.27.1]
	at com.rabbitmq.client.impl.ChannelN.processAsync(ChannelN.java:350) ~[amqp-client-5.27.1.jar:5.27.1]
	at com.rabbitmq.client.impl.AMQChannel.handleCompleteInboundCommand(AMQChannel.java:193) ~[amqp-client-5.27.1.jar:5.27.1]
	at com.rabbitmq.client.impl.AMQChannel.handleFrame(AMQChannel.java:125) ~[amqp-client-5.27.1.jar:5.27.1]
	at com.rabbitmq.client.impl.AMQConnection.readFrame(AMQConnection.java:768) ~[amqp-client-5.27.1.jar:5.27.1]
	at com.rabbitmq.client.impl.AMQConnection.access$400(AMQConnection.java:49) ~[amqp-client-5.27.1.jar:5.27.1]
	at com.rabbitmq.client.impl.AMQConnection$MainLoop.run(AMQConnection.java:695) ~[amqp-client-5.27.1.jar:5.27.1]
	... 1 common frames omitted

2026-01-06T11:36:48.636+06:00  WARN [inventory-service,,] 692178 --- [inventory-service] [ntContainer#0-4] o.s.a.r.listener.BlockingQueueConsumer   : Failed to declare queue: orders.queue
2026-01-06T11:36:53.644+06:00 ERROR [inventory-service,,] 692178 --- [inventory-service] [ntContainer#0-4] o.s.a.r.l.SimpleMessageListenerContainer : Consumer threw missing queues exception, fatal=false

org.springframework.amqp.rabbit.listener.QueuesNotAvailableException: Cannot prepare queue for listener. Either the queue doesn't exist or the broker will not allow us to use it.
	at org.springframework.amqp.rabbit.listener.BlockingQueueConsumer.handleDeclarationException(BlockingQueueConsumer.java:728) ~[spring-rabbit-4.0.1.jar:4.0.1]
	at org.springframework.amqp.rabbit.listener.BlockingQueueConsumer.passiveDeclarations(BlockingQueueConsumer.java:662) ~[spring-rabbit-4.0.1.jar:4.0.1]
	at org.springframework.amqp.rabbit.listener.BlockingQueueConsumer.start(BlockingQueueConsumer.java:642) ~[spring-rabbit-4.0.1.jar:4.0.1]
	at org.springframework.amqp.rabbit.listener.SimpleMessageListenerContainer$AsyncMessageProcessingConsumer.initialize(SimpleMessageListenerContainer.java:1524) ~[spring-rabbit-4.0.1.jar:4.0.1]
	at org.springframework.amqp.rabbit.listener.SimpleMessageListenerContainer$AsyncMessageProcessingConsumer.run(SimpleMessageListenerContainer.java:1356) ~[spring-rabbit-4.0.1.jar:4.0.1]
	at java.base/java.lang.Thread.run(Thread.java:1583) ~[na:na]
Caused by: org.springframework.amqp.rabbit.listener.BlockingQueueConsumer$DeclarationException: Failed to declare queue(s):[orders.queue]
	at org.springframework.amqp.rabbit.listener.BlockingQueueConsumer.attemptPassiveDeclarations(BlockingQueueConsumer.java:779) ~[spring-rabbit-4.0.1.jar:4.0.1]
	at org.springframework.amqp.rabbit.listener.BlockingQueueConsumer.passiveDeclarations(BlockingQueueConsumer.java:655) ~[spring-rabbit-4.0.1.jar:4.0.1]
	... 4 common frames omitted
Caused by: java.io.IOException
	at com.rabbitmq.client.impl.AMQChannel.wrap(AMQChannel.java:140) ~[amqp-client-5.27.1.jar:5.27.1]
	at com.rabbitmq.client.impl.AMQChannel.wrap(AMQChannel.java:136) ~[amqp-client-5.27.1.jar:5.27.1]
	at com.rabbitmq.client.impl.AMQChannel.exnWrappingRpc(AMQChannel.java:158) ~[amqp-client-5.27.1.jar:5.27.1]
	at com.rabbitmq.client.impl.ChannelN.queueDeclarePassive(ChannelN.java:1044) ~[amqp-client-5.27.1.jar:5.27.1]
	at com.rabbitmq.client.impl.ChannelN.queueDeclarePassive(ChannelN.java:48) ~[amqp-client-5.27.1.jar:5.27.1]
	at java.base/jdk.internal.reflect.DirectMethodHandleAccessor.invoke(DirectMethodHandleAccessor.java:103) ~[na:na]
	at java.base/java.lang.reflect.Method.invoke(Method.java:580) ~[na:na]
	at org.springframework.amqp.rabbit.connection.CachingConnectionFactory$CachedChannelInvocationHandler.invoke(CachingConnectionFactory.java:1220) ~[spring-rabbit-4.0.1.jar:4.0.1]
	at jdk.proxy2/jdk.proxy2.$Proxy87.queueDeclarePassive(Unknown Source) ~[na:na]
	at org.springframework.amqp.rabbit.listener.BlockingQueueConsumer.attemptPassiveDeclarations(BlockingQueueConsumer.java:756) ~[spring-rabbit-4.0.1.jar:4.0.1]
	... 5 common frames omitted
Caused by: com.rabbitmq.client.ShutdownSignalException: channel error; protocol method: #method<channel.close>(reply-code=404, reply-text=NOT_FOUND - no queue 'orders.queue' in vhost '/', class-id=50, method-id=10)
	at com.rabbitmq.utility.ValueOrException.getValue(ValueOrException.java:66) ~[amqp-client-5.27.1.jar:5.27.1]
	at com.rabbitmq.utility.BlockingValueOrException.uninterruptibleGetValue(BlockingValueOrException.java:36) ~[amqp-client-5.27.1.jar:5.27.1]
	at com.rabbitmq.client.impl.AMQChannel$BlockingRpcContinuation.getReply(AMQChannel.java:552) ~[amqp-client-5.27.1.jar:5.27.1]
	at com.rabbitmq.client.impl.AMQChannel.privateRpc(AMQChannel.java:316) ~[amqp-client-5.27.1.jar:5.27.1]
	at com.rabbitmq.client.impl.AMQChannel.exnWrappingRpc(AMQChannel.java:152) ~[amqp-client-5.27.1.jar:5.27.1]
	... 12 common frames omitted
Caused by: com.rabbitmq.client.ShutdownSignalException: channel error; protocol method: #method<channel.close>(reply-code=404, reply-text=NOT_FOUND - no queue 'orders.queue' in vhost '/', class-id=50, method-id=10)
	at com.rabbitmq.client.impl.ChannelN.asyncShutdown(ChannelN.java:529) ~[amqp-client-5.27.1.jar:5.27.1]
	at com.rabbitmq.client.impl.ChannelN.processAsync(ChannelN.java:350) ~[amqp-client-5.27.1.jar:5.27.1]
	at com.rabbitmq.client.impl.AMQChannel.handleCompleteInboundCommand(AMQChannel.java:193) ~[amqp-client-5.27.1.jar:5.27.1]
	at com.rabbitmq.client.impl.AMQChannel.handleFrame(AMQChannel.java:125) ~[amqp-client-5.27.1.jar:5.27.1]
	at com.rabbitmq.client.impl.AMQConnection.readFrame(AMQConnection.java:768) ~[amqp-client-5.27.1.jar:5.27.1]
	at com.rabbitmq.client.impl.AMQConnection.access$400(AMQConnection.java:49) ~[amqp-client-5.27.1.jar:5.27.1]
	at com.rabbitmq.client.impl.AMQConnection$MainLoop.run(AMQConnection.java:695) ~[amqp-client-5.27.1.jar:5.27.1]
	... 1 common frames omitted

2026-01-06T11:36:53.647+06:00  INFO [inventory-service,,] 692178 --- [inventory-service] [ntContainer#0-4] o.s.a.r.l.SimpleMessageListenerContainer : Restarting Consumer@fd0ae1: tags=[[]], channel=Cached Rabbit Channel: AMQChannel(amqp://guest@127.0.0.1:5672/,1), conn: Proxy@7a814310 Shared Rabbit Connection: SimpleConnection@6bb4cc0e [delegate=amqp://guest@127.0.0.1:5672/, localPort=51158], acknowledgeMode=AUTO local queue size=0
2026-01-06T11:36:53.656+06:00  WARN [inventory-service,,] 692178 --- [inventory-service] [ntContainer#0-5] o.s.a.r.listener.BlockingQueueConsumer   : Failed to declare queue: orders.queue
2026-01-06T11:36:53.657+06:00  WARN [inventory-service,,] 692178 --- [inventory-service] [ntContainer#0-5] o.s.a.r.listener.BlockingQueueConsumer   : Queue declaration failed; retries left=3

org.springframework.amqp.rabbit.listener.BlockingQueueConsumer$DeclarationException: Failed to declare queue(s):[orders.queue]
	at org.springframework.amqp.rabbit.listener.BlockingQueueConsumer.attemptPassiveDeclarations(BlockingQueueConsumer.java:779) ~[spring-rabbit-4.0.1.jar:4.0.1]
	at org.springframework.amqp.rabbit.listener.BlockingQueueConsumer.passiveDeclarations(BlockingQueueConsumer.java:655) ~[spring-rabbit-4.0.1.jar:4.0.1]
	at org.springframework.amqp.rabbit.listener.BlockingQueueConsumer.start(BlockingQueueConsumer.java:642) ~[spring-rabbit-4.0.1.jar:4.0.1]
	at org.springframework.amqp.rabbit.listener.SimpleMessageListenerContainer$AsyncMessageProcessingConsumer.initialize(SimpleMessageListenerContainer.java:1524) ~[spring-rabbit-4.0.1.jar:4.0.1]
	at org.springframework.amqp.rabbit.listener.SimpleMessageListenerContainer$AsyncMessageProcessingConsumer.run(SimpleMessageListenerContainer.java:1356) ~[spring-rabbit-4.0.1.jar:4.0.1]
	at java.base/java.lang.Thread.run(Thread.java:1583) ~[na:na]
Caused by: java.io.IOException
	at com.rabbitmq.client.impl.AMQChannel.wrap(AMQChannel.java:140) ~[amqp-client-5.27.1.jar:5.27.1]
	at com.rabbitmq.client.impl.AMQChannel.wrap(AMQChannel.java:136) ~[amqp-client-5.27.1.jar:5.27.1]
	at com.rabbitmq.client.impl.AMQChannel.exnWrappingRpc(AMQChannel.java:158) ~[amqp-client-5.27.1.jar:5.27.1]
	at com.rabbitmq.client.impl.ChannelN.queueDeclarePassive(ChannelN.java:1044) ~[amqp-client-5.27.1.jar:5.27.1]
	at com.rabbitmq.client.impl.ChannelN.queueDeclarePassive(ChannelN.java:48) ~[amqp-client-5.27.1.jar:5.27.1]
	at java.base/jdk.internal.reflect.DirectMethodHandleAccessor.invoke(DirectMethodHandleAccessor.java:103) ~[na:na]
	at java.base/java.lang.reflect.Method.invoke(Method.java:580) ~[na:na]
	at org.springframework.amqp.rabbit.connection.CachingConnectionFactory$CachedChannelInvocationHandler.invoke(CachingConnectionFactory.java:1220) ~[spring-rabbit-4.0.1.jar:4.0.1]
	at jdk.proxy2/jdk.proxy2.$Proxy87.queueDeclarePassive(Unknown Source) ~[na:na]
	at org.springframework.amqp.rabbit.listener.BlockingQueueConsumer.attemptPassiveDeclarations(BlockingQueueConsumer.java:756) ~[spring-rabbit-4.0.1.jar:4.0.1]
	... 5 common frames omitted
Caused by: com.rabbitmq.client.ShutdownSignalException: channel error; protocol method: #method<channel.close>(reply-code=404, reply-text=NOT_FOUND - no queue 'orders.queue' in vhost '/', class-id=50, method-id=10)
	at com.rabbitmq.utility.ValueOrException.getValue(ValueOrException.java:66) ~[amqp-client-5.27.1.jar:5.27.1]
	at com.rabbitmq.utility.BlockingValueOrException.uninterruptibleGetValue(BlockingValueOrException.java:36) ~[amqp-client-5.27.1.jar:5.27.1]
	at com.rabbitmq.client.impl.AMQChannel$BlockingRpcContinuation.getReply(AMQChannel.java:552) ~[amqp-client-5.27.1.jar:5.27.1]
	at com.rabbitmq.client.impl.AMQChannel.privateRpc(AMQChannel.java:316) ~[amqp-client-5.27.1.jar:5.27.1]
	at com.rabbitmq.client.impl.AMQChannel.exnWrappingRpc(AMQChannel.java:152) ~[amqp-client-5.27.1.jar:5.27.1]
	... 12 common frames omitted
Caused by: com.rabbitmq.client.ShutdownSignalException: channel error; protocol method: #method<channel.close>(reply-code=404, reply-text=NOT_FOUND - no queue 'orders.queue' in vhost '/', class-id=50, method-id=10)
	at com.rabbitmq.client.impl.ChannelN.asyncShutdown(ChannelN.java:529) ~[amqp-client-5.27.1.jar:5.27.1]
	at com.rabbitmq.client.impl.ChannelN.processAsync(ChannelN.java:350) ~[amqp-client-5.27.1.jar:5.27.1]
	at com.rabbitmq.client.impl.AMQChannel.handleCompleteInboundCommand(AMQChannel.java:193) ~[amqp-client-5.27.1.jar:5.27.1]
	at com.rabbitmq.client.impl.AMQChannel.handleFrame(AMQChannel.java:125) ~[amqp-client-5.27.1.jar:5.27.1]
	at com.rabbitmq.client.impl.AMQConnection.readFrame(AMQConnection.java:768) ~[amqp-client-5.27.1.jar:5.27.1]
	at com.rabbitmq.client.impl.AMQConnection.access$400(AMQConnection.java:49) ~[amqp-client-5.27.1.jar:5.27.1]
	at com.rabbitmq.client.impl.AMQConnection$MainLoop.run(AMQConnection.java:695) ~[amqp-client-5.27.1.jar:5.27.1]
	... 1 common frames omitted

2026-01-06T11:36:58.663+06:00  WARN [inventory-service,,] 692178 --- [inventory-service] [ntContainer#0-5] o.s.a.r.listener.BlockingQueueConsumer   : Failed to declare queue: orders.queue
2026-01-06T11:36:58.664+06:00  WARN [inventory-service,,] 692178 --- [inventory-service] [ntContainer#0-5] o.s.a.r.listener.BlockingQueueConsumer   : Queue declaration failed; retries left=2

org.springframework.amqp.rabbit.listener.BlockingQueueConsumer$DeclarationException: Failed to declare queue(s):[orders.queue]
	at org.springframework.amqp.rabbit.listener.BlockingQueueConsumer.attemptPassiveDeclarations(BlockingQueueConsumer.java:779) ~[spring-rabbit-4.0.1.jar:4.0.1]
	at org.springframework.amqp.rabbit.listener.BlockingQueueConsumer.passiveDeclarations(BlockingQueueConsumer.java:655) ~[spring-rabbit-4.0.1.jar:4.0.1]
	at org.springframework.amqp.rabbit.listener.BlockingQueueConsumer.start(BlockingQueueConsumer.java:642) ~[spring-rabbit-4.0.1.jar:4.0.1]
	at org.springframework.amqp.rabbit.listener.SimpleMessageListenerContainer$AsyncMessageProcessingConsumer.initialize(SimpleMessageListenerContainer.java:1524) ~[spring-rabbit-4.0.1.jar:4.0.1]
	at org.springframework.amqp.rabbit.listener.SimpleMessageListenerContainer$AsyncMessageProcessingConsumer.run(SimpleMessageListenerContainer.java:1356) ~[spring-rabbit-4.0.1.jar:4.0.1]
	at java.base/java.lang.Thread.run(Thread.java:1583) ~[na:na]
Caused by: java.io.IOException
	at com.rabbitmq.client.impl.AMQChannel.wrap(AMQChannel.java:140) ~[amqp-client-5.27.1.jar:5.27.1]
	at com.rabbitmq.client.impl.AMQChannel.wrap(AMQChannel.java:136) ~[amqp-client-5.27.1.jar:5.27.1]
	at com.rabbitmq.client.impl.AMQChannel.exnWrappingRpc(AMQChannel.java:158) ~[amqp-client-5.27.1.jar:5.27.1]
	at com.rabbitmq.client.impl.ChannelN.queueDeclarePassive(ChannelN.java:1044) ~[amqp-client-5.27.1.jar:5.27.1]
	at com.rabbitmq.client.impl.ChannelN.queueDeclarePassive(ChannelN.java:48) ~[amqp-client-5.27.1.jar:5.27.1]
	at java.base/jdk.internal.reflect.DirectMethodHandleAccessor.invoke(DirectMethodHandleAccessor.java:103) ~[na:na]
	at java.base/java.lang.reflect.Method.invoke(Method.java:580) ~[na:na]
	at org.springframework.amqp.rabbit.connection.CachingConnectionFactory$CachedChannelInvocationHandler.invoke(CachingConnectionFactory.java:1220) ~[spring-rabbit-4.0.1.jar:4.0.1]
	at jdk.proxy2/jdk.proxy2.$Proxy87.queueDeclarePassive(Unknown Source) ~[na:na]
	at org.springframework.amqp.rabbit.listener.BlockingQueueConsumer.attemptPassiveDeclarations(BlockingQueueConsumer.java:756) ~[spring-rabbit-4.0.1.jar:4.0.1]
	... 5 common frames omitted
Caused by: com.rabbitmq.client.ShutdownSignalException: channel error; protocol method: #method<channel.close>(reply-code=404, reply-text=NOT_FOUND - no queue 'orders.queue' in vhost '/', class-id=50, method-id=10)
	at com.rabbitmq.utility.ValueOrException.getValue(ValueOrException.java:66) ~[amqp-client-5.27.1.jar:5.27.1]
	at com.rabbitmq.utility.BlockingValueOrException.uninterruptibleGetValue(BlockingValueOrException.java:36) ~[amqp-client-5.27.1.jar:5.27.1]
	at com.rabbitmq.client.impl.AMQChannel$BlockingRpcContinuation.getReply(AMQChannel.java:552) ~[amqp-client-5.27.1.jar:5.27.1]
	at com.rabbitmq.client.impl.AMQChannel.privateRpc(AMQChannel.java:316) ~[amqp-client-5.27.1.jar:5.27.1]
	at com.rabbitmq.client.impl.AMQChannel.exnWrappingRpc(AMQChannel.java:152) ~[amqp-client-5.27.1.jar:5.27.1]
	... 12 common frames omitted
Caused by: com.rabbitmq.client.ShutdownSignalException: channel error; protocol method: #method<channel.close>(reply-code=404, reply-text=NOT_FOUND - no queue 'orders.queue' in vhost '/', class-id=50, method-id=10)
	at com.rabbitmq.client.impl.ChannelN.asyncShutdown(ChannelN.java:529) ~[amqp-client-5.27.1.jar:5.27.1]
	at com.rabbitmq.client.impl.ChannelN.processAsync(ChannelN.java:350) ~[amqp-client-5.27.1.jar:5.27.1]
	at com.rabbitmq.client.impl.AMQChannel.handleCompleteInboundCommand(AMQChannel.java:193) ~[amqp-client-5.27.1.jar:5.27.1]
	at com.rabbitmq.client.impl.AMQChannel.handleFrame(AMQChannel.java:125) ~[amqp-client-5.27.1.jar:5.27.1]
	at com.rabbitmq.client.impl.AMQConnection.readFrame(AMQConnection.java:768) ~[amqp-client-5.27.1.jar:5.27.1]
	at com.rabbitmq.client.impl.AMQConnection.access$400(AMQConnection.java:49) ~[amqp-client-5.27.1.jar:5.27.1]
	at com.rabbitmq.client.impl.AMQConnection$MainLoop.run(AMQConnection.java:695) ~[amqp-client-5.27.1.jar:5.27.1]
	... 1 common frames omitted

2026-01-06T11:37:03.671+06:00  WARN [inventory-service,,] 692178 --- [inventory-service] [ntContainer#0-5] o.s.a.r.listener.BlockingQueueConsumer   : Failed to declare queue: orders.queue
2026-01-06T11:37:03.672+06:00  WARN [inventory-service,,] 692178 --- [inventory-service] [ntContainer#0-5] o.s.a.r.listener.BlockingQueueConsumer   : Queue declaration failed; retries left=1

org.springframework.amqp.rabbit.listener.BlockingQueueConsumer$DeclarationException: Failed to declare queue(s):[orders.queue]
	at org.springframework.amqp.rabbit.listener.BlockingQueueConsumer.attemptPassiveDeclarations(BlockingQueueConsumer.java:779) ~[spring-rabbit-4.0.1.jar:4.0.1]
	at org.springframework.amqp.rabbit.listener.BlockingQueueConsumer.passiveDeclarations(BlockingQueueConsumer.java:655) ~[spring-rabbit-4.0.1.jar:4.0.1]
	at org.springframework.amqp.rabbit.listener.BlockingQueueConsumer.start(BlockingQueueConsumer.java:642) ~[spring-rabbit-4.0.1.jar:4.0.1]
	at org.springframework.amqp.rabbit.listener.SimpleMessageListenerContainer$AsyncMessageProcessingConsumer.initialize(SimpleMessageListenerContainer.java:1524) ~[spring-rabbit-4.0.1.jar:4.0.1]
	at org.springframework.amqp.rabbit.listener.SimpleMessageListenerContainer$AsyncMessageProcessingConsumer.run(SimpleMessageListenerContainer.java:1356) ~[spring-rabbit-4.0.1.jar:4.0.1]
	at java.base/java.lang.Thread.run(Thread.java:1583) ~[na:na]
Caused by: java.io.IOException
	at com.rabbitmq.client.impl.AMQChannel.wrap(AMQChannel.java:140) ~[amqp-client-5.27.1.jar:5.27.1]
	at com.rabbitmq.client.impl.AMQChannel.wrap(AMQChannel.java:136) ~[amqp-client-5.27.1.jar:5.27.1]
	at com.rabbitmq.client.impl.AMQChannel.exnWrappingRpc(AMQChannel.java:158) ~[amqp-client-5.27.1.jar:5.27.1]
	at com.rabbitmq.client.impl.ChannelN.queueDeclarePassive(ChannelN.java:1044) ~[amqp-client-5.27.1.jar:5.27.1]
	at com.rabbitmq.client.impl.ChannelN.queueDeclarePassive(ChannelN.java:48) ~[amqp-client-5.27.1.jar:5.27.1]
	at java.base/jdk.internal.reflect.DirectMethodHandleAccessor.invoke(DirectMethodHandleAccessor.java:103) ~[na:na]
	at java.base/java.lang.reflect.Method.invoke(Method.java:580) ~[na:na]
	at org.springframework.amqp.rabbit.connection.CachingConnectionFactory$CachedChannelInvocationHandler.invoke(CachingConnectionFactory.java:1220) ~[spring-rabbit-4.0.1.jar:4.0.1]
	at jdk.proxy2/jdk.proxy2.$Proxy87.queueDeclarePassive(Unknown Source) ~[na:na]
	at org.springframework.amqp.rabbit.listener.BlockingQueueConsumer.attemptPassiveDeclarations(BlockingQueueConsumer.java:756) ~[spring-rabbit-4.0.1.jar:4.0.1]
	... 5 common frames omitted
Caused by: com.rabbitmq.client.ShutdownSignalException: channel error; protocol method: #method<channel.close>(reply-code=404, reply-text=NOT_FOUND - no queue 'orders.queue' in vhost '/', class-id=50, method-id=10)
	at com.rabbitmq.utility.ValueOrException.getValue(ValueOrException.java:66) ~[amqp-client-5.27.1.jar:5.27.1]
	at com.rabbitmq.utility.BlockingValueOrException.uninterruptibleGetValue(BlockingValueOrException.java:36) ~[amqp-client-5.27.1.jar:5.27.1]
	at com.rabbitmq.client.impl.AMQChannel$BlockingRpcContinuation.getReply(AMQChannel.java:552) ~[amqp-client-5.27.1.jar:5.27.1]
	at com.rabbitmq.client.impl.AMQChannel.privateRpc(AMQChannel.java:316) ~[amqp-client-5.27.1.jar:5.27.1]
	at com.rabbitmq.client.impl.AMQChannel.exnWrappingRpc(AMQChannel.java:152) ~[amqp-client-5.27.1.jar:5.27.1]
	... 12 common frames omitted
Caused by: com.rabbitmq.client.ShutdownSignalException: channel error; protocol method: #method<channel.close>(reply-code=404, reply-text=NOT_FOUND - no queue 'orders.queue' in vhost '/', class-id=50, method-id=10)
	at com.rabbitmq.client.impl.ChannelN.asyncShutdown(ChannelN.java:529) ~[amqp-client-5.27.1.jar:5.27.1]
	at com.rabbitmq.client.impl.ChannelN.processAsync(ChannelN.java:350) ~[amqp-client-5.27.1.jar:5.27.1]
	at com.rabbitmq.client.impl.AMQChannel.handleCompleteInboundCommand(AMQChannel.java:193) ~[amqp-client-5.27.1.jar:5.27.1]
	at com.rabbitmq.client.impl.AMQChannel.handleFrame(AMQChannel.java:125) ~[amqp-client-5.27.1.jar:5.27.1]
	at com.rabbitmq.client.impl.AMQConnection.readFrame(AMQConnection.java:768) ~[amqp-client-5.27.1.jar:5.27.1]
	at com.rabbitmq.client.impl.AMQConnection.access$400(AMQConnection.java:49) ~[amqp-client-5.27.1.jar:5.27.1]
	at com.rabbitmq.client.impl.AMQConnection$MainLoop.run(AMQConnection.java:695) ~[amqp-client-5.27.1.jar:5.27.1]
	... 1 common frames omitted

2026-01-06T11:37:08.678+06:00  WARN [inventory-service,,] 692178 --- [inventory-service] [ntContainer#0-5] o.s.a.r.listener.BlockingQueueConsumer   : Failed to declare queue: orders.queue
2026-01-06T11:37:13.685+06:00 ERROR [inventory-service,,] 692178 --- [inventory-service] [ntContainer#0-5] o.s.a.r.l.SimpleMessageListenerContainer : Consumer threw missing queues exception, fatal=false

org.springframework.amqp.rabbit.listener.QueuesNotAvailableException: Cannot prepare queue for listener. Either the queue doesn't exist or the broker will not allow us to use it.
	at org.springframework.amqp.rabbit.listener.BlockingQueueConsumer.handleDeclarationException(BlockingQueueConsumer.java:728) ~[spring-rabbit-4.0.1.jar:4.0.1]
	at org.springframework.amqp.rabbit.listener.BlockingQueueConsumer.passiveDeclarations(BlockingQueueConsumer.java:662) ~[spring-rabbit-4.0.1.jar:4.0.1]
	at org.springframework.amqp.rabbit.listener.BlockingQueueConsumer.start(BlockingQueueConsumer.java:642) ~[spring-rabbit-4.0.1.jar:4.0.1]
	at org.springframework.amqp.rabbit.listener.SimpleMessageListenerContainer$AsyncMessageProcessingConsumer.initialize(SimpleMessageListenerContainer.java:1524) ~[spring-rabbit-4.0.1.jar:4.0.1]
	at org.springframework.amqp.rabbit.listener.SimpleMessageListenerContainer$AsyncMessageProcessingConsumer.run(SimpleMessageListenerContainer.java:1356) ~[spring-rabbit-4.0.1.jar:4.0.1]
	at java.base/java.lang.Thread.run(Thread.java:1583) ~[na:na]
Caused by: org.springframework.amqp.rabbit.listener.BlockingQueueConsumer$DeclarationException: Failed to declare queue(s):[orders.queue]
	at org.springframework.amqp.rabbit.listener.BlockingQueueConsumer.attemptPassiveDeclarations(BlockingQueueConsumer.java:779) ~[spring-rabbit-4.0.1.jar:4.0.1]
	at org.springframework.amqp.rabbit.listener.BlockingQueueConsumer.passiveDeclarations(BlockingQueueConsumer.java:655) ~[spring-rabbit-4.0.1.jar:4.0.1]
	... 4 common frames omitted
Caused by: java.io.IOException
	at com.rabbitmq.client.impl.AMQChannel.wrap(AMQChannel.java:140) ~[amqp-client-5.27.1.jar:5.27.1]
	at com.rabbitmq.client.impl.AMQChannel.wrap(AMQChannel.java:136) ~[amqp-client-5.27.1.jar:5.27.1]
	at com.rabbitmq.client.impl.AMQChannel.exnWrappingRpc(AMQChannel.java:158) ~[amqp-client-5.27.1.jar:5.27.1]
	at com.rabbitmq.client.impl.ChannelN.queueDeclarePassive(ChannelN.java:1044) ~[amqp-client-5.27.1.jar:5.27.1]
	at com.rabbitmq.client.impl.ChannelN.queueDeclarePassive(ChannelN.java:48) ~[amqp-client-5.27.1.jar:5.27.1]
	at java.base/jdk.internal.reflect.DirectMethodHandleAccessor.invoke(DirectMethodHandleAccessor.java:103) ~[na:na]
	at java.base/java.lang.reflect.Method.invoke(Method.java:580) ~[na:na]
	at org.springframework.amqp.rabbit.connection.CachingConnectionFactory$CachedChannelInvocationHandler.invoke(CachingConnectionFactory.java:1220) ~[spring-rabbit-4.0.1.jar:4.0.1]
	at jdk.proxy2/jdk.proxy2.$Proxy87.queueDeclarePassive(Unknown Source) ~[na:na]
	at org.springframework.amqp.rabbit.listener.BlockingQueueConsumer.attemptPassiveDeclarations(BlockingQueueConsumer.java:756) ~[spring-rabbit-4.0.1.jar:4.0.1]
	... 5 common frames omitted
Caused by: com.rabbitmq.client.ShutdownSignalException: channel error; protocol method: #method<channel.close>(reply-code=404, reply-text=NOT_FOUND - no queue 'orders.queue' in vhost '/', class-id=50, method-id=10)
	at com.rabbitmq.utility.ValueOrException.getValue(ValueOrException.java:66) ~[amqp-client-5.27.1.jar:5.27.1]
	at com.rabbitmq.utility.BlockingValueOrException.uninterruptibleGetValue(BlockingValueOrException.java:36) ~[amqp-client-5.27.1.jar:5.27.1]
	at com.rabbitmq.client.impl.AMQChannel$BlockingRpcContinuation.getReply(AMQChannel.java:552) ~[amqp-client-5.27.1.jar:5.27.1]
	at com.rabbitmq.client.impl.AMQChannel.privateRpc(AMQChannel.java:316) ~[amqp-client-5.27.1.jar:5.27.1]
	at com.rabbitmq.client.impl.AMQChannel.exnWrappingRpc(AMQChannel.java:152) ~[amqp-client-5.27.1.jar:5.27.1]
	... 12 common frames omitted
Caused by: com.rabbitmq.client.ShutdownSignalException: channel error; protocol method: #method<channel.close>(reply-code=404, reply-text=NOT_FOUND - no queue 'orders.queue' in vhost '/', class-id=50, method-id=10)
	at com.rabbitmq.client.impl.ChannelN.asyncShutdown(ChannelN.java:529) ~[amqp-client-5.27.1.jar:5.27.1]
	at com.rabbitmq.client.impl.ChannelN.processAsync(ChannelN.java:350) ~[amqp-client-5.27.1.jar:5.27.1]
	at com.rabbitmq.client.impl.AMQChannel.handleCompleteInboundCommand(AMQChannel.java:193) ~[amqp-client-5.27.1.jar:5.27.1]
	at com.rabbitmq.client.impl.AMQChannel.handleFrame(AMQChannel.java:125) ~[amqp-client-5.27.1.jar:5.27.1]
	at com.rabbitmq.client.impl.AMQConnection.readFrame(AMQConnection.java:768) ~[amqp-client-5.27.1.jar:5.27.1]
	at com.rabbitmq.client.impl.AMQConnection.access$400(AMQConnection.java:49) ~[amqp-client-5.27.1.jar:5.27.1]
	at com.rabbitmq.client.impl.AMQConnection$MainLoop.run(AMQConnection.java:695) ~[amqp-client-5.27.1.jar:5.27.1]
	... 1 common frames omitted

2026-01-06T11:37:13.687+06:00  INFO [inventory-service,,] 692178 --- [inventory-service] [ntContainer#0-5] o.s.a.r.l.SimpleMessageListenerContainer : Restarting Consumer@42e7c6ba: tags=[[]], channel=Cached Rabbit Channel: AMQChannel(amqp://guest@127.0.0.1:5672/,1), conn: Proxy@7a814310 Shared Rabbit Connection: SimpleConnection@6bb4cc0e [delegate=amqp://guest@127.0.0.1:5672/, localPort=51158], acknowledgeMode=AUTO local queue size=0
2026-01-06T11:37:13.697+06:00  WARN [inventory-service,,] 692178 --- [inventory-service] [ntContainer#0-6] o.s.a.r.listener.BlockingQueueConsumer   : Failed to declare queue: orders.queue
2026-01-06T11:37:13.697+06:00  WARN [inventory-service,,] 692178 --- [inventory-service] [ntContainer#0-6] o.s.a.r.listener.BlockingQueueConsumer   : Queue declaration failed; retries left=3

org.springframework.amqp.rabbit.listener.BlockingQueueConsumer$DeclarationException: Failed to declare queue(s):[orders.queue]
	at org.springframework.amqp.rabbit.listener.BlockingQueueConsumer.attemptPassiveDeclarations(BlockingQueueConsumer.java:779) ~[spring-rabbit-4.0.1.jar:4.0.1]
	at org.springframework.amqp.rabbit.listener.BlockingQueueConsumer.passiveDeclarations(BlockingQueueConsumer.java:655) ~[spring-rabbit-4.0.1.jar:4.0.1]
	at org.springframework.amqp.rabbit.listener.BlockingQueueConsumer.start(BlockingQueueConsumer.java:642) ~[spring-rabbit-4.0.1.jar:4.0.1]
	at org.springframework.amqp.rabbit.listener.SimpleMessageListenerContainer$AsyncMessageProcessingConsumer.initialize(SimpleMessageListenerContainer.java:1524) ~[spring-rabbit-4.0.1.jar:4.0.1]
	at org.springframework.amqp.rabbit.listener.SimpleMessageListenerContainer$AsyncMessageProcessingConsumer.run(SimpleMessageListenerContainer.java:1356) ~[spring-rabbit-4.0.1.jar:4.0.1]
	at java.base/java.lang.Thread.run(Thread.java:1583) ~[na:na]
Caused by: java.io.IOException
	at com.rabbitmq.client.impl.AMQChannel.wrap(AMQChannel.java:140) ~[amqp-client-5.27.1.jar:5.27.1]
	at com.rabbitmq.client.impl.AMQChannel.wrap(AMQChannel.java:136) ~[amqp-client-5.27.1.jar:5.27.1]
	at com.rabbitmq.client.impl.AMQChannel.exnWrappingRpc(AMQChannel.java:158) ~[amqp-client-5.27.1.jar:5.27.1]
	at com.rabbitmq.client.impl.ChannelN.queueDeclarePassive(ChannelN.java:1044) ~[amqp-client-5.27.1.jar:5.27.1]
	at com.rabbitmq.client.impl.ChannelN.queueDeclarePassive(ChannelN.java:48) ~[amqp-client-5.27.1.jar:5.27.1]
	at java.base/jdk.internal.reflect.DirectMethodHandleAccessor.invoke(DirectMethodHandleAccessor.java:103) ~[na:na]
	at java.base/java.lang.reflect.Method.invoke(Method.java:580) ~[na:na]
	at org.springframework.amqp.rabbit.connection.CachingConnectionFactory$CachedChannelInvocationHandler.invoke(CachingConnectionFactory.java:1220) ~[spring-rabbit-4.0.1.jar:4.0.1]
	at jdk.proxy2/jdk.proxy2.$Proxy87.queueDeclarePassive(Unknown Source) ~[na:na]
	at org.springframework.amqp.rabbit.listener.BlockingQueueConsumer.attemptPassiveDeclarations(BlockingQueueConsumer.java:756) ~[spring-rabbit-4.0.1.jar:4.0.1]
	... 5 common frames omitted
Caused by: com.rabbitmq.client.ShutdownSignalException: channel error; protocol method: #method<channel.close>(reply-code=404, reply-text=NOT_FOUND - no queue 'orders.queue' in vhost '/', class-id=50, method-id=10)
	at com.rabbitmq.utility.ValueOrException.getValue(ValueOrException.java:66) ~[amqp-client-5.27.1.jar:5.27.1]
	at com.rabbitmq.utility.BlockingValueOrException.uninterruptibleGetValue(BlockingValueOrException.java:36) ~[amqp-client-5.27.1.jar:5.27.1]
	at com.rabbitmq.client.impl.AMQChannel$BlockingRpcContinuation.getReply(AMQChannel.java:552) ~[amqp-client-5.27.1.jar:5.27.1]
	at com.rabbitmq.client.impl.AMQChannel.privateRpc(AMQChannel.java:316) ~[amqp-client-5.27.1.jar:5.27.1]
	at com.rabbitmq.client.impl.AMQChannel.exnWrappingRpc(AMQChannel.java:152) ~[amqp-client-5.27.1.jar:5.27.1]
	... 12 common frames omitted
Caused by: com.rabbitmq.client.ShutdownSignalException: channel error; protocol method: #method<channel.close>(reply-code=404, reply-text=NOT_FOUND - no queue 'orders.queue' in vhost '/', class-id=50, method-id=10)
	at com.rabbitmq.client.impl.ChannelN.asyncShutdown(ChannelN.java:529) ~[amqp-client-5.27.1.jar:5.27.1]
	at com.rabbitmq.client.impl.ChannelN.processAsync(ChannelN.java:350) ~[amqp-client-5.27.1.jar:5.27.1]
	at com.rabbitmq.client.impl.AMQChannel.handleCompleteInboundCommand(AMQChannel.java:193) ~[amqp-client-5.27.1.jar:5.27.1]
	at com.rabbitmq.client.impl.AMQChannel.handleFrame(AMQChannel.java:125) ~[amqp-client-5.27.1.jar:5.27.1]
	at com.rabbitmq.client.impl.AMQConnection.readFrame(AMQConnection.java:768) ~[amqp-client-5.27.1.jar:5.27.1]
	at com.rabbitmq.client.impl.AMQConnection.access$400(AMQConnection.java:49) ~[amqp-client-5.27.1.jar:5.27.1]
	at com.rabbitmq.client.impl.AMQConnection$MainLoop.run(AMQConnection.java:695) ~[amqp-client-5.27.1.jar:5.27.1]
	... 1 common frames omitted

2026-01-06T11:37:18.701+06:00  WARN [inventory-service,,] 692178 --- [inventory-service] [ntContainer#0-6] o.s.a.r.listener.BlockingQueueConsumer   : Failed to declare queue: orders.queue
2026-01-06T11:37:18.701+06:00  WARN [inventory-service,,] 692178 --- [inventory-service] [ntContainer#0-6] o.s.a.r.listener.BlockingQueueConsumer   : Queue declaration failed; retries left=2

org.springframework.amqp.rabbit.listener.BlockingQueueConsumer$DeclarationException: Failed to declare queue(s):[orders.queue]
	at org.springframework.amqp.rabbit.listener.BlockingQueueConsumer.attemptPassiveDeclarations(BlockingQueueConsumer.java:779) ~[spring-rabbit-4.0.1.jar:4.0.1]
	at org.springframework.amqp.rabbit.listener.BlockingQueueConsumer.passiveDeclarations(BlockingQueueConsumer.java:655) ~[spring-rabbit-4.0.1.jar:4.0.1]
	at org.springframework.amqp.rabbit.listener.BlockingQueueConsumer.start(BlockingQueueConsumer.java:642) ~[spring-rabbit-4.0.1.jar:4.0.1]
	at org.springframework.amqp.rabbit.listener.SimpleMessageListenerContainer$AsyncMessageProcessingConsumer.initialize(SimpleMessageListenerContainer.java:1524) ~[spring-rabbit-4.0.1.jar:4.0.1]
	at org.springframework.amqp.rabbit.listener.SimpleMessageListenerContainer$AsyncMessageProcessingConsumer.run(SimpleMessageListenerContainer.java:1356) ~[spring-rabbit-4.0.1.jar:4.0.1]
	at java.base/java.lang.Thread.run(Thread.java:1583) ~[na:na]
Caused by: java.io.IOException
	at com.rabbitmq.client.impl.AMQChannel.wrap(AMQChannel.java:140) ~[amqp-client-5.27.1.jar:5.27.1]
	at com.rabbitmq.client.impl.AMQChannel.wrap(AMQChannel.java:136) ~[amqp-client-5.27.1.jar:5.27.1]
	at com.rabbitmq.client.impl.AMQChannel.exnWrappingRpc(AMQChannel.java:158) ~[amqp-client-5.27.1.jar:5.27.1]
	at com.rabbitmq.client.impl.ChannelN.queueDeclarePassive(ChannelN.java:1044) ~[amqp-client-5.27.1.jar:5.27.1]
	at com.rabbitmq.client.impl.ChannelN.queueDeclarePassive(ChannelN.java:48) ~[amqp-client-5.27.1.jar:5.27.1]
	at java.base/jdk.internal.reflect.DirectMethodHandleAccessor.invoke(DirectMethodHandleAccessor.java:103) ~[na:na]
	at java.base/java.lang.reflect.Method.invoke(Method.java:580) ~[na:na]
	at org.springframework.amqp.rabbit.connection.CachingConnectionFactory$CachedChannelInvocationHandler.invoke(CachingConnectionFactory.java:1220) ~[spring-rabbit-4.0.1.jar:4.0.1]
	at jdk.proxy2/jdk.proxy2.$Proxy87.queueDeclarePassive(Unknown Source) ~[na:na]
	at org.springframework.amqp.rabbit.listener.BlockingQueueConsumer.attemptPassiveDeclarations(BlockingQueueConsumer.java:756) ~[spring-rabbit-4.0.1.jar:4.0.1]
	... 5 common frames omitted
Caused by: com.rabbitmq.client.ShutdownSignalException: channel error; protocol method: #method<channel.close>(reply-code=404, reply-text=NOT_FOUND - no queue 'orders.queue' in vhost '/', class-id=50, method-id=10)
	at com.rabbitmq.utility.ValueOrException.getValue(ValueOrException.java:66) ~[amqp-client-5.27.1.jar:5.27.1]
	at com.rabbitmq.utility.BlockingValueOrException.uninterruptibleGetValue(BlockingValueOrException.java:36) ~[amqp-client-5.27.1.jar:5.27.1]
	at com.rabbitmq.client.impl.AMQChannel$BlockingRpcContinuation.getReply(AMQChannel.java:552) ~[amqp-client-5.27.1.jar:5.27.1]
	at com.rabbitmq.client.impl.AMQChannel.privateRpc(AMQChannel.java:316) ~[amqp-client-5.27.1.jar:5.27.1]
	at com.rabbitmq.client.impl.AMQChannel.exnWrappingRpc(AMQChannel.java:152) ~[amqp-client-5.27.1.jar:5.27.1]
	... 12 common frames omitted
Caused by: com.rabbitmq.client.ShutdownSignalException: channel error; protocol method: #method<channel.close>(reply-code=404, reply-text=NOT_FOUND - no queue 'orders.queue' in vhost '/', class-id=50, method-id=10)
	at com.rabbitmq.client.impl.ChannelN.asyncShutdown(ChannelN.java:529) ~[amqp-client-5.27.1.jar:5.27.1]
	at com.rabbitmq.client.impl.ChannelN.processAsync(ChannelN.java:350) ~[amqp-client-5.27.1.jar:5.27.1]
	at com.rabbitmq.client.impl.AMQChannel.handleCompleteInboundCommand(AMQChannel.java:193) ~[amqp-client-5.27.1.jar:5.27.1]
	at com.rabbitmq.client.impl.AMQChannel.handleFrame(AMQChannel.java:125) ~[amqp-client-5.27.1.jar:5.27.1]
	at com.rabbitmq.client.impl.AMQConnection.readFrame(AMQConnection.java:768) ~[amqp-client-5.27.1.jar:5.27.1]
	at com.rabbitmq.client.impl.AMQConnection.access$400(AMQConnection.java:49) ~[amqp-client-5.27.1.jar:5.27.1]
	at com.rabbitmq.client.impl.AMQConnection$MainLoop.run(AMQConnection.java:695) ~[amqp-client-5.27.1.jar:5.27.1]
	... 1 common frames omitted

2026-01-06T11:37:23.707+06:00  WARN [inventory-service,,] 692178 --- [inventory-service] [ntContainer#0-6] o.s.a.r.listener.BlockingQueueConsumer   : Failed to declare queue: orders.queue
2026-01-06T11:37:23.707+06:00  WARN [inventory-service,,] 692178 --- [inventory-service] [ntContainer#0-6] o.s.a.r.listener.BlockingQueueConsumer   : Queue declaration failed; retries left=1

org.springframework.amqp.rabbit.listener.BlockingQueueConsumer$DeclarationException: Failed to declare queue(s):[orders.queue]
	at org.springframework.amqp.rabbit.listener.BlockingQueueConsumer.attemptPassiveDeclarations(BlockingQueueConsumer.java:779) ~[spring-rabbit-4.0.1.jar:4.0.1]
	at org.springframework.amqp.rabbit.listener.BlockingQueueConsumer.passiveDeclarations(BlockingQueueConsumer.java:655) ~[spring-rabbit-4.0.1.jar:4.0.1]
	at org.springframework.amqp.rabbit.listener.BlockingQueueConsumer.start(BlockingQueueConsumer.java:642) ~[spring-rabbit-4.0.1.jar:4.0.1]
	at org.springframework.amqp.rabbit.listener.SimpleMessageListenerContainer$AsyncMessageProcessingConsumer.initialize(SimpleMessageListenerContainer.java:1524) ~[spring-rabbit-4.0.1.jar:4.0.1]
	at org.springframework.amqp.rabbit.listener.SimpleMessageListenerContainer$AsyncMessageProcessingConsumer.run(SimpleMessageListenerContainer.java:1356) ~[spring-rabbit-4.0.1.jar:4.0.1]
	at java.base/java.lang.Thread.run(Thread.java:1583) ~[na:na]
Caused by: java.io.IOException
	at com.rabbitmq.client.impl.AMQChannel.wrap(AMQChannel.java:140) ~[amqp-client-5.27.1.jar:5.27.1]
	at com.rabbitmq.client.impl.AMQChannel.wrap(AMQChannel.java:136) ~[amqp-client-5.27.1.jar:5.27.1]
	at com.rabbitmq.client.impl.AMQChannel.exnWrappingRpc(AMQChannel.java:158) ~[amqp-client-5.27.1.jar:5.27.1]
	at com.rabbitmq.client.impl.ChannelN.queueDeclarePassive(ChannelN.java:1044) ~[amqp-client-5.27.1.jar:5.27.1]
	at com.rabbitmq.client.impl.ChannelN.queueDeclarePassive(ChannelN.java:48) ~[amqp-client-5.27.1.jar:5.27.1]
	at java.base/jdk.internal.reflect.DirectMethodHandleAccessor.invoke(DirectMethodHandleAccessor.java:103) ~[na:na]
	at java.base/java.lang.reflect.Method.invoke(Method.java:580) ~[na:na]
	at org.springframework.amqp.rabbit.connection.CachingConnectionFactory$CachedChannelInvocationHandler.invoke(CachingConnectionFactory.java:1220) ~[spring-rabbit-4.0.1.jar:4.0.1]
	at jdk.proxy2/jdk.proxy2.$Proxy87.queueDeclarePassive(Unknown Source) ~[na:na]
	at org.springframework.amqp.rabbit.listener.BlockingQueueConsumer.attemptPassiveDeclarations(BlockingQueueConsumer.java:756) ~[spring-rabbit-4.0.1.jar:4.0.1]
	... 5 common frames omitted
Caused by: com.rabbitmq.client.ShutdownSignalException: channel error; protocol method: #method<channel.close>(reply-code=404, reply-text=NOT_FOUND - no queue 'orders.queue' in vhost '/', class-id=50, method-id=10)
	at com.rabbitmq.utility.ValueOrException.getValue(ValueOrException.java:66) ~[amqp-client-5.27.1.jar:5.27.1]
	at com.rabbitmq.utility.BlockingValueOrException.uninterruptibleGetValue(BlockingValueOrException.java:36) ~[amqp-client-5.27.1.jar:5.27.1]
	at com.rabbitmq.client.impl.AMQChannel$BlockingRpcContinuation.getReply(AMQChannel.java:552) ~[amqp-client-5.27.1.jar:5.27.1]
	at com.rabbitmq.client.impl.AMQChannel.privateRpc(AMQChannel.java:316) ~[amqp-client-5.27.1.jar:5.27.1]
	at com.rabbitmq.client.impl.AMQChannel.exnWrappingRpc(AMQChannel.java:152) ~[amqp-client-5.27.1.jar:5.27.1]
	... 12 common frames omitted
Caused by: com.rabbitmq.client.ShutdownSignalException: channel error; protocol method: #method<channel.close>(reply-code=404, reply-text=NOT_FOUND - no queue 'orders.queue' in vhost '/', class-id=50, method-id=10)
	at com.rabbitmq.client.impl.ChannelN.asyncShutdown(ChannelN.java:529) ~[amqp-client-5.27.1.jar:5.27.1]
	at com.rabbitmq.client.impl.ChannelN.processAsync(ChannelN.java:350) ~[amqp-client-5.27.1.jar:5.27.1]
	at com.rabbitmq.client.impl.AMQChannel.handleCompleteInboundCommand(AMQChannel.java:193) ~[amqp-client-5.27.1.jar:5.27.1]
	at com.rabbitmq.client.impl.AMQChannel.handleFrame(AMQChannel.java:125) ~[amqp-client-5.27.1.jar:5.27.1]
	at com.rabbitmq.client.impl.AMQConnection.readFrame(AMQConnection.java:768) ~[amqp-client-5.27.1.jar:5.27.1]
	at com.rabbitmq.client.impl.AMQConnection.access$400(AMQConnection.java:49) ~[amqp-client-5.27.1.jar:5.27.1]
	at com.rabbitmq.client.impl.AMQConnection$MainLoop.run(AMQConnection.java:695) ~[amqp-client-5.27.1.jar:5.27.1]
	... 1 common frames omitted

2026-01-06T11:37:28.714+06:00  WARN [inventory-service,,] 692178 --- [inventory-service] [ntContainer#0-6] o.s.a.r.listener.BlockingQueueConsumer   : Failed to declare queue: orders.queue
2026-01-06T11:37:33.720+06:00 ERROR [inventory-service,,] 692178 --- [inventory-service] [ntContainer#0-6] o.s.a.r.l.SimpleMessageListenerContainer : Consumer threw missing queues exception, fatal=false

org.springframework.amqp.rabbit.listener.QueuesNotAvailableException: Cannot prepare queue for listener. Either the queue doesn't exist or the broker will not allow us to use it.
	at org.springframework.amqp.rabbit.listener.BlockingQueueConsumer.handleDeclarationException(BlockingQueueConsumer.java:728) ~[spring-rabbit-4.0.1.jar:4.0.1]
	at org.springframework.amqp.rabbit.listener.BlockingQueueConsumer.passiveDeclarations(BlockingQueueConsumer.java:662) ~[spring-rabbit-4.0.1.jar:4.0.1]
	at org.springframework.amqp.rabbit.listener.BlockingQueueConsumer.start(BlockingQueueConsumer.java:642) ~[spring-rabbit-4.0.1.jar:4.0.1]
	at org.springframework.amqp.rabbit.listener.SimpleMessageListenerContainer$AsyncMessageProcessingConsumer.initialize(SimpleMessageListenerContainer.java:1524) ~[spring-rabbit-4.0.1.jar:4.0.1]
	at org.springframework.amqp.rabbit.listener.SimpleMessageListenerContainer$AsyncMessageProcessingConsumer.run(SimpleMessageListenerContainer.java:1356) ~[spring-rabbit-4.0.1.jar:4.0.1]
	at java.base/java.lang.Thread.run(Thread.java:1583) ~[na:na]
Caused by: org.springframework.amqp.rabbit.listener.BlockingQueueConsumer$DeclarationException: Failed to declare queue(s):[orders.queue]
	at org.springframework.amqp.rabbit.listener.BlockingQueueConsumer.attemptPassiveDeclarations(BlockingQueueConsumer.java:779) ~[spring-rabbit-4.0.1.jar:4.0.1]
	at org.springframework.amqp.rabbit.listener.BlockingQueueConsumer.passiveDeclarations(BlockingQueueConsumer.java:655) ~[spring-rabbit-4.0.1.jar:4.0.1]
	... 4 common frames omitted
Caused by: java.io.IOException
	at com.rabbitmq.client.impl.AMQChannel.wrap(AMQChannel.java:140) ~[amqp-client-5.27.1.jar:5.27.1]
	at com.rabbitmq.client.impl.AMQChannel.wrap(AMQChannel.java:136) ~[amqp-client-5.27.1.jar:5.27.1]
	at com.rabbitmq.client.impl.AMQChannel.exnWrappingRpc(AMQChannel.java:158) ~[amqp-client-5.27.1.jar:5.27.1]
	at com.rabbitmq.client.impl.ChannelN.queueDeclarePassive(ChannelN.java:1044) ~[amqp-client-5.27.1.jar:5.27.1]
	at com.rabbitmq.client.impl.ChannelN.queueDeclarePassive(ChannelN.java:48) ~[amqp-client-5.27.1.jar:5.27.1]
	at java.base/jdk.internal.reflect.DirectMethodHandleAccessor.invoke(DirectMethodHandleAccessor.java:103) ~[na:na]
	at java.base/java.lang.reflect.Method.invoke(Method.java:580) ~[na:na]
	at org.springframework.amqp.rabbit.connection.CachingConnectionFactory$CachedChannelInvocationHandler.invoke(CachingConnectionFactory.java:1220) ~[spring-rabbit-4.0.1.jar:4.0.1]
	at jdk.proxy2/jdk.proxy2.$Proxy87.queueDeclarePassive(Unknown Source) ~[na:na]
	at org.springframework.amqp.rabbit.listener.BlockingQueueConsumer.attemptPassiveDeclarations(BlockingQueueConsumer.java:756) ~[spring-rabbit-4.0.1.jar:4.0.1]
	... 5 common frames omitted
Caused by: com.rabbitmq.client.ShutdownSignalException: channel error; protocol method: #method<channel.close>(reply-code=404, reply-text=NOT_FOUND - no queue 'orders.queue' in vhost '/', class-id=50, method-id=10)
	at com.rabbitmq.utility.ValueOrException.getValue(ValueOrException.java:66) ~[amqp-client-5.27.1.jar:5.27.1]
	at com.rabbitmq.utility.BlockingValueOrException.uninterruptibleGetValue(BlockingValueOrException.java:36) ~[amqp-client-5.27.1.jar:5.27.1]
	at com.rabbitmq.client.impl.AMQChannel$BlockingRpcContinuation.getReply(AMQChannel.java:552) ~[amqp-client-5.27.1.jar:5.27.1]
	at com.rabbitmq.client.impl.AMQChannel.privateRpc(AMQChannel.java:316) ~[amqp-client-5.27.1.jar:5.27.1]
	at com.rabbitmq.client.impl.AMQChannel.exnWrappingRpc(AMQChannel.java:152) ~[amqp-client-5.27.1.jar:5.27.1]
	... 12 common frames omitted
Caused by: com.rabbitmq.client.ShutdownSignalException: channel error; protocol method: #method<channel.close>(reply-code=404, reply-text=NOT_FOUND - no queue 'orders.queue' in vhost '/', class-id=50, method-id=10)
	at com.rabbitmq.client.impl.ChannelN.asyncShutdown(ChannelN.java:529) ~[amqp-client-5.27.1.jar:5.27.1]
	at com.rabbitmq.client.impl.ChannelN.processAsync(ChannelN.java:350) ~[amqp-client-5.27.1.jar:5.27.1]
	at com.rabbitmq.client.impl.AMQChannel.handleCompleteInboundCommand(AMQChannel.java:193) ~[amqp-client-5.27.1.jar:5.27.1]
	at com.rabbitmq.client.impl.AMQChannel.handleFrame(AMQChannel.java:125) ~[amqp-client-5.27.1.jar:5.27.1]
	at com.rabbitmq.client.impl.AMQConnection.readFrame(AMQConnection.java:768) ~[amqp-client-5.27.1.jar:5.27.1]
	at com.rabbitmq.client.impl.AMQConnection.access$400(AMQConnection.java:49) ~[amqp-client-5.27.1.jar:5.27.1]
	at com.rabbitmq.client.impl.AMQConnection$MainLoop.run(AMQConnection.java:695) ~[amqp-client-5.27.1.jar:5.27.1]
	... 1 common frames omitted

2026-01-06T11:37:33.721+06:00  INFO [inventory-service,,] 692178 --- [inventory-service] [ntContainer#0-6] o.s.a.r.l.SimpleMessageListenerContainer : Restarting Consumer@339b9be4: tags=[[]], channel=Cached Rabbit Channel: AMQChannel(amqp://guest@127.0.0.1:5672/,1), conn: Proxy@7a814310 Shared Rabbit Connection: SimpleConnection@6bb4cc0e [delegate=amqp://guest@127.0.0.1:5672/, localPort=51158], acknowledgeMode=AUTO local queue size=0
2026-01-06T11:37:33.731+06:00  WARN [inventory-service,,] 692178 --- [inventory-service] [ntContainer#0-7] o.s.a.r.listener.BlockingQueueConsumer   : Failed to declare queue: orders.queue
2026-01-06T11:37:33.732+06:00  WARN [inventory-service,,] 692178 --- [inventory-service] [ntContainer#0-7] o.s.a.r.listener.BlockingQueueConsumer   : Queue declaration failed; retries left=3

org.springframework.amqp.rabbit.listener.BlockingQueueConsumer$DeclarationException: Failed to declare queue(s):[orders.queue]
	at org.springframework.amqp.rabbit.listener.BlockingQueueConsumer.attemptPassiveDeclarations(BlockingQueueConsumer.java:779) ~[spring-rabbit-4.0.1.jar:4.0.1]
	at org.springframework.amqp.rabbit.listener.BlockingQueueConsumer.passiveDeclarations(BlockingQueueConsumer.java:655) ~[spring-rabbit-4.0.1.jar:4.0.1]
	at org.springframework.amqp.rabbit.listener.BlockingQueueConsumer.start(BlockingQueueConsumer.java:642) ~[spring-rabbit-4.0.1.jar:4.0.1]
	at org.springframework.amqp.rabbit.listener.SimpleMessageListenerContainer$AsyncMessageProcessingConsumer.initialize(SimpleMessageListenerContainer.java:1524) ~[spring-rabbit-4.0.1.jar:4.0.1]
	at org.springframework.amqp.rabbit.listener.SimpleMessageListenerContainer$AsyncMessageProcessingConsumer.run(SimpleMessageListenerContainer.java:1356) ~[spring-rabbit-4.0.1.jar:4.0.1]
	at java.base/java.lang.Thread.run(Thread.java:1583) ~[na:na]
Caused by: java.io.IOException
	at com.rabbitmq.client.impl.AMQChannel.wrap(AMQChannel.java:140) ~[amqp-client-5.27.1.jar:5.27.1]
	at com.rabbitmq.client.impl.AMQChannel.wrap(AMQChannel.java:136) ~[amqp-client-5.27.1.jar:5.27.1]
	at com.rabbitmq.client.impl.AMQChannel.exnWrappingRpc(AMQChannel.java:158) ~[amqp-client-5.27.1.jar:5.27.1]
	at com.rabbitmq.client.impl.ChannelN.queueDeclarePassive(ChannelN.java:1044) ~[amqp-client-5.27.1.jar:5.27.1]
	at com.rabbitmq.client.impl.ChannelN.queueDeclarePassive(ChannelN.java:48) ~[amqp-client-5.27.1.jar:5.27.1]
	at java.base/jdk.internal.reflect.DirectMethodHandleAccessor.invoke(DirectMethodHandleAccessor.java:103) ~[na:na]
	at java.base/java.lang.reflect.Method.invoke(Method.java:580) ~[na:na]
	at org.springframework.amqp.rabbit.connection.CachingConnectionFactory$CachedChannelInvocationHandler.invoke(CachingConnectionFactory.java:1220) ~[spring-rabbit-4.0.1.jar:4.0.1]
	at jdk.proxy2/jdk.proxy2.$Proxy87.queueDeclarePassive(Unknown Source) ~[na:na]
	at org.springframework.amqp.rabbit.listener.BlockingQueueConsumer.attemptPassiveDeclarations(BlockingQueueConsumer.java:756) ~[spring-rabbit-4.0.1.jar:4.0.1]
	... 5 common frames omitted
Caused by: com.rabbitmq.client.ShutdownSignalException: channel error; protocol method: #method<channel.close>(reply-code=404, reply-text=NOT_FOUND - no queue 'orders.queue' in vhost '/', class-id=50, method-id=10)
	at com.rabbitmq.utility.ValueOrException.getValue(ValueOrException.java:66) ~[amqp-client-5.27.1.jar:5.27.1]
	at com.rabbitmq.utility.BlockingValueOrException.uninterruptibleGetValue(BlockingValueOrException.java:36) ~[amqp-client-5.27.1.jar:5.27.1]
	at com.rabbitmq.client.impl.AMQChannel$BlockingRpcContinuation.getReply(AMQChannel.java:552) ~[amqp-client-5.27.1.jar:5.27.1]
	at com.rabbitmq.client.impl.AMQChannel.privateRpc(AMQChannel.java:316) ~[amqp-client-5.27.1.jar:5.27.1]
	at com.rabbitmq.client.impl.AMQChannel.exnWrappingRpc(AMQChannel.java:152) ~[amqp-client-5.27.1.jar:5.27.1]
	... 12 common frames omitted
Caused by: com.rabbitmq.client.ShutdownSignalException: channel error; protocol method: #method<channel.close>(reply-code=404, reply-text=NOT_FOUND - no queue 'orders.queue' in vhost '/', class-id=50, method-id=10)
	at com.rabbitmq.client.impl.ChannelN.asyncShutdown(ChannelN.java:529) ~[amqp-client-5.27.1.jar:5.27.1]
	at com.rabbitmq.client.impl.ChannelN.processAsync(ChannelN.java:350) ~[amqp-client-5.27.1.jar:5.27.1]
	at com.rabbitmq.client.impl.AMQChannel.handleCompleteInboundCommand(AMQChannel.java:193) ~[amqp-client-5.27.1.jar:5.27.1]
	at com.rabbitmq.client.impl.AMQChannel.handleFrame(AMQChannel.java:125) ~[amqp-client-5.27.1.jar:5.27.1]
	at com.rabbitmq.client.impl.AMQConnection.readFrame(AMQConnection.java:768) ~[amqp-client-5.27.1.jar:5.27.1]
	at com.rabbitmq.client.impl.AMQConnection.access$400(AMQConnection.java:49) ~[amqp-client-5.27.1.jar:5.27.1]
	at com.rabbitmq.client.impl.AMQConnection$MainLoop.run(AMQConnection.java:695) ~[amqp-client-5.27.1.jar:5.27.1]
	... 1 common frames omitted

2026-01-06T11:37:38.739+06:00  WARN [inventory-service,,] 692178 --- [inventory-service] [ntContainer#0-7] o.s.a.r.listener.BlockingQueueConsumer   : Failed to declare queue: orders.queue
2026-01-06T11:37:38.739+06:00  WARN [inventory-service,,] 692178 --- [inventory-service] [ntContainer#0-7] o.s.a.r.listener.BlockingQueueConsumer   : Queue declaration failed; retries left=2

org.springframework.amqp.rabbit.listener.BlockingQueueConsumer$DeclarationException: Failed to declare queue(s):[orders.queue]
	at org.springframework.amqp.rabbit.listener.BlockingQueueConsumer.attemptPassiveDeclarations(BlockingQueueConsumer.java:779) ~[spring-rabbit-4.0.1.jar:4.0.1]
	at org.springframework.amqp.rabbit.listener.BlockingQueueConsumer.passiveDeclarations(BlockingQueueConsumer.java:655) ~[spring-rabbit-4.0.1.jar:4.0.1]
	at org.springframework.amqp.rabbit.listener.BlockingQueueConsumer.start(BlockingQueueConsumer.java:642) ~[spring-rabbit-4.0.1.jar:4.0.1]
	at org.springframework.amqp.rabbit.listener.SimpleMessageListenerContainer$AsyncMessageProcessingConsumer.initialize(SimpleMessageListenerContainer.java:1524) ~[spring-rabbit-4.0.1.jar:4.0.1]
	at org.springframework.amqp.rabbit.listener.SimpleMessageListenerContainer$AsyncMessageProcessingConsumer.run(SimpleMessageListenerContainer.java:1356) ~[spring-rabbit-4.0.1.jar:4.0.1]
	at java.base/java.lang.Thread.run(Thread.java:1583) ~[na:na]
Caused by: java.io.IOException
	at com.rabbitmq.client.impl.AMQChannel.wrap(AMQChannel.java:140) ~[amqp-client-5.27.1.jar:5.27.1]
	at com.rabbitmq.client.impl.AMQChannel.wrap(AMQChannel.java:136) ~[amqp-client-5.27.1.jar:5.27.1]
	at com.rabbitmq.client.impl.AMQChannel.exnWrappingRpc(AMQChannel.java:158) ~[amqp-client-5.27.1.jar:5.27.1]
	at com.rabbitmq.client.impl.ChannelN.queueDeclarePassive(ChannelN.java:1044) ~[amqp-client-5.27.1.jar:5.27.1]
	at com.rabbitmq.client.impl.ChannelN.queueDeclarePassive(ChannelN.java:48) ~[amqp-client-5.27.1.jar:5.27.1]
	at java.base/jdk.internal.reflect.DirectMethodHandleAccessor.invoke(DirectMethodHandleAccessor.java:103) ~[na:na]
	at java.base/java.lang.reflect.Method.invoke(Method.java:580) ~[na:na]
	at org.springframework.amqp.rabbit.connection.CachingConnectionFactory$CachedChannelInvocationHandler.invoke(CachingConnectionFactory.java:1220) ~[spring-rabbit-4.0.1.jar:4.0.1]
	at jdk.proxy2/jdk.proxy2.$Proxy87.queueDeclarePassive(Unknown Source) ~[na:na]
	at org.springframework.amqp.rabbit.listener.BlockingQueueConsumer.attemptPassiveDeclarations(BlockingQueueConsumer.java:756) ~[spring-rabbit-4.0.1.jar:4.0.1]
	... 5 common frames omitted
Caused by: com.rabbitmq.client.ShutdownSignalException: channel error; protocol method: #method<channel.close>(reply-code=404, reply-text=NOT_FOUND - no queue 'orders.queue' in vhost '/', class-id=50, method-id=10)
	at com.rabbitmq.utility.ValueOrException.getValue(ValueOrException.java:66) ~[amqp-client-5.27.1.jar:5.27.1]
	at com.rabbitmq.utility.BlockingValueOrException.uninterruptibleGetValue(BlockingValueOrException.java:36) ~[amqp-client-5.27.1.jar:5.27.1]
	at com.rabbitmq.client.impl.AMQChannel$BlockingRpcContinuation.getReply(AMQChannel.java:552) ~[amqp-client-5.27.1.jar:5.27.1]
	at com.rabbitmq.client.impl.AMQChannel.privateRpc(AMQChannel.java:316) ~[amqp-client-5.27.1.jar:5.27.1]
	at com.rabbitmq.client.impl.AMQChannel.exnWrappingRpc(AMQChannel.java:152) ~[amqp-client-5.27.1.jar:5.27.1]
	... 12 common frames omitted
Caused by: com.rabbitmq.client.ShutdownSignalException: channel error; protocol method: #method<channel.close>(reply-code=404, reply-text=NOT_FOUND - no queue 'orders.queue' in vhost '/', class-id=50, method-id=10)
	at com.rabbitmq.client.impl.ChannelN.asyncShutdown(ChannelN.java:529) ~[amqp-client-5.27.1.jar:5.27.1]
	at com.rabbitmq.client.impl.ChannelN.processAsync(ChannelN.java:350) ~[amqp-client-5.27.1.jar:5.27.1]
	at com.rabbitmq.client.impl.AMQChannel.handleCompleteInboundCommand(AMQChannel.java:193) ~[amqp-client-5.27.1.jar:5.27.1]
	at com.rabbitmq.client.impl.AMQChannel.handleFrame(AMQChannel.java:125) ~[amqp-client-5.27.1.jar:5.27.1]
	at com.rabbitmq.client.impl.AMQConnection.readFrame(AMQConnection.java:768) ~[amqp-client-5.27.1.jar:5.27.1]
	at com.rabbitmq.client.impl.AMQConnection.access$400(AMQConnection.java:49) ~[amqp-client-5.27.1.jar:5.27.1]
	at com.rabbitmq.client.impl.AMQConnection$MainLoop.run(AMQConnection.java:695) ~[amqp-client-5.27.1.jar:5.27.1]
	... 1 common frames omitted

2026-01-06T11:37:43.744+06:00  WARN [inventory-service,,] 692178 --- [inventory-service] [ntContainer#0-7] o.s.a.r.listener.BlockingQueueConsumer   : Failed to declare queue: orders.queue
2026-01-06T11:37:43.745+06:00  WARN [inventory-service,,] 692178 --- [inventory-service] [ntContainer#0-7] o.s.a.r.listener.BlockingQueueConsumer   : Queue declaration failed; retries left=1

org.springframework.amqp.rabbit.listener.BlockingQueueConsumer$DeclarationException: Failed to declare queue(s):[orders.queue]
	at org.springframework.amqp.rabbit.listener.BlockingQueueConsumer.attemptPassiveDeclarations(BlockingQueueConsumer.java:779) ~[spring-rabbit-4.0.1.jar:4.0.1]
	at org.springframework.amqp.rabbit.listener.BlockingQueueConsumer.passiveDeclarations(BlockingQueueConsumer.java:655) ~[spring-rabbit-4.0.1.jar:4.0.1]
	at org.springframework.amqp.rabbit.listener.BlockingQueueConsumer.start(BlockingQueueConsumer.java:642) ~[spring-rabbit-4.0.1.jar:4.0.1]
	at org.springframework.amqp.rabbit.listener.SimpleMessageListenerContainer$AsyncMessageProcessingConsumer.initialize(SimpleMessageListenerContainer.java:1524) ~[spring-rabbit-4.0.1.jar:4.0.1]
	at org.springframework.amqp.rabbit.listener.SimpleMessageListenerContainer$AsyncMessageProcessingConsumer.run(SimpleMessageListenerContainer.java:1356) ~[spring-rabbit-4.0.1.jar:4.0.1]
	at java.base/java.lang.Thread.run(Thread.java:1583) ~[na:na]
Caused by: java.io.IOException
	at com.rabbitmq.client.impl.AMQChannel.wrap(AMQChannel.java:140) ~[amqp-client-5.27.1.jar:5.27.1]
	at com.rabbitmq.client.impl.AMQChannel.wrap(AMQChannel.java:136) ~[amqp-client-5.27.1.jar:5.27.1]
	at com.rabbitmq.client.impl.AMQChannel.exnWrappingRpc(AMQChannel.java:158) ~[amqp-client-5.27.1.jar:5.27.1]
	at com.rabbitmq.client.impl.ChannelN.queueDeclarePassive(ChannelN.java:1044) ~[amqp-client-5.27.1.jar:5.27.1]
	at com.rabbitmq.client.impl.ChannelN.queueDeclarePassive(ChannelN.java:48) ~[amqp-client-5.27.1.jar:5.27.1]
	at java.base/jdk.internal.reflect.DirectMethodHandleAccessor.invoke(DirectMethodHandleAccessor.java:103) ~[na:na]
	at java.base/java.lang.reflect.Method.invoke(Method.java:580) ~[na:na]
	at org.springframework.amqp.rabbit.connection.CachingConnectionFactory$CachedChannelInvocationHandler.invoke(CachingConnectionFactory.java:1220) ~[spring-rabbit-4.0.1.jar:4.0.1]
	at jdk.proxy2/jdk.proxy2.$Proxy87.queueDeclarePassive(Unknown Source) ~[na:na]
	at org.springframework.amqp.rabbit.listener.BlockingQueueConsumer.attemptPassiveDeclarations(BlockingQueueConsumer.java:756) ~[spring-rabbit-4.0.1.jar:4.0.1]
	... 5 common frames omitted
Caused by: com.rabbitmq.client.ShutdownSignalException: channel error; protocol method: #method<channel.close>(reply-code=404, reply-text=NOT_FOUND - no queue 'orders.queue' in vhost '/', class-id=50, method-id=10)
	at com.rabbitmq.utility.ValueOrException.getValue(ValueOrException.java:66) ~[amqp-client-5.27.1.jar:5.27.1]
	at com.rabbitmq.utility.BlockingValueOrException.uninterruptibleGetValue(BlockingValueOrException.java:36) ~[amqp-client-5.27.1.jar:5.27.1]
	at com.rabbitmq.client.impl.AMQChannel$BlockingRpcContinuation.getReply(AMQChannel.java:552) ~[amqp-client-5.27.1.jar:5.27.1]
	at com.rabbitmq.client.impl.AMQChannel.privateRpc(AMQChannel.java:316) ~[amqp-client-5.27.1.jar:5.27.1]
	at com.rabbitmq.client.impl.AMQChannel.exnWrappingRpc(AMQChannel.java:152) ~[amqp-client-5.27.1.jar:5.27.1]
	... 12 common frames omitted
Caused by: com.rabbitmq.client.ShutdownSignalException: channel error; protocol method: #method<channel.close>(reply-code=404, reply-text=NOT_FOUND - no queue 'orders.queue' in vhost '/', class-id=50, method-id=10)
	at com.rabbitmq.client.impl.ChannelN.asyncShutdown(ChannelN.java:529) ~[amqp-client-5.27.1.jar:5.27.1]
	at com.rabbitmq.client.impl.ChannelN.processAsync(ChannelN.java:350) ~[amqp-client-5.27.1.jar:5.27.1]
	at com.rabbitmq.client.impl.AMQChannel.handleCompleteInboundCommand(AMQChannel.java:193) ~[amqp-client-5.27.1.jar:5.27.1]
	at com.rabbitmq.client.impl.AMQChannel.handleFrame(AMQChannel.java:125) ~[amqp-client-5.27.1.jar:5.27.1]
	at com.rabbitmq.client.impl.AMQConnection.readFrame(AMQConnection.java:768) ~[amqp-client-5.27.1.jar:5.27.1]
	at com.rabbitmq.client.impl.AMQConnection.access$400(AMQConnection.java:49) ~[amqp-client-5.27.1.jar:5.27.1]
	at com.rabbitmq.client.impl.AMQConnection$MainLoop.run(AMQConnection.java:695) ~[amqp-client-5.27.1.jar:5.27.1]
	... 1 common frames omitted

2026-01-06T11:37:48.751+06:00  WARN [inventory-service,,] 692178 --- [inventory-service] [ntContainer#0-7] o.s.a.r.listener.BlockingQueueConsumer   : Failed to declare queue: orders.queue
2026-01-06T11:37:53.757+06:00 ERROR [inventory-service,,] 692178 --- [inventory-service] [ntContainer#0-7] o.s.a.r.l.SimpleMessageListenerContainer : Consumer threw missing queues exception, fatal=false

org.springframework.amqp.rabbit.listener.QueuesNotAvailableException: Cannot prepare queue for listener. Either the queue doesn't exist or the broker will not allow us to use it.
	at org.springframework.amqp.rabbit.listener.BlockingQueueConsumer.handleDeclarationException(BlockingQueueConsumer.java:728) ~[spring-rabbit-4.0.1.jar:4.0.1]
	at org.springframework.amqp.rabbit.listener.BlockingQueueConsumer.passiveDeclarations(BlockingQueueConsumer.java:662) ~[spring-rabbit-4.0.1.jar:4.0.1]
	at org.springframework.amqp.rabbit.listener.BlockingQueueConsumer.start(BlockingQueueConsumer.java:642) ~[spring-rabbit-4.0.1.jar:4.0.1]
	at org.springframework.amqp.rabbit.listener.SimpleMessageListenerContainer$AsyncMessageProcessingConsumer.initialize(SimpleMessageListenerContainer.java:1524) ~[spring-rabbit-4.0.1.jar:4.0.1]
	at org.springframework.amqp.rabbit.listener.SimpleMessageListenerContainer$AsyncMessageProcessingConsumer.run(SimpleMessageListenerContainer.java:1356) ~[spring-rabbit-4.0.1.jar:4.0.1]
	at java.base/java.lang.Thread.run(Thread.java:1583) ~[na:na]
Caused by: org.springframework.amqp.rabbit.listener.BlockingQueueConsumer$DeclarationException: Failed to declare queue(s):[orders.queue]
	at org.springframework.amqp.rabbit.listener.BlockingQueueConsumer.attemptPassiveDeclarations(BlockingQueueConsumer.java:779) ~[spring-rabbit-4.0.1.jar:4.0.1]
	at org.springframework.amqp.rabbit.listener.BlockingQueueConsumer.passiveDeclarations(BlockingQueueConsumer.java:655) ~[spring-rabbit-4.0.1.jar:4.0.1]
	... 4 common frames omitted
Caused by: java.io.IOException
	at com.rabbitmq.client.impl.AMQChannel.wrap(AMQChannel.java:140) ~[amqp-client-5.27.1.jar:5.27.1]
	at com.rabbitmq.client.impl.AMQChannel.wrap(AMQChannel.java:136) ~[amqp-client-5.27.1.jar:5.27.1]
	at com.rabbitmq.client.impl.AMQChannel.exnWrappingRpc(AMQChannel.java:158) ~[amqp-client-5.27.1.jar:5.27.1]
	at com.rabbitmq.client.impl.ChannelN.queueDeclarePassive(ChannelN.java:1044) ~[amqp-client-5.27.1.jar:5.27.1]
	at com.rabbitmq.client.impl.ChannelN.queueDeclarePassive(ChannelN.java:48) ~[amqp-client-5.27.1.jar:5.27.1]
	at java.base/jdk.internal.reflect.DirectMethodHandleAccessor.invoke(DirectMethodHandleAccessor.java:103) ~[na:na]
	at java.base/java.lang.reflect.Method.invoke(Method.java:580) ~[na:na]
	at org.springframework.amqp.rabbit.connection.CachingConnectionFactory$CachedChannelInvocationHandler.invoke(CachingConnectionFactory.java:1220) ~[spring-rabbit-4.0.1.jar:4.0.1]
	at jdk.proxy2/jdk.proxy2.$Proxy87.queueDeclarePassive(Unknown Source) ~[na:na]
	at org.springframework.amqp.rabbit.listener.BlockingQueueConsumer.attemptPassiveDeclarations(BlockingQueueConsumer.java:756) ~[spring-rabbit-4.0.1.jar:4.0.1]
	... 5 common frames omitted
Caused by: com.rabbitmq.client.ShutdownSignalException: channel error; protocol method: #method<channel.close>(reply-code=404, reply-text=NOT_FOUND - no queue 'orders.queue' in vhost '/', class-id=50, method-id=10)
	at com.rabbitmq.utility.ValueOrException.getValue(ValueOrException.java:66) ~[amqp-client-5.27.1.jar:5.27.1]
	at com.rabbitmq.utility.BlockingValueOrException.uninterruptibleGetValue(BlockingValueOrException.java:36) ~[amqp-client-5.27.1.jar:5.27.1]
	at com.rabbitmq.client.impl.AMQChannel$BlockingRpcContinuation.getReply(AMQChannel.java:552) ~[amqp-client-5.27.1.jar:5.27.1]
	at com.rabbitmq.client.impl.AMQChannel.privateRpc(AMQChannel.java:316) ~[amqp-client-5.27.1.jar:5.27.1]
	at com.rabbitmq.client.impl.AMQChannel.exnWrappingRpc(AMQChannel.java:152) ~[amqp-client-5.27.1.jar:5.27.1]
	... 12 common frames omitted
Caused by: com.rabbitmq.client.ShutdownSignalException: channel error; protocol method: #method<channel.close>(reply-code=404, reply-text=NOT_FOUND - no queue 'orders.queue' in vhost '/', class-id=50, method-id=10)
	at com.rabbitmq.client.impl.ChannelN.asyncShutdown(ChannelN.java:529) ~[amqp-client-5.27.1.jar:5.27.1]
	at com.rabbitmq.client.impl.ChannelN.processAsync(ChannelN.java:350) ~[amqp-client-5.27.1.jar:5.27.1]
	at com.rabbitmq.client.impl.AMQChannel.handleCompleteInboundCommand(AMQChannel.java:193) ~[amqp-client-5.27.1.jar:5.27.1]
	at com.rabbitmq.client.impl.AMQChannel.handleFrame(AMQChannel.java:125) ~[amqp-client-5.27.1.jar:5.27.1]
	at com.rabbitmq.client.impl.AMQConnection.readFrame(AMQConnection.java:768) ~[amqp-client-5.27.1.jar:5.27.1]
	at com.rabbitmq.client.impl.AMQConnection.access$400(AMQConnection.java:49) ~[amqp-client-5.27.1.jar:5.27.1]
	at com.rabbitmq.client.impl.AMQConnection$MainLoop.run(AMQConnection.java:695) ~[amqp-client-5.27.1.jar:5.27.1]
	... 1 common frames omitted

2026-01-06T11:37:53.759+06:00  INFO [inventory-service,,] 692178 --- [inventory-service] [ntContainer#0-7] o.s.a.r.l.SimpleMessageListenerContainer : Restarting Consumer@4a13d16e: tags=[[]], channel=Cached Rabbit Channel: AMQChannel(amqp://guest@127.0.0.1:5672/,1), conn: Proxy@7a814310 Shared Rabbit Connection: SimpleConnection@6bb4cc0e [delegate=amqp://guest@127.0.0.1:5672/, localPort=51158], acknowledgeMode=AUTO local queue size=0
2026-01-06T11:37:53.768+06:00  WARN [inventory-service,,] 692178 --- [inventory-service] [ntContainer#0-8] o.s.a.r.listener.BlockingQueueConsumer   : Failed to declare queue: orders.queue
2026-01-06T11:37:53.769+06:00  WARN [inventory-service,,] 692178 --- [inventory-service] [ntContainer#0-8] o.s.a.r.listener.BlockingQueueConsumer   : Queue declaration failed; retries left=3

org.springframework.amqp.rabbit.listener.BlockingQueueConsumer$DeclarationException: Failed to declare queue(s):[orders.queue]
	at org.springframework.amqp.rabbit.listener.BlockingQueueConsumer.attemptPassiveDeclarations(BlockingQueueConsumer.java:779) ~[spring-rabbit-4.0.1.jar:4.0.1]
	at org.springframework.amqp.rabbit.listener.BlockingQueueConsumer.passiveDeclarations(BlockingQueueConsumer.java:655) ~[spring-rabbit-4.0.1.jar:4.0.1]
	at org.springframework.amqp.rabbit.listener.BlockingQueueConsumer.start(BlockingQueueConsumer.java:642) ~[spring-rabbit-4.0.1.jar:4.0.1]
	at org.springframework.amqp.rabbit.listener.SimpleMessageListenerContainer$AsyncMessageProcessingConsumer.initialize(SimpleMessageListenerContainer.java:1524) ~[spring-rabbit-4.0.1.jar:4.0.1]
	at org.springframework.amqp.rabbit.listener.SimpleMessageListenerContainer$AsyncMessageProcessingConsumer.run(SimpleMessageListenerContainer.java:1356) ~[spring-rabbit-4.0.1.jar:4.0.1]
	at java.base/java.lang.Thread.run(Thread.java:1583) ~[na:na]
Caused by: java.io.IOException
	at com.rabbitmq.client.impl.AMQChannel.wrap(AMQChannel.java:140) ~[amqp-client-5.27.1.jar:5.27.1]
	at com.rabbitmq.client.impl.AMQChannel.wrap(AMQChannel.java:136) ~[amqp-client-5.27.1.jar:5.27.1]
	at com.rabbitmq.client.impl.AMQChannel.exnWrappingRpc(AMQChannel.java:158) ~[amqp-client-5.27.1.jar:5.27.1]
	at com.rabbitmq.client.impl.ChannelN.queueDeclarePassive(ChannelN.java:1044) ~[amqp-client-5.27.1.jar:5.27.1]
	at com.rabbitmq.client.impl.ChannelN.queueDeclarePassive(ChannelN.java:48) ~[amqp-client-5.27.1.jar:5.27.1]
	at java.base/jdk.internal.reflect.DirectMethodHandleAccessor.invoke(DirectMethodHandleAccessor.java:103) ~[na:na]
	at java.base/java.lang.reflect.Method.invoke(Method.java:580) ~[na:na]
	at org.springframework.amqp.rabbit.connection.CachingConnectionFactory$CachedChannelInvocationHandler.invoke(CachingConnectionFactory.java:1220) ~[spring-rabbit-4.0.1.jar:4.0.1]
	at jdk.proxy2/jdk.proxy2.$Proxy87.queueDeclarePassive(Unknown Source) ~[na:na]
	at org.springframework.amqp.rabbit.listener.BlockingQueueConsumer.attemptPassiveDeclarations(BlockingQueueConsumer.java:756) ~[spring-rabbit-4.0.1.jar:4.0.1]
	... 5 common frames omitted
Caused by: com.rabbitmq.client.ShutdownSignalException: channel error; protocol method: #method<channel.close>(reply-code=404, reply-text=NOT_FOUND - no queue 'orders.queue' in vhost '/', class-id=50, method-id=10)
	at com.rabbitmq.utility.ValueOrException.getValue(ValueOrException.java:66) ~[amqp-client-5.27.1.jar:5.27.1]
	at com.rabbitmq.utility.BlockingValueOrException.uninterruptibleGetValue(BlockingValueOrException.java:36) ~[amqp-client-5.27.1.jar:5.27.1]
	at com.rabbitmq.client.impl.AMQChannel$BlockingRpcContinuation.getReply(AMQChannel.java:552) ~[amqp-client-5.27.1.jar:5.27.1]
	at com.rabbitmq.client.impl.AMQChannel.privateRpc(AMQChannel.java:316) ~[amqp-client-5.27.1.jar:5.27.1]
	at com.rabbitmq.client.impl.AMQChannel.exnWrappingRpc(AMQChannel.java:152) ~[amqp-client-5.27.1.jar:5.27.1]
	... 12 common frames omitted
Caused by: com.rabbitmq.client.ShutdownSignalException: channel error; protocol method: #method<channel.close>(reply-code=404, reply-text=NOT_FOUND - no queue 'orders.queue' in vhost '/', class-id=50, method-id=10)
	at com.rabbitmq.client.impl.ChannelN.asyncShutdown(ChannelN.java:529) ~[amqp-client-5.27.1.jar:5.27.1]
	at com.rabbitmq.client.impl.ChannelN.processAsync(ChannelN.java:350) ~[amqp-client-5.27.1.jar:5.27.1]
	at com.rabbitmq.client.impl.AMQChannel.handleCompleteInboundCommand(AMQChannel.java:193) ~[amqp-client-5.27.1.jar:5.27.1]
	at com.rabbitmq.client.impl.AMQChannel.handleFrame(AMQChannel.java:125) ~[amqp-client-5.27.1.jar:5.27.1]
	at com.rabbitmq.client.impl.AMQConnection.readFrame(AMQConnection.java:768) ~[amqp-client-5.27.1.jar:5.27.1]
	at com.rabbitmq.client.impl.AMQConnection.access$400(AMQConnection.java:49) ~[amqp-client-5.27.1.jar:5.27.1]
	at com.rabbitmq.client.impl.AMQConnection$MainLoop.run(AMQConnection.java:695) ~[amqp-client-5.27.1.jar:5.27.1]
	... 1 common frames omitted

2026-01-06T11:37:58.775+06:00  WARN [inventory-service,,] 692178 --- [inventory-service] [ntContainer#0-8] o.s.a.r.listener.BlockingQueueConsumer   : Failed to declare queue: orders.queue
2026-01-06T11:37:58.776+06:00  WARN [inventory-service,,] 692178 --- [inventory-service] [ntContainer#0-8] o.s.a.r.listener.BlockingQueueConsumer   : Queue declaration failed; retries left=2

org.springframework.amqp.rabbit.listener.BlockingQueueConsumer$DeclarationException: Failed to declare queue(s):[orders.queue]
	at org.springframework.amqp.rabbit.listener.BlockingQueueConsumer.attemptPassiveDeclarations(BlockingQueueConsumer.java:779) ~[spring-rabbit-4.0.1.jar:4.0.1]
	at org.springframework.amqp.rabbit.listener.BlockingQueueConsumer.passiveDeclarations(BlockingQueueConsumer.java:655) ~[spring-rabbit-4.0.1.jar:4.0.1]
	at org.springframework.amqp.rabbit.listener.BlockingQueueConsumer.start(BlockingQueueConsumer.java:642) ~[spring-rabbit-4.0.1.jar:4.0.1]
	at org.springframework.amqp.rabbit.listener.SimpleMessageListenerContainer$AsyncMessageProcessingConsumer.initialize(SimpleMessageListenerContainer.java:1524) ~[spring-rabbit-4.0.1.jar:4.0.1]
	at org.springframework.amqp.rabbit.listener.SimpleMessageListenerContainer$AsyncMessageProcessingConsumer.run(SimpleMessageListenerContainer.java:1356) ~[spring-rabbit-4.0.1.jar:4.0.1]
	at java.base/java.lang.Thread.run(Thread.java:1583) ~[na:na]
Caused by: java.io.IOException
	at com.rabbitmq.client.impl.AMQChannel.wrap(AMQChannel.java:140) ~[amqp-client-5.27.1.jar:5.27.1]
	at com.rabbitmq.client.impl.AMQChannel.wrap(AMQChannel.java:136) ~[amqp-client-5.27.1.jar:5.27.1]
	at com.rabbitmq.client.impl.AMQChannel.exnWrappingRpc(AMQChannel.java:158) ~[amqp-client-5.27.1.jar:5.27.1]
	at com.rabbitmq.client.impl.ChannelN.queueDeclarePassive(ChannelN.java:1044) ~[amqp-client-5.27.1.jar:5.27.1]
	at com.rabbitmq.client.impl.ChannelN.queueDeclarePassive(ChannelN.java:48) ~[amqp-client-5.27.1.jar:5.27.1]
	at java.base/jdk.internal.reflect.DirectMethodHandleAccessor.invoke(DirectMethodHandleAccessor.java:103) ~[na:na]
	at java.base/java.lang.reflect.Method.invoke(Method.java:580) ~[na:na]
	at org.springframework.amqp.rabbit.connection.CachingConnectionFactory$CachedChannelInvocationHandler.invoke(CachingConnectionFactory.java:1220) ~[spring-rabbit-4.0.1.jar:4.0.1]
	at jdk.proxy2/jdk.proxy2.$Proxy87.queueDeclarePassive(Unknown Source) ~[na:na]
	at org.springframework.amqp.rabbit.listener.BlockingQueueConsumer.attemptPassiveDeclarations(BlockingQueueConsumer.java:756) ~[spring-rabbit-4.0.1.jar:4.0.1]
	... 5 common frames omitted
Caused by: com.rabbitmq.client.ShutdownSignalException: channel error; protocol method: #method<channel.close>(reply-code=404, reply-text=NOT_FOUND - no queue 'orders.queue' in vhost '/', class-id=50, method-id=10)
	at com.rabbitmq.utility.ValueOrException.getValue(ValueOrException.java:66) ~[amqp-client-5.27.1.jar:5.27.1]
	at com.rabbitmq.utility.BlockingValueOrException.uninterruptibleGetValue(BlockingValueOrException.java:36) ~[amqp-client-5.27.1.jar:5.27.1]
	at com.rabbitmq.client.impl.AMQChannel$BlockingRpcContinuation.getReply(AMQChannel.java:552) ~[amqp-client-5.27.1.jar:5.27.1]
	at com.rabbitmq.client.impl.AMQChannel.privateRpc(AMQChannel.java:316) ~[amqp-client-5.27.1.jar:5.27.1]
	at com.rabbitmq.client.impl.AMQChannel.exnWrappingRpc(AMQChannel.java:152) ~[amqp-client-5.27.1.jar:5.27.1]
	... 12 common frames omitted
Caused by: com.rabbitmq.client.ShutdownSignalException: channel error; protocol method: #method<channel.close>(reply-code=404, reply-text=NOT_FOUND - no queue 'orders.queue' in vhost '/', class-id=50, method-id=10)
	at com.rabbitmq.client.impl.ChannelN.asyncShutdown(ChannelN.java:529) ~[amqp-client-5.27.1.jar:5.27.1]
	at com.rabbitmq.client.impl.ChannelN.processAsync(ChannelN.java:350) ~[amqp-client-5.27.1.jar:5.27.1]
	at com.rabbitmq.client.impl.AMQChannel.handleCompleteInboundCommand(AMQChannel.java:193) ~[amqp-client-5.27.1.jar:5.27.1]
	at com.rabbitmq.client.impl.AMQChannel.handleFrame(AMQChannel.java:125) ~[amqp-client-5.27.1.jar:5.27.1]
	at com.rabbitmq.client.impl.AMQConnection.readFrame(AMQConnection.java:768) ~[amqp-client-5.27.1.jar:5.27.1]
	at com.rabbitmq.client.impl.AMQConnection.access$400(AMQConnection.java:49) ~[amqp-client-5.27.1.jar:5.27.1]
	at com.rabbitmq.client.impl.AMQConnection$MainLoop.run(AMQConnection.java:695) ~[amqp-client-5.27.1.jar:5.27.1]
	... 1 common frames omitted

2026-01-06T11:38:03.782+06:00  WARN [inventory-service,,] 692178 --- [inventory-service] [ntContainer#0-8] o.s.a.r.listener.BlockingQueueConsumer   : Failed to declare queue: orders.queue
2026-01-06T11:38:03.782+06:00  WARN [inventory-service,,] 692178 --- [inventory-service] [ntContainer#0-8] o.s.a.r.listener.BlockingQueueConsumer   : Queue declaration failed; retries left=1

org.springframework.amqp.rabbit.listener.BlockingQueueConsumer$DeclarationException: Failed to declare queue(s):[orders.queue]
	at org.springframework.amqp.rabbit.listener.BlockingQueueConsumer.attemptPassiveDeclarations(BlockingQueueConsumer.java:779) ~[spring-rabbit-4.0.1.jar:4.0.1]
	at org.springframework.amqp.rabbit.listener.BlockingQueueConsumer.passiveDeclarations(BlockingQueueConsumer.java:655) ~[spring-rabbit-4.0.1.jar:4.0.1]
	at org.springframework.amqp.rabbit.listener.BlockingQueueConsumer.start(BlockingQueueConsumer.java:642) ~[spring-rabbit-4.0.1.jar:4.0.1]
	at org.springframework.amqp.rabbit.listener.SimpleMessageListenerContainer$AsyncMessageProcessingConsumer.initialize(SimpleMessageListenerContainer.java:1524) ~[spring-rabbit-4.0.1.jar:4.0.1]
	at org.springframework.amqp.rabbit.listener.SimpleMessageListenerContainer$AsyncMessageProcessingConsumer.run(SimpleMessageListenerContainer.java:1356) ~[spring-rabbit-4.0.1.jar:4.0.1]
	at java.base/java.lang.Thread.run(Thread.java:1583) ~[na:na]
Caused by: java.io.IOException
	at com.rabbitmq.client.impl.AMQChannel.wrap(AMQChannel.java:140) ~[amqp-client-5.27.1.jar:5.27.1]
	at com.rabbitmq.client.impl.AMQChannel.wrap(AMQChannel.java:136) ~[amqp-client-5.27.1.jar:5.27.1]
	at com.rabbitmq.client.impl.AMQChannel.exnWrappingRpc(AMQChannel.java:158) ~[amqp-client-5.27.1.jar:5.27.1]
	at com.rabbitmq.client.impl.ChannelN.queueDeclarePassive(ChannelN.java:1044) ~[amqp-client-5.27.1.jar:5.27.1]
	at com.rabbitmq.client.impl.ChannelN.queueDeclarePassive(ChannelN.java:48) ~[amqp-client-5.27.1.jar:5.27.1]
	at java.base/jdk.internal.reflect.DirectMethodHandleAccessor.invoke(DirectMethodHandleAccessor.java:103) ~[na:na]
	at java.base/java.lang.reflect.Method.invoke(Method.java:580) ~[na:na]
	at org.springframework.amqp.rabbit.connection.CachingConnectionFactory$CachedChannelInvocationHandler.invoke(CachingConnectionFactory.java:1220) ~[spring-rabbit-4.0.1.jar:4.0.1]
	at jdk.proxy2/jdk.proxy2.$Proxy87.queueDeclarePassive(Unknown Source) ~[na:na]
	at org.springframework.amqp.rabbit.listener.BlockingQueueConsumer.attemptPassiveDeclarations(BlockingQueueConsumer.java:756) ~[spring-rabbit-4.0.1.jar:4.0.1]
	... 5 common frames omitted
Caused by: com.rabbitmq.client.ShutdownSignalException: channel error; protocol method: #method<channel.close>(reply-code=404, reply-text=NOT_FOUND - no queue 'orders.queue' in vhost '/', class-id=50, method-id=10)
	at com.rabbitmq.utility.ValueOrException.getValue(ValueOrException.java:66) ~[amqp-client-5.27.1.jar:5.27.1]
	at com.rabbitmq.utility.BlockingValueOrException.uninterruptibleGetValue(BlockingValueOrException.java:36) ~[amqp-client-5.27.1.jar:5.27.1]
	at com.rabbitmq.client.impl.AMQChannel$BlockingRpcContinuation.getReply(AMQChannel.java:552) ~[amqp-client-5.27.1.jar:5.27.1]
	at com.rabbitmq.client.impl.AMQChannel.privateRpc(AMQChannel.java:316) ~[amqp-client-5.27.1.jar:5.27.1]
	at com.rabbitmq.client.impl.AMQChannel.exnWrappingRpc(AMQChannel.java:152) ~[amqp-client-5.27.1.jar:5.27.1]
	... 12 common frames omitted
Caused by: com.rabbitmq.client.ShutdownSignalException: channel error; protocol method: #method<channel.close>(reply-code=404, reply-text=NOT_FOUND - no queue 'orders.queue' in vhost '/', class-id=50, method-id=10)
	at com.rabbitmq.client.impl.ChannelN.asyncShutdown(ChannelN.java:529) ~[amqp-client-5.27.1.jar:5.27.1]
	at com.rabbitmq.client.impl.ChannelN.processAsync(ChannelN.java:350) ~[amqp-client-5.27.1.jar:5.27.1]
	at com.rabbitmq.client.impl.AMQChannel.handleCompleteInboundCommand(AMQChannel.java:193) ~[amqp-client-5.27.1.jar:5.27.1]
	at com.rabbitmq.client.impl.AMQChannel.handleFrame(AMQChannel.java:125) ~[amqp-client-5.27.1.jar:5.27.1]
	at com.rabbitmq.client.impl.AMQConnection.readFrame(AMQConnection.java:768) ~[amqp-client-5.27.1.jar:5.27.1]
	at com.rabbitmq.client.impl.AMQConnection.access$400(AMQConnection.java:49) ~[amqp-client-5.27.1.jar:5.27.1]
	at com.rabbitmq.client.impl.AMQConnection$MainLoop.run(AMQConnection.java:695) ~[amqp-client-5.27.1.jar:5.27.1]
	... 1 common frames omitted

2026-01-06T11:38:08.789+06:00  WARN [inventory-service,,] 692178 --- [inventory-service] [ntContainer#0-8] o.s.a.r.listener.BlockingQueueConsumer   : Failed to declare queue: orders.queue
2026-01-06T11:38:13.795+06:00 ERROR [inventory-service,,] 692178 --- [inventory-service] [ntContainer#0-8] o.s.a.r.l.SimpleMessageListenerContainer : Consumer threw missing queues exception, fatal=false

org.springframework.amqp.rabbit.listener.QueuesNotAvailableException: Cannot prepare queue for listener. Either the queue doesn't exist or the broker will not allow us to use it.
	at org.springframework.amqp.rabbit.listener.BlockingQueueConsumer.handleDeclarationException(BlockingQueueConsumer.java:728) ~[spring-rabbit-4.0.1.jar:4.0.1]
	at org.springframework.amqp.rabbit.listener.BlockingQueueConsumer.passiveDeclarations(BlockingQueueConsumer.java:662) ~[spring-rabbit-4.0.1.jar:4.0.1]
	at org.springframework.amqp.rabbit.listener.BlockingQueueConsumer.start(BlockingQueueConsumer.java:642) ~[spring-rabbit-4.0.1.jar:4.0.1]
	at org.springframework.amqp.rabbit.listener.SimpleMessageListenerContainer$AsyncMessageProcessingConsumer.initialize(SimpleMessageListenerContainer.java:1524) ~[spring-rabbit-4.0.1.jar:4.0.1]
	at org.springframework.amqp.rabbit.listener.SimpleMessageListenerContainer$AsyncMessageProcessingConsumer.run(SimpleMessageListenerContainer.java:1356) ~[spring-rabbit-4.0.1.jar:4.0.1]
	at java.base/java.lang.Thread.run(Thread.java:1583) ~[na:na]
Caused by: org.springframework.amqp.rabbit.listener.BlockingQueueConsumer$DeclarationException: Failed to declare queue(s):[orders.queue]
	at org.springframework.amqp.rabbit.listener.BlockingQueueConsumer.attemptPassiveDeclarations(BlockingQueueConsumer.java:779) ~[spring-rabbit-4.0.1.jar:4.0.1]
	at org.springframework.amqp.rabbit.listener.BlockingQueueConsumer.passiveDeclarations(BlockingQueueConsumer.java:655) ~[spring-rabbit-4.0.1.jar:4.0.1]
	... 4 common frames omitted
Caused by: java.io.IOException
	at com.rabbitmq.client.impl.AMQChannel.wrap(AMQChannel.java:140) ~[amqp-client-5.27.1.jar:5.27.1]
	at com.rabbitmq.client.impl.AMQChannel.wrap(AMQChannel.java:136) ~[amqp-client-5.27.1.jar:5.27.1]
	at com.rabbitmq.client.impl.AMQChannel.exnWrappingRpc(AMQChannel.java:158) ~[amqp-client-5.27.1.jar:5.27.1]
	at com.rabbitmq.client.impl.ChannelN.queueDeclarePassive(ChannelN.java:1044) ~[amqp-client-5.27.1.jar:5.27.1]
	at com.rabbitmq.client.impl.ChannelN.queueDeclarePassive(ChannelN.java:48) ~[amqp-client-5.27.1.jar:5.27.1]
	at java.base/jdk.internal.reflect.DirectMethodHandleAccessor.invoke(DirectMethodHandleAccessor.java:103) ~[na:na]
	at java.base/java.lang.reflect.Method.invoke(Method.java:580) ~[na:na]
	at org.springframework.amqp.rabbit.connection.CachingConnectionFactory$CachedChannelInvocationHandler.invoke(CachingConnectionFactory.java:1220) ~[spring-rabbit-4.0.1.jar:4.0.1]
	at jdk.proxy2/jdk.proxy2.$Proxy87.queueDeclarePassive(Unknown Source) ~[na:na]
	at org.springframework.amqp.rabbit.listener.BlockingQueueConsumer.attemptPassiveDeclarations(BlockingQueueConsumer.java:756) ~[spring-rabbit-4.0.1.jar:4.0.1]
	... 5 common frames omitted
Caused by: com.rabbitmq.client.ShutdownSignalException: channel error; protocol method: #method<channel.close>(reply-code=404, reply-text=NOT_FOUND - no queue 'orders.queue' in vhost '/', class-id=50, method-id=10)
	at com.rabbitmq.utility.ValueOrException.getValue(ValueOrException.java:66) ~[amqp-client-5.27.1.jar:5.27.1]
	at com.rabbitmq.utility.BlockingValueOrException.uninterruptibleGetValue(BlockingValueOrException.java:36) ~[amqp-client-5.27.1.jar:5.27.1]
	at com.rabbitmq.client.impl.AMQChannel$BlockingRpcContinuation.getReply(AMQChannel.java:552) ~[amqp-client-5.27.1.jar:5.27.1]
	at com.rabbitmq.client.impl.AMQChannel.privateRpc(AMQChannel.java:316) ~[amqp-client-5.27.1.jar:5.27.1]
	at com.rabbitmq.client.impl.AMQChannel.exnWrappingRpc(AMQChannel.java:152) ~[amqp-client-5.27.1.jar:5.27.1]
	... 12 common frames omitted
Caused by: com.rabbitmq.client.ShutdownSignalException: channel error; protocol method: #method<channel.close>(reply-code=404, reply-text=NOT_FOUND - no queue 'orders.queue' in vhost '/', class-id=50, method-id=10)
	at com.rabbitmq.client.impl.ChannelN.asyncShutdown(ChannelN.java:529) ~[amqp-client-5.27.1.jar:5.27.1]
	at com.rabbitmq.client.impl.ChannelN.processAsync(ChannelN.java:350) ~[amqp-client-5.27.1.jar:5.27.1]
	at com.rabbitmq.client.impl.AMQChannel.handleCompleteInboundCommand(AMQChannel.java:193) ~[amqp-client-5.27.1.jar:5.27.1]
	at com.rabbitmq.client.impl.AMQChannel.handleFrame(AMQChannel.java:125) ~[amqp-client-5.27.1.jar:5.27.1]
	at com.rabbitmq.client.impl.AMQConnection.readFrame(AMQConnection.java:768) ~[amqp-client-5.27.1.jar:5.27.1]
	at com.rabbitmq.client.impl.AMQConnection.access$400(AMQConnection.java:49) ~[amqp-client-5.27.1.jar:5.27.1]
	at com.rabbitmq.client.impl.AMQConnection$MainLoop.run(AMQConnection.java:695) ~[amqp-client-5.27.1.jar:5.27.1]
	... 1 common frames omitted

2026-01-06T11:38:13.797+06:00  INFO [inventory-service,,] 692178 --- [inventory-service] [ntContainer#0-8] o.s.a.r.l.SimpleMessageListenerContainer : Restarting Consumer@3a3d364e: tags=[[]], channel=Cached Rabbit Channel: AMQChannel(amqp://guest@127.0.0.1:5672/,1), conn: Proxy@7a814310 Shared Rabbit Connection: SimpleConnection@6bb4cc0e [delegate=amqp://guest@127.0.0.1:5672/, localPort=51158], acknowledgeMode=AUTO local queue size=0
2026-01-06T11:38:13.806+06:00  WARN [inventory-service,,] 692178 --- [inventory-service] [ntContainer#0-9] o.s.a.r.listener.BlockingQueueConsumer   : Failed to declare queue: orders.queue
2026-01-06T11:38:13.807+06:00  WARN [inventory-service,,] 692178 --- [inventory-service] [ntContainer#0-9] o.s.a.r.listener.BlockingQueueConsumer   : Queue declaration failed; retries left=3

org.springframework.amqp.rabbit.listener.BlockingQueueConsumer$DeclarationException: Failed to declare queue(s):[orders.queue]
	at org.springframework.amqp.rabbit.listener.BlockingQueueConsumer.attemptPassiveDeclarations(BlockingQueueConsumer.java:779) ~[spring-rabbit-4.0.1.jar:4.0.1]
	at org.springframework.amqp.rabbit.listener.BlockingQueueConsumer.passiveDeclarations(BlockingQueueConsumer.java:655) ~[spring-rabbit-4.0.1.jar:4.0.1]
	at org.springframework.amqp.rabbit.listener.BlockingQueueConsumer.start(BlockingQueueConsumer.java:642) ~[spring-rabbit-4.0.1.jar:4.0.1]
	at org.springframework.amqp.rabbit.listener.SimpleMessageListenerContainer$AsyncMessageProcessingConsumer.initialize(SimpleMessageListenerContainer.java:1524) ~[spring-rabbit-4.0.1.jar:4.0.1]
	at org.springframework.amqp.rabbit.listener.SimpleMessageListenerContainer$AsyncMessageProcessingConsumer.run(SimpleMessageListenerContainer.java:1356) ~[spring-rabbit-4.0.1.jar:4.0.1]
	at java.base/java.lang.Thread.run(Thread.java:1583) ~[na:na]
Caused by: java.io.IOException
	at com.rabbitmq.client.impl.AMQChannel.wrap(AMQChannel.java:140) ~[amqp-client-5.27.1.jar:5.27.1]
	at com.rabbitmq.client.impl.AMQChannel.wrap(AMQChannel.java:136) ~[amqp-client-5.27.1.jar:5.27.1]
	at com.rabbitmq.client.impl.AMQChannel.exnWrappingRpc(AMQChannel.java:158) ~[amqp-client-5.27.1.jar:5.27.1]
	at com.rabbitmq.client.impl.ChannelN.queueDeclarePassive(ChannelN.java:1044) ~[amqp-client-5.27.1.jar:5.27.1]
	at com.rabbitmq.client.impl.ChannelN.queueDeclarePassive(ChannelN.java:48) ~[amqp-client-5.27.1.jar:5.27.1]
	at java.base/jdk.internal.reflect.DirectMethodHandleAccessor.invoke(DirectMethodHandleAccessor.java:103) ~[na:na]
	at java.base/java.lang.reflect.Method.invoke(Method.java:580) ~[na:na]
	at org.springframework.amqp.rabbit.connection.CachingConnectionFactory$CachedChannelInvocationHandler.invoke(CachingConnectionFactory.java:1220) ~[spring-rabbit-4.0.1.jar:4.0.1]
	at jdk.proxy2/jdk.proxy2.$Proxy87.queueDeclarePassive(Unknown Source) ~[na:na]
	at org.springframework.amqp.rabbit.listener.BlockingQueueConsumer.attemptPassiveDeclarations(BlockingQueueConsumer.java:756) ~[spring-rabbit-4.0.1.jar:4.0.1]
	... 5 common frames omitted
Caused by: com.rabbitmq.client.ShutdownSignalException: channel error; protocol method: #method<channel.close>(reply-code=404, reply-text=NOT_FOUND - no queue 'orders.queue' in vhost '/', class-id=50, method-id=10)
	at com.rabbitmq.utility.ValueOrException.getValue(ValueOrException.java:66) ~[amqp-client-5.27.1.jar:5.27.1]
	at com.rabbitmq.utility.BlockingValueOrException.uninterruptibleGetValue(BlockingValueOrException.java:36) ~[amqp-client-5.27.1.jar:5.27.1]
	at com.rabbitmq.client.impl.AMQChannel$BlockingRpcContinuation.getReply(AMQChannel.java:552) ~[amqp-client-5.27.1.jar:5.27.1]
	at com.rabbitmq.client.impl.AMQChannel.privateRpc(AMQChannel.java:316) ~[amqp-client-5.27.1.jar:5.27.1]
	at com.rabbitmq.client.impl.AMQChannel.exnWrappingRpc(AMQChannel.java:152) ~[amqp-client-5.27.1.jar:5.27.1]
	... 12 common frames omitted
Caused by: com.rabbitmq.client.ShutdownSignalException: channel error; protocol method: #method<channel.close>(reply-code=404, reply-text=NOT_FOUND - no queue 'orders.queue' in vhost '/', class-id=50, method-id=10)
	at com.rabbitmq.client.impl.ChannelN.asyncShutdown(ChannelN.java:529) ~[amqp-client-5.27.1.jar:5.27.1]
	at com.rabbitmq.client.impl.ChannelN.processAsync(ChannelN.java:350) ~[amqp-client-5.27.1.jar:5.27.1]
	at com.rabbitmq.client.impl.AMQChannel.handleCompleteInboundCommand(AMQChannel.java:193) ~[amqp-client-5.27.1.jar:5.27.1]
	at com.rabbitmq.client.impl.AMQChannel.handleFrame(AMQChannel.java:125) ~[amqp-client-5.27.1.jar:5.27.1]
	at com.rabbitmq.client.impl.AMQConnection.readFrame(AMQConnection.java:768) ~[amqp-client-5.27.1.jar:5.27.1]
	at com.rabbitmq.client.impl.AMQConnection.access$400(AMQConnection.java:49) ~[amqp-client-5.27.1.jar:5.27.1]
	at com.rabbitmq.client.impl.AMQConnection$MainLoop.run(AMQConnection.java:695) ~[amqp-client-5.27.1.jar:5.27.1]
	... 1 common frames omitted

2026-01-06T11:38:18.814+06:00  WARN [inventory-service,,] 692178 --- [inventory-service] [ntContainer#0-9] o.s.a.r.listener.BlockingQueueConsumer   : Failed to declare queue: orders.queue
2026-01-06T11:38:18.814+06:00  WARN [inventory-service,,] 692178 --- [inventory-service] [ntContainer#0-9] o.s.a.r.listener.BlockingQueueConsumer   : Queue declaration failed; retries left=2

org.springframework.amqp.rabbit.listener.BlockingQueueConsumer$DeclarationException: Failed to declare queue(s):[orders.queue]
	at org.springframework.amqp.rabbit.listener.BlockingQueueConsumer.attemptPassiveDeclarations(BlockingQueueConsumer.java:779) ~[spring-rabbit-4.0.1.jar:4.0.1]
	at org.springframework.amqp.rabbit.listener.BlockingQueueConsumer.passiveDeclarations(BlockingQueueConsumer.java:655) ~[spring-rabbit-4.0.1.jar:4.0.1]
	at org.springframework.amqp.rabbit.listener.BlockingQueueConsumer.start(BlockingQueueConsumer.java:642) ~[spring-rabbit-4.0.1.jar:4.0.1]
	at org.springframework.amqp.rabbit.listener.SimpleMessageListenerContainer$AsyncMessageProcessingConsumer.initialize(SimpleMessageListenerContainer.java:1524) ~[spring-rabbit-4.0.1.jar:4.0.1]
	at org.springframework.amqp.rabbit.listener.SimpleMessageListenerContainer$AsyncMessageProcessingConsumer.run(SimpleMessageListenerContainer.java:1356) ~[spring-rabbit-4.0.1.jar:4.0.1]
	at java.base/java.lang.Thread.run(Thread.java:1583) ~[na:na]
Caused by: java.io.IOException
	at com.rabbitmq.client.impl.AMQChannel.wrap(AMQChannel.java:140) ~[amqp-client-5.27.1.jar:5.27.1]
	at com.rabbitmq.client.impl.AMQChannel.wrap(AMQChannel.java:136) ~[amqp-client-5.27.1.jar:5.27.1]
	at com.rabbitmq.client.impl.AMQChannel.exnWrappingRpc(AMQChannel.java:158) ~[amqp-client-5.27.1.jar:5.27.1]
	at com.rabbitmq.client.impl.ChannelN.queueDeclarePassive(ChannelN.java:1044) ~[amqp-client-5.27.1.jar:5.27.1]
	at com.rabbitmq.client.impl.ChannelN.queueDeclarePassive(ChannelN.java:48) ~[amqp-client-5.27.1.jar:5.27.1]
	at java.base/jdk.internal.reflect.DirectMethodHandleAccessor.invoke(DirectMethodHandleAccessor.java:103) ~[na:na]
	at java.base/java.lang.reflect.Method.invoke(Method.java:580) ~[na:na]
	at org.springframework.amqp.rabbit.connection.CachingConnectionFactory$CachedChannelInvocationHandler.invoke(CachingConnectionFactory.java:1220) ~[spring-rabbit-4.0.1.jar:4.0.1]
	at jdk.proxy2/jdk.proxy2.$Proxy87.queueDeclarePassive(Unknown Source) ~[na:na]
	at org.springframework.amqp.rabbit.listener.BlockingQueueConsumer.attemptPassiveDeclarations(BlockingQueueConsumer.java:756) ~[spring-rabbit-4.0.1.jar:4.0.1]
	... 5 common frames omitted
Caused by: com.rabbitmq.client.ShutdownSignalException: channel error; protocol method: #method<channel.close>(reply-code=404, reply-text=NOT_FOUND - no queue 'orders.queue' in vhost '/', class-id=50, method-id=10)
	at com.rabbitmq.utility.ValueOrException.getValue(ValueOrException.java:66) ~[amqp-client-5.27.1.jar:5.27.1]
	at com.rabbitmq.utility.BlockingValueOrException.uninterruptibleGetValue(BlockingValueOrException.java:36) ~[amqp-client-5.27.1.jar:5.27.1]
	at com.rabbitmq.client.impl.AMQChannel$BlockingRpcContinuation.getReply(AMQChannel.java:552) ~[amqp-client-5.27.1.jar:5.27.1]
	at com.rabbitmq.client.impl.AMQChannel.privateRpc(AMQChannel.java:316) ~[amqp-client-5.27.1.jar:5.27.1]
	at com.rabbitmq.client.impl.AMQChannel.exnWrappingRpc(AMQChannel.java:152) ~[amqp-client-5.27.1.jar:5.27.1]
	... 12 common frames omitted
Caused by: com.rabbitmq.client.ShutdownSignalException: channel error; protocol method: #method<channel.close>(reply-code=404, reply-text=NOT_FOUND - no queue 'orders.queue' in vhost '/', class-id=50, method-id=10)
	at com.rabbitmq.client.impl.ChannelN.asyncShutdown(ChannelN.java:529) ~[amqp-client-5.27.1.jar:5.27.1]
	at com.rabbitmq.client.impl.ChannelN.processAsync(ChannelN.java:350) ~[amqp-client-5.27.1.jar:5.27.1]
	at com.rabbitmq.client.impl.AMQChannel.handleCompleteInboundCommand(AMQChannel.java:193) ~[amqp-client-5.27.1.jar:5.27.1]
	at com.rabbitmq.client.impl.AMQChannel.handleFrame(AMQChannel.java:125) ~[amqp-client-5.27.1.jar:5.27.1]
	at com.rabbitmq.client.impl.AMQConnection.readFrame(AMQConnection.java:768) ~[amqp-client-5.27.1.jar:5.27.1]
	at com.rabbitmq.client.impl.AMQConnection.access$400(AMQConnection.java:49) ~[amqp-client-5.27.1.jar:5.27.1]
	at com.rabbitmq.client.impl.AMQConnection$MainLoop.run(AMQConnection.java:695) ~[amqp-client-5.27.1.jar:5.27.1]
	... 1 common frames omitted

2026-01-06T11:38:23.821+06:00  WARN [inventory-service,,] 692178 --- [inventory-service] [ntContainer#0-9] o.s.a.r.listener.BlockingQueueConsumer   : Failed to declare queue: orders.queue
2026-01-06T11:38:23.821+06:00  WARN [inventory-service,,] 692178 --- [inventory-service] [ntContainer#0-9] o.s.a.r.listener.BlockingQueueConsumer   : Queue declaration failed; retries left=1

org.springframework.amqp.rabbit.listener.BlockingQueueConsumer$DeclarationException: Failed to declare queue(s):[orders.queue]
	at org.springframework.amqp.rabbit.listener.BlockingQueueConsumer.attemptPassiveDeclarations(BlockingQueueConsumer.java:779) ~[spring-rabbit-4.0.1.jar:4.0.1]
	at org.springframework.amqp.rabbit.listener.BlockingQueueConsumer.passiveDeclarations(BlockingQueueConsumer.java:655) ~[spring-rabbit-4.0.1.jar:4.0.1]
	at org.springframework.amqp.rabbit.listener.BlockingQueueConsumer.start(BlockingQueueConsumer.java:642) ~[spring-rabbit-4.0.1.jar:4.0.1]
	at org.springframework.amqp.rabbit.listener.SimpleMessageListenerContainer$AsyncMessageProcessingConsumer.initialize(SimpleMessageListenerContainer.java:1524) ~[spring-rabbit-4.0.1.jar:4.0.1]
	at org.springframework.amqp.rabbit.listener.SimpleMessageListenerContainer$AsyncMessageProcessingConsumer.run(SimpleMessageListenerContainer.java:1356) ~[spring-rabbit-4.0.1.jar:4.0.1]
	at java.base/java.lang.Thread.run(Thread.java:1583) ~[na:na]
Caused by: java.io.IOException
	at com.rabbitmq.client.impl.AMQChannel.wrap(AMQChannel.java:140) ~[amqp-client-5.27.1.jar:5.27.1]
	at com.rabbitmq.client.impl.AMQChannel.wrap(AMQChannel.java:136) ~[amqp-client-5.27.1.jar:5.27.1]
	at com.rabbitmq.client.impl.AMQChannel.exnWrappingRpc(AMQChannel.java:158) ~[amqp-client-5.27.1.jar:5.27.1]
	at com.rabbitmq.client.impl.ChannelN.queueDeclarePassive(ChannelN.java:1044) ~[amqp-client-5.27.1.jar:5.27.1]
	at com.rabbitmq.client.impl.ChannelN.queueDeclarePassive(ChannelN.java:48) ~[amqp-client-5.27.1.jar:5.27.1]
	at java.base/jdk.internal.reflect.DirectMethodHandleAccessor.invoke(DirectMethodHandleAccessor.java:103) ~[na:na]
	at java.base/java.lang.reflect.Method.invoke(Method.java:580) ~[na:na]
	at org.springframework.amqp.rabbit.connection.CachingConnectionFactory$CachedChannelInvocationHandler.invoke(CachingConnectionFactory.java:1220) ~[spring-rabbit-4.0.1.jar:4.0.1]
	at jdk.proxy2/jdk.proxy2.$Proxy87.queueDeclarePassive(Unknown Source) ~[na:na]
	at org.springframework.amqp.rabbit.listener.BlockingQueueConsumer.attemptPassiveDeclarations(BlockingQueueConsumer.java:756) ~[spring-rabbit-4.0.1.jar:4.0.1]
	... 5 common frames omitted
Caused by: com.rabbitmq.client.ShutdownSignalException: channel error; protocol method: #method<channel.close>(reply-code=404, reply-text=NOT_FOUND - no queue 'orders.queue' in vhost '/', class-id=50, method-id=10)
	at com.rabbitmq.utility.ValueOrException.getValue(ValueOrException.java:66) ~[amqp-client-5.27.1.jar:5.27.1]
	at com.rabbitmq.utility.BlockingValueOrException.uninterruptibleGetValue(BlockingValueOrException.java:36) ~[amqp-client-5.27.1.jar:5.27.1]
	at com.rabbitmq.client.impl.AMQChannel$BlockingRpcContinuation.getReply(AMQChannel.java:552) ~[amqp-client-5.27.1.jar:5.27.1]
	at com.rabbitmq.client.impl.AMQChannel.privateRpc(AMQChannel.java:316) ~[amqp-client-5.27.1.jar:5.27.1]
	at com.rabbitmq.client.impl.AMQChannel.exnWrappingRpc(AMQChannel.java:152) ~[amqp-client-5.27.1.jar:5.27.1]
	... 12 common frames omitted
Caused by: com.rabbitmq.client.ShutdownSignalException: channel error; protocol method: #method<channel.close>(reply-code=404, reply-text=NOT_FOUND - no queue 'orders.queue' in vhost '/', class-id=50, method-id=10)
	at com.rabbitmq.client.impl.ChannelN.asyncShutdown(ChannelN.java:529) ~[amqp-client-5.27.1.jar:5.27.1]
	at com.rabbitmq.client.impl.ChannelN.processAsync(ChannelN.java:350) ~[amqp-client-5.27.1.jar:5.27.1]
	at com.rabbitmq.client.impl.AMQChannel.handleCompleteInboundCommand(AMQChannel.java:193) ~[amqp-client-5.27.1.jar:5.27.1]
	at com.rabbitmq.client.impl.AMQChannel.handleFrame(AMQChannel.java:125) ~[amqp-client-5.27.1.jar:5.27.1]
	at com.rabbitmq.client.impl.AMQConnection.readFrame(AMQConnection.java:768) ~[amqp-client-5.27.1.jar:5.27.1]
	at com.rabbitmq.client.impl.AMQConnection.access$400(AMQConnection.java:49) ~[amqp-client-5.27.1.jar:5.27.1]
	at com.rabbitmq.client.impl.AMQConnection$MainLoop.run(AMQConnection.java:695) ~[amqp-client-5.27.1.jar:5.27.1]
	... 1 common frames omitted

2026-01-06T11:38:28.829+06:00  WARN [inventory-service,,] 692178 --- [inventory-service] [ntContainer#0-9] o.s.a.r.listener.BlockingQueueConsumer   : Failed to declare queue: orders.queue
2026-01-06T11:38:33.838+06:00 ERROR [inventory-service,,] 692178 --- [inventory-service] [ntContainer#0-9] o.s.a.r.l.SimpleMessageListenerContainer : Consumer threw missing queues exception, fatal=false

org.springframework.amqp.rabbit.listener.QueuesNotAvailableException: Cannot prepare queue for listener. Either the queue doesn't exist or the broker will not allow us to use it.
	at org.springframework.amqp.rabbit.listener.BlockingQueueConsumer.handleDeclarationException(BlockingQueueConsumer.java:728) ~[spring-rabbit-4.0.1.jar:4.0.1]
	at org.springframework.amqp.rabbit.listener.BlockingQueueConsumer.passiveDeclarations(BlockingQueueConsumer.java:662) ~[spring-rabbit-4.0.1.jar:4.0.1]
	at org.springframework.amqp.rabbit.listener.BlockingQueueConsumer.start(BlockingQueueConsumer.java:642) ~[spring-rabbit-4.0.1.jar:4.0.1]
	at org.springframework.amqp.rabbit.listener.SimpleMessageListenerContainer$AsyncMessageProcessingConsumer.initialize(SimpleMessageListenerContainer.java:1524) ~[spring-rabbit-4.0.1.jar:4.0.1]
	at org.springframework.amqp.rabbit.listener.SimpleMessageListenerContainer$AsyncMessageProcessingConsumer.run(SimpleMessageListenerContainer.java:1356) ~[spring-rabbit-4.0.1.jar:4.0.1]
	at java.base/java.lang.Thread.run(Thread.java:1583) ~[na:na]
Caused by: org.springframework.amqp.rabbit.listener.BlockingQueueConsumer$DeclarationException: Failed to declare queue(s):[orders.queue]
	at org.springframework.amqp.rabbit.listener.BlockingQueueConsumer.attemptPassiveDeclarations(BlockingQueueConsumer.java:779) ~[spring-rabbit-4.0.1.jar:4.0.1]
	at org.springframework.amqp.rabbit.listener.BlockingQueueConsumer.passiveDeclarations(BlockingQueueConsumer.java:655) ~[spring-rabbit-4.0.1.jar:4.0.1]
	... 4 common frames omitted
Caused by: java.io.IOException
	at com.rabbitmq.client.impl.AMQChannel.wrap(AMQChannel.java:140) ~[amqp-client-5.27.1.jar:5.27.1]
	at com.rabbitmq.client.impl.AMQChannel.wrap(AMQChannel.java:136) ~[amqp-client-5.27.1.jar:5.27.1]
	at com.rabbitmq.client.impl.AMQChannel.exnWrappingRpc(AMQChannel.java:158) ~[amqp-client-5.27.1.jar:5.27.1]
	at com.rabbitmq.client.impl.ChannelN.queueDeclarePassive(ChannelN.java:1044) ~[amqp-client-5.27.1.jar:5.27.1]
	at com.rabbitmq.client.impl.ChannelN.queueDeclarePassive(ChannelN.java:48) ~[amqp-client-5.27.1.jar:5.27.1]
	at java.base/jdk.internal.reflect.DirectMethodHandleAccessor.invoke(DirectMethodHandleAccessor.java:103) ~[na:na]
	at java.base/java.lang.reflect.Method.invoke(Method.java:580) ~[na:na]
	at org.springframework.amqp.rabbit.connection.CachingConnectionFactory$CachedChannelInvocationHandler.invoke(CachingConnectionFactory.java:1220) ~[spring-rabbit-4.0.1.jar:4.0.1]
	at jdk.proxy2/jdk.proxy2.$Proxy87.queueDeclarePassive(Unknown Source) ~[na:na]
	at org.springframework.amqp.rabbit.listener.BlockingQueueConsumer.attemptPassiveDeclarations(BlockingQueueConsumer.java:756) ~[spring-rabbit-4.0.1.jar:4.0.1]
	... 5 common frames omitted
Caused by: com.rabbitmq.client.ShutdownSignalException: channel error; protocol method: #method<channel.close>(reply-code=404, reply-text=NOT_FOUND - no queue 'orders.queue' in vhost '/', class-id=50, method-id=10)
	at com.rabbitmq.utility.ValueOrException.getValue(ValueOrException.java:66) ~[amqp-client-5.27.1.jar:5.27.1]
	at com.rabbitmq.utility.BlockingValueOrException.uninterruptibleGetValue(BlockingValueOrException.java:36) ~[amqp-client-5.27.1.jar:5.27.1]
	at com.rabbitmq.client.impl.AMQChannel$BlockingRpcContinuation.getReply(AMQChannel.java:552) ~[amqp-client-5.27.1.jar:5.27.1]
	at com.rabbitmq.client.impl.AMQChannel.privateRpc(AMQChannel.java:316) ~[amqp-client-5.27.1.jar:5.27.1]
	at com.rabbitmq.client.impl.AMQChannel.exnWrappingRpc(AMQChannel.java:152) ~[amqp-client-5.27.1.jar:5.27.1]
	... 12 common frames omitted
Caused by: com.rabbitmq.client.ShutdownSignalException: channel error; protocol method: #method<channel.close>(reply-code=404, reply-text=NOT_FOUND - no queue 'orders.queue' in vhost '/', class-id=50, method-id=10)
	at com.rabbitmq.client.impl.ChannelN.asyncShutdown(ChannelN.java:529) ~[amqp-client-5.27.1.jar:5.27.1]
	at com.rabbitmq.client.impl.ChannelN.processAsync(ChannelN.java:350) ~[amqp-client-5.27.1.jar:5.27.1]
	at com.rabbitmq.client.impl.AMQChannel.handleCompleteInboundCommand(AMQChannel.java:193) ~[amqp-client-5.27.1.jar:5.27.1]
	at com.rabbitmq.client.impl.AMQChannel.handleFrame(AMQChannel.java:125) ~[amqp-client-5.27.1.jar:5.27.1]
	at com.rabbitmq.client.impl.AMQConnection.readFrame(AMQConnection.java:768) ~[amqp-client-5.27.1.jar:5.27.1]
	at com.rabbitmq.client.impl.AMQConnection.access$400(AMQConnection.java:49) ~[amqp-client-5.27.1.jar:5.27.1]
	at com.rabbitmq.client.impl.AMQConnection$MainLoop.run(AMQConnection.java:695) ~[amqp-client-5.27.1.jar:5.27.1]
	... 1 common frames omitted

2026-01-06T11:38:33.840+06:00  INFO [inventory-service,,] 692178 --- [inventory-service] [ntContainer#0-9] o.s.a.r.l.SimpleMessageListenerContainer : Restarting Consumer@42343124: tags=[[]], channel=Cached Rabbit Channel: AMQChannel(amqp://guest@127.0.0.1:5672/,1), conn: Proxy@7a814310 Shared Rabbit Connection: SimpleConnection@6bb4cc0e [delegate=amqp://guest@127.0.0.1:5672/, localPort=51158], acknowledgeMode=AUTO local queue size=0
2026-01-06T11:38:33.849+06:00  WARN [inventory-service,,] 692178 --- [inventory-service] [tContainer#0-10] o.s.a.r.listener.BlockingQueueConsumer   : Failed to declare queue: orders.queue
2026-01-06T11:38:33.849+06:00  WARN [inventory-service,,] 692178 --- [inventory-service] [tContainer#0-10] o.s.a.r.listener.BlockingQueueConsumer   : Queue declaration failed; retries left=3

org.springframework.amqp.rabbit.listener.BlockingQueueConsumer$DeclarationException: Failed to declare queue(s):[orders.queue]
	at org.springframework.amqp.rabbit.listener.BlockingQueueConsumer.attemptPassiveDeclarations(BlockingQueueConsumer.java:779) ~[spring-rabbit-4.0.1.jar:4.0.1]
	at org.springframework.amqp.rabbit.listener.BlockingQueueConsumer.passiveDeclarations(BlockingQueueConsumer.java:655) ~[spring-rabbit-4.0.1.jar:4.0.1]
	at org.springframework.amqp.rabbit.listener.BlockingQueueConsumer.start(BlockingQueueConsumer.java:642) ~[spring-rabbit-4.0.1.jar:4.0.1]
	at org.springframework.amqp.rabbit.listener.SimpleMessageListenerContainer$AsyncMessageProcessingConsumer.initialize(SimpleMessageListenerContainer.java:1524) ~[spring-rabbit-4.0.1.jar:4.0.1]
	at org.springframework.amqp.rabbit.listener.SimpleMessageListenerContainer$AsyncMessageProcessingConsumer.run(SimpleMessageListenerContainer.java:1356) ~[spring-rabbit-4.0.1.jar:4.0.1]
	at java.base/java.lang.Thread.run(Thread.java:1583) ~[na:na]
Caused by: java.io.IOException
	at com.rabbitmq.client.impl.AMQChannel.wrap(AMQChannel.java:140) ~[amqp-client-5.27.1.jar:5.27.1]
	at com.rabbitmq.client.impl.AMQChannel.wrap(AMQChannel.java:136) ~[amqp-client-5.27.1.jar:5.27.1]
	at com.rabbitmq.client.impl.AMQChannel.exnWrappingRpc(AMQChannel.java:158) ~[amqp-client-5.27.1.jar:5.27.1]
	at com.rabbitmq.client.impl.ChannelN.queueDeclarePassive(ChannelN.java:1044) ~[amqp-client-5.27.1.jar:5.27.1]
	at com.rabbitmq.client.impl.ChannelN.queueDeclarePassive(ChannelN.java:48) ~[amqp-client-5.27.1.jar:5.27.1]
	at java.base/jdk.internal.reflect.DirectMethodHandleAccessor.invoke(DirectMethodHandleAccessor.java:103) ~[na:na]
	at java.base/java.lang.reflect.Method.invoke(Method.java:580) ~[na:na]
	at org.springframework.amqp.rabbit.connection.CachingConnectionFactory$CachedChannelInvocationHandler.invoke(CachingConnectionFactory.java:1220) ~[spring-rabbit-4.0.1.jar:4.0.1]
	at jdk.proxy2/jdk.proxy2.$Proxy87.queueDeclarePassive(Unknown Source) ~[na:na]
	at org.springframework.amqp.rabbit.listener.BlockingQueueConsumer.attemptPassiveDeclarations(BlockingQueueConsumer.java:756) ~[spring-rabbit-4.0.1.jar:4.0.1]
	... 5 common frames omitted
Caused by: com.rabbitmq.client.ShutdownSignalException: channel error; protocol method: #method<channel.close>(reply-code=404, reply-text=NOT_FOUND - no queue 'orders.queue' in vhost '/', class-id=50, method-id=10)
	at com.rabbitmq.utility.ValueOrException.getValue(ValueOrException.java:66) ~[amqp-client-5.27.1.jar:5.27.1]
	at com.rabbitmq.utility.BlockingValueOrException.uninterruptibleGetValue(BlockingValueOrException.java:36) ~[amqp-client-5.27.1.jar:5.27.1]
	at com.rabbitmq.client.impl.AMQChannel$BlockingRpcContinuation.getReply(AMQChannel.java:552) ~[amqp-client-5.27.1.jar:5.27.1]
	at com.rabbitmq.client.impl.AMQChannel.privateRpc(AMQChannel.java:316) ~[amqp-client-5.27.1.jar:5.27.1]
	at com.rabbitmq.client.impl.AMQChannel.exnWrappingRpc(AMQChannel.java:152) ~[amqp-client-5.27.1.jar:5.27.1]
	... 12 common frames omitted
Caused by: com.rabbitmq.client.ShutdownSignalException: channel error; protocol method: #method<channel.close>(reply-code=404, reply-text=NOT_FOUND - no queue 'orders.queue' in vhost '/', class-id=50, method-id=10)
	at com.rabbitmq.client.impl.ChannelN.asyncShutdown(ChannelN.java:529) ~[amqp-client-5.27.1.jar:5.27.1]
	at com.rabbitmq.client.impl.ChannelN.processAsync(ChannelN.java:350) ~[amqp-client-5.27.1.jar:5.27.1]
	at com.rabbitmq.client.impl.AMQChannel.handleCompleteInboundCommand(AMQChannel.java:193) ~[amqp-client-5.27.1.jar:5.27.1]
	at com.rabbitmq.client.impl.AMQChannel.handleFrame(AMQChannel.java:125) ~[amqp-client-5.27.1.jar:5.27.1]
	at com.rabbitmq.client.impl.AMQConnection.readFrame(AMQConnection.java:768) ~[amqp-client-5.27.1.jar:5.27.1]
	at com.rabbitmq.client.impl.AMQConnection.access$400(AMQConnection.java:49) ~[amqp-client-5.27.1.jar:5.27.1]
	at com.rabbitmq.client.impl.AMQConnection$MainLoop.run(AMQConnection.java:695) ~[amqp-client-5.27.1.jar:5.27.1]
	... 1 common frames omitted

2026-01-06T11:38:38.856+06:00  WARN [inventory-service,,] 692178 --- [inventory-service] [tContainer#0-10] o.s.a.r.listener.BlockingQueueConsumer   : Failed to declare queue: orders.queue
2026-01-06T11:38:38.856+06:00  WARN [inventory-service,,] 692178 --- [inventory-service] [tContainer#0-10] o.s.a.r.listener.BlockingQueueConsumer   : Queue declaration failed; retries left=2

org.springframework.amqp.rabbit.listener.BlockingQueueConsumer$DeclarationException: Failed to declare queue(s):[orders.queue]
	at org.springframework.amqp.rabbit.listener.BlockingQueueConsumer.attemptPassiveDeclarations(BlockingQueueConsumer.java:779) ~[spring-rabbit-4.0.1.jar:4.0.1]
	at org.springframework.amqp.rabbit.listener.BlockingQueueConsumer.passiveDeclarations(BlockingQueueConsumer.java:655) ~[spring-rabbit-4.0.1.jar:4.0.1]
	at org.springframework.amqp.rabbit.listener.BlockingQueueConsumer.start(BlockingQueueConsumer.java:642) ~[spring-rabbit-4.0.1.jar:4.0.1]
	at org.springframework.amqp.rabbit.listener.SimpleMessageListenerContainer$AsyncMessageProcessingConsumer.initialize(SimpleMessageListenerContainer.java:1524) ~[spring-rabbit-4.0.1.jar:4.0.1]
	at org.springframework.amqp.rabbit.listener.SimpleMessageListenerContainer$AsyncMessageProcessingConsumer.run(SimpleMessageListenerContainer.java:1356) ~[spring-rabbit-4.0.1.jar:4.0.1]
	at java.base/java.lang.Thread.run(Thread.java:1583) ~[na:na]
Caused by: java.io.IOException
	at com.rabbitmq.client.impl.AMQChannel.wrap(AMQChannel.java:140) ~[amqp-client-5.27.1.jar:5.27.1]
	at com.rabbitmq.client.impl.AMQChannel.wrap(AMQChannel.java:136) ~[amqp-client-5.27.1.jar:5.27.1]
	at com.rabbitmq.client.impl.AMQChannel.exnWrappingRpc(AMQChannel.java:158) ~[amqp-client-5.27.1.jar:5.27.1]
	at com.rabbitmq.client.impl.ChannelN.queueDeclarePassive(ChannelN.java:1044) ~[amqp-client-5.27.1.jar:5.27.1]
	at com.rabbitmq.client.impl.ChannelN.queueDeclarePassive(ChannelN.java:48) ~[amqp-client-5.27.1.jar:5.27.1]
	at java.base/jdk.internal.reflect.DirectMethodHandleAccessor.invoke(DirectMethodHandleAccessor.java:103) ~[na:na]
	at java.base/java.lang.reflect.Method.invoke(Method.java:580) ~[na:na]
	at org.springframework.amqp.rabbit.connection.CachingConnectionFactory$CachedChannelInvocationHandler.invoke(CachingConnectionFactory.java:1220) ~[spring-rabbit-4.0.1.jar:4.0.1]
	at jdk.proxy2/jdk.proxy2.$Proxy87.queueDeclarePassive(Unknown Source) ~[na:na]
	at org.springframework.amqp.rabbit.listener.BlockingQueueConsumer.attemptPassiveDeclarations(BlockingQueueConsumer.java:756) ~[spring-rabbit-4.0.1.jar:4.0.1]
	... 5 common frames omitted
Caused by: com.rabbitmq.client.ShutdownSignalException: channel error; protocol method: #method<channel.close>(reply-code=404, reply-text=NOT_FOUND - no queue 'orders.queue' in vhost '/', class-id=50, method-id=10)
	at com.rabbitmq.utility.ValueOrException.getValue(ValueOrException.java:66) ~[amqp-client-5.27.1.jar:5.27.1]
	at com.rabbitmq.utility.BlockingValueOrException.uninterruptibleGetValue(BlockingValueOrException.java:36) ~[amqp-client-5.27.1.jar:5.27.1]
	at com.rabbitmq.client.impl.AMQChannel$BlockingRpcContinuation.getReply(AMQChannel.java:552) ~[amqp-client-5.27.1.jar:5.27.1]
	at com.rabbitmq.client.impl.AMQChannel.privateRpc(AMQChannel.java:316) ~[amqp-client-5.27.1.jar:5.27.1]
	at com.rabbitmq.client.impl.AMQChannel.exnWrappingRpc(AMQChannel.java:152) ~[amqp-client-5.27.1.jar:5.27.1]
	... 12 common frames omitted
Caused by: com.rabbitmq.client.ShutdownSignalException: channel error; protocol method: #method<channel.close>(reply-code=404, reply-text=NOT_FOUND - no queue 'orders.queue' in vhost '/', class-id=50, method-id=10)
	at com.rabbitmq.client.impl.ChannelN.asyncShutdown(ChannelN.java:529) ~[amqp-client-5.27.1.jar:5.27.1]
	at com.rabbitmq.client.impl.ChannelN.processAsync(ChannelN.java:350) ~[amqp-client-5.27.1.jar:5.27.1]
	at com.rabbitmq.client.impl.AMQChannel.handleCompleteInboundCommand(AMQChannel.java:193) ~[amqp-client-5.27.1.jar:5.27.1]
	at com.rabbitmq.client.impl.AMQChannel.handleFrame(AMQChannel.java:125) ~[amqp-client-5.27.1.jar:5.27.1]
	at com.rabbitmq.client.impl.AMQConnection.readFrame(AMQConnection.java:768) ~[amqp-client-5.27.1.jar:5.27.1]
	at com.rabbitmq.client.impl.AMQConnection.access$400(AMQConnection.java:49) ~[amqp-client-5.27.1.jar:5.27.1]
	at com.rabbitmq.client.impl.AMQConnection$MainLoop.run(AMQConnection.java:695) ~[amqp-client-5.27.1.jar:5.27.1]
	... 1 common frames omitted

2026-01-06T11:38:43.863+06:00  WARN [inventory-service,,] 692178 --- [inventory-service] [tContainer#0-10] o.s.a.r.listener.BlockingQueueConsumer   : Failed to declare queue: orders.queue
2026-01-06T11:38:43.864+06:00  WARN [inventory-service,,] 692178 --- [inventory-service] [tContainer#0-10] o.s.a.r.listener.BlockingQueueConsumer   : Queue declaration failed; retries left=1

org.springframework.amqp.rabbit.listener.BlockingQueueConsumer$DeclarationException: Failed to declare queue(s):[orders.queue]
	at org.springframework.amqp.rabbit.listener.BlockingQueueConsumer.attemptPassiveDeclarations(BlockingQueueConsumer.java:779) ~[spring-rabbit-4.0.1.jar:4.0.1]
	at org.springframework.amqp.rabbit.listener.BlockingQueueConsumer.passiveDeclarations(BlockingQueueConsumer.java:655) ~[spring-rabbit-4.0.1.jar:4.0.1]
	at org.springframework.amqp.rabbit.listener.BlockingQueueConsumer.start(BlockingQueueConsumer.java:642) ~[spring-rabbit-4.0.1.jar:4.0.1]
	at org.springframework.amqp.rabbit.listener.SimpleMessageListenerContainer$AsyncMessageProcessingConsumer.initialize(SimpleMessageListenerContainer.java:1524) ~[spring-rabbit-4.0.1.jar:4.0.1]
	at org.springframework.amqp.rabbit.listener.SimpleMessageListenerContainer$AsyncMessageProcessingConsumer.run(SimpleMessageListenerContainer.java:1356) ~[spring-rabbit-4.0.1.jar:4.0.1]
	at java.base/java.lang.Thread.run(Thread.java:1583) ~[na:na]
Caused by: java.io.IOException
	at com.rabbitmq.client.impl.AMQChannel.wrap(AMQChannel.java:140) ~[amqp-client-5.27.1.jar:5.27.1]
	at com.rabbitmq.client.impl.AMQChannel.wrap(AMQChannel.java:136) ~[amqp-client-5.27.1.jar:5.27.1]
	at com.rabbitmq.client.impl.AMQChannel.exnWrappingRpc(AMQChannel.java:158) ~[amqp-client-5.27.1.jar:5.27.1]
	at com.rabbitmq.client.impl.ChannelN.queueDeclarePassive(ChannelN.java:1044) ~[amqp-client-5.27.1.jar:5.27.1]
	at com.rabbitmq.client.impl.ChannelN.queueDeclarePassive(ChannelN.java:48) ~[amqp-client-5.27.1.jar:5.27.1]
	at java.base/jdk.internal.reflect.DirectMethodHandleAccessor.invoke(DirectMethodHandleAccessor.java:103) ~[na:na]
	at java.base/java.lang.reflect.Method.invoke(Method.java:580) ~[na:na]
	at org.springframework.amqp.rabbit.connection.CachingConnectionFactory$CachedChannelInvocationHandler.invoke(CachingConnectionFactory.java:1220) ~[spring-rabbit-4.0.1.jar:4.0.1]
	at jdk.proxy2/jdk.proxy2.$Proxy87.queueDeclarePassive(Unknown Source) ~[na:na]
	at org.springframework.amqp.rabbit.listener.BlockingQueueConsumer.attemptPassiveDeclarations(BlockingQueueConsumer.java:756) ~[spring-rabbit-4.0.1.jar:4.0.1]
	... 5 common frames omitted
Caused by: com.rabbitmq.client.ShutdownSignalException: channel error; protocol method: #method<channel.close>(reply-code=404, reply-text=NOT_FOUND - no queue 'orders.queue' in vhost '/', class-id=50, method-id=10)
	at com.rabbitmq.utility.ValueOrException.getValue(ValueOrException.java:66) ~[amqp-client-5.27.1.jar:5.27.1]
	at com.rabbitmq.utility.BlockingValueOrException.uninterruptibleGetValue(BlockingValueOrException.java:36) ~[amqp-client-5.27.1.jar:5.27.1]
	at com.rabbitmq.client.impl.AMQChannel$BlockingRpcContinuation.getReply(AMQChannel.java:552) ~[amqp-client-5.27.1.jar:5.27.1]
	at com.rabbitmq.client.impl.AMQChannel.privateRpc(AMQChannel.java:316) ~[amqp-client-5.27.1.jar:5.27.1]
	at com.rabbitmq.client.impl.AMQChannel.exnWrappingRpc(AMQChannel.java:152) ~[amqp-client-5.27.1.jar:5.27.1]
	... 12 common frames omitted
Caused by: com.rabbitmq.client.ShutdownSignalException: channel error; protocol method: #method<channel.close>(reply-code=404, reply-text=NOT_FOUND - no queue 'orders.queue' in vhost '/', class-id=50, method-id=10)
	at com.rabbitmq.client.impl.ChannelN.asyncShutdown(ChannelN.java:529) ~[amqp-client-5.27.1.jar:5.27.1]
	at com.rabbitmq.client.impl.ChannelN.processAsync(ChannelN.java:350) ~[amqp-client-5.27.1.jar:5.27.1]
	at com.rabbitmq.client.impl.AMQChannel.handleCompleteInboundCommand(AMQChannel.java:193) ~[amqp-client-5.27.1.jar:5.27.1]
	at com.rabbitmq.client.impl.AMQChannel.handleFrame(AMQChannel.java:125) ~[amqp-client-5.27.1.jar:5.27.1]
	at com.rabbitmq.client.impl.AMQConnection.readFrame(AMQConnection.java:768) ~[amqp-client-5.27.1.jar:5.27.1]
	at com.rabbitmq.client.impl.AMQConnection.access$400(AMQConnection.java:49) ~[amqp-client-5.27.1.jar:5.27.1]
	at com.rabbitmq.client.impl.AMQConnection$MainLoop.run(AMQConnection.java:695) ~[amqp-client-5.27.1.jar:5.27.1]
	... 1 common frames omitted

2026-01-06T11:38:48.870+06:00  WARN [inventory-service,,] 692178 --- [inventory-service] [tContainer#0-10] o.s.a.r.listener.BlockingQueueConsumer   : Failed to declare queue: orders.queue
2026-01-06T11:38:53.877+06:00 ERROR [inventory-service,,] 692178 --- [inventory-service] [tContainer#0-10] o.s.a.r.l.SimpleMessageListenerContainer : Consumer threw missing queues exception, fatal=false

org.springframework.amqp.rabbit.listener.QueuesNotAvailableException: Cannot prepare queue for listener. Either the queue doesn't exist or the broker will not allow us to use it.
	at org.springframework.amqp.rabbit.listener.BlockingQueueConsumer.handleDeclarationException(BlockingQueueConsumer.java:728) ~[spring-rabbit-4.0.1.jar:4.0.1]
	at org.springframework.amqp.rabbit.listener.BlockingQueueConsumer.passiveDeclarations(BlockingQueueConsumer.java:662) ~[spring-rabbit-4.0.1.jar:4.0.1]
	at org.springframework.amqp.rabbit.listener.BlockingQueueConsumer.start(BlockingQueueConsumer.java:642) ~[spring-rabbit-4.0.1.jar:4.0.1]
	at org.springframework.amqp.rabbit.listener.SimpleMessageListenerContainer$AsyncMessageProcessingConsumer.initialize(SimpleMessageListenerContainer.java:1524) ~[spring-rabbit-4.0.1.jar:4.0.1]
	at org.springframework.amqp.rabbit.listener.SimpleMessageListenerContainer$AsyncMessageProcessingConsumer.run(SimpleMessageListenerContainer.java:1356) ~[spring-rabbit-4.0.1.jar:4.0.1]
	at java.base/java.lang.Thread.run(Thread.java:1583) ~[na:na]
Caused by: org.springframework.amqp.rabbit.listener.BlockingQueueConsumer$DeclarationException: Failed to declare queue(s):[orders.queue]
	at org.springframework.amqp.rabbit.listener.BlockingQueueConsumer.attemptPassiveDeclarations(BlockingQueueConsumer.java:779) ~[spring-rabbit-4.0.1.jar:4.0.1]
	at org.springframework.amqp.rabbit.listener.BlockingQueueConsumer.passiveDeclarations(BlockingQueueConsumer.java:655) ~[spring-rabbit-4.0.1.jar:4.0.1]
	... 4 common frames omitted
Caused by: java.io.IOException
	at com.rabbitmq.client.impl.AMQChannel.wrap(AMQChannel.java:140) ~[amqp-client-5.27.1.jar:5.27.1]
	at com.rabbitmq.client.impl.AMQChannel.wrap(AMQChannel.java:136) ~[amqp-client-5.27.1.jar:5.27.1]
	at com.rabbitmq.client.impl.AMQChannel.exnWrappingRpc(AMQChannel.java:158) ~[amqp-client-5.27.1.jar:5.27.1]
	at com.rabbitmq.client.impl.ChannelN.queueDeclarePassive(ChannelN.java:1044) ~[amqp-client-5.27.1.jar:5.27.1]
	at com.rabbitmq.client.impl.ChannelN.queueDeclarePassive(ChannelN.java:48) ~[amqp-client-5.27.1.jar:5.27.1]
	at java.base/jdk.internal.reflect.DirectMethodHandleAccessor.invoke(DirectMethodHandleAccessor.java:103) ~[na:na]
	at java.base/java.lang.reflect.Method.invoke(Method.java:580) ~[na:na]
	at org.springframework.amqp.rabbit.connection.CachingConnectionFactory$CachedChannelInvocationHandler.invoke(CachingConnectionFactory.java:1220) ~[spring-rabbit-4.0.1.jar:4.0.1]
	at jdk.proxy2/jdk.proxy2.$Proxy87.queueDeclarePassive(Unknown Source) ~[na:na]
	at org.springframework.amqp.rabbit.listener.BlockingQueueConsumer.attemptPassiveDeclarations(BlockingQueueConsumer.java:756) ~[spring-rabbit-4.0.1.jar:4.0.1]
	... 5 common frames omitted
Caused by: com.rabbitmq.client.ShutdownSignalException: channel error; protocol method: #method<channel.close>(reply-code=404, reply-text=NOT_FOUND - no queue 'orders.queue' in vhost '/', class-id=50, method-id=10)
	at com.rabbitmq.utility.ValueOrException.getValue(ValueOrException.java:66) ~[amqp-client-5.27.1.jar:5.27.1]
	at com.rabbitmq.utility.BlockingValueOrException.uninterruptibleGetValue(BlockingValueOrException.java:36) ~[amqp-client-5.27.1.jar:5.27.1]
	at com.rabbitmq.client.impl.AMQChannel$BlockingRpcContinuation.getReply(AMQChannel.java:552) ~[amqp-client-5.27.1.jar:5.27.1]
	at com.rabbitmq.client.impl.AMQChannel.privateRpc(AMQChannel.java:316) ~[amqp-client-5.27.1.jar:5.27.1]
	at com.rabbitmq.client.impl.AMQChannel.exnWrappingRpc(AMQChannel.java:152) ~[amqp-client-5.27.1.jar:5.27.1]
	... 12 common frames omitted
Caused by: com.rabbitmq.client.ShutdownSignalException: channel error; protocol method: #method<channel.close>(reply-code=404, reply-text=NOT_FOUND - no queue 'orders.queue' in vhost '/', class-id=50, method-id=10)
	at com.rabbitmq.client.impl.ChannelN.asyncShutdown(ChannelN.java:529) ~[amqp-client-5.27.1.jar:5.27.1]
	at com.rabbitmq.client.impl.ChannelN.processAsync(ChannelN.java:350) ~[amqp-client-5.27.1.jar:5.27.1]
	at com.rabbitmq.client.impl.AMQChannel.handleCompleteInboundCommand(AMQChannel.java:193) ~[amqp-client-5.27.1.jar:5.27.1]
	at com.rabbitmq.client.impl.AMQChannel.handleFrame(AMQChannel.java:125) ~[amqp-client-5.27.1.jar:5.27.1]
	at com.rabbitmq.client.impl.AMQConnection.readFrame(AMQConnection.java:768) ~[amqp-client-5.27.1.jar:5.27.1]
	at com.rabbitmq.client.impl.AMQConnection.access$400(AMQConnection.java:49) ~[amqp-client-5.27.1.jar:5.27.1]
	at com.rabbitmq.client.impl.AMQConnection$MainLoop.run(AMQConnection.java:695) ~[amqp-client-5.27.1.jar:5.27.1]
	... 1 common frames omitted

2026-01-06T11:38:53.880+06:00  INFO [inventory-service,,] 692178 --- [inventory-service] [tContainer#0-10] o.s.a.r.l.SimpleMessageListenerContainer : Restarting Consumer@70f6f510: tags=[[]], channel=Cached Rabbit Channel: AMQChannel(amqp://guest@127.0.0.1:5672/,1), conn: Proxy@7a814310 Shared Rabbit Connection: SimpleConnection@6bb4cc0e [delegate=amqp://guest@127.0.0.1:5672/, localPort=51158], acknowledgeMode=AUTO local queue size=0
2026-01-06T11:38:53.887+06:00  WARN [inventory-service,,] 692178 --- [inventory-service] [tContainer#0-11] o.s.a.r.listener.BlockingQueueConsumer   : Failed to declare queue: orders.queue
2026-01-06T11:38:53.888+06:00  WARN [inventory-service,,] 692178 --- [inventory-service] [tContainer#0-11] o.s.a.r.listener.BlockingQueueConsumer   : Queue declaration failed; retries left=3

org.springframework.amqp.rabbit.listener.BlockingQueueConsumer$DeclarationException: Failed to declare queue(s):[orders.queue]
	at org.springframework.amqp.rabbit.listener.BlockingQueueConsumer.attemptPassiveDeclarations(BlockingQueueConsumer.java:779) ~[spring-rabbit-4.0.1.jar:4.0.1]
	at org.springframework.amqp.rabbit.listener.BlockingQueueConsumer.passiveDeclarations(BlockingQueueConsumer.java:655) ~[spring-rabbit-4.0.1.jar:4.0.1]
	at org.springframework.amqp.rabbit.listener.BlockingQueueConsumer.start(BlockingQueueConsumer.java:642) ~[spring-rabbit-4.0.1.jar:4.0.1]
	at org.springframework.amqp.rabbit.listener.SimpleMessageListenerContainer$AsyncMessageProcessingConsumer.initialize(SimpleMessageListenerContainer.java:1524) ~[spring-rabbit-4.0.1.jar:4.0.1]
	at org.springframework.amqp.rabbit.listener.SimpleMessageListenerContainer$AsyncMessageProcessingConsumer.run(SimpleMessageListenerContainer.java:1356) ~[spring-rabbit-4.0.1.jar:4.0.1]
	at java.base/java.lang.Thread.run(Thread.java:1583) ~[na:na]
Caused by: java.io.IOException
	at com.rabbitmq.client.impl.AMQChannel.wrap(AMQChannel.java:140) ~[amqp-client-5.27.1.jar:5.27.1]
	at com.rabbitmq.client.impl.AMQChannel.wrap(AMQChannel.java:136) ~[amqp-client-5.27.1.jar:5.27.1]
	at com.rabbitmq.client.impl.AMQChannel.exnWrappingRpc(AMQChannel.java:158) ~[amqp-client-5.27.1.jar:5.27.1]
	at com.rabbitmq.client.impl.ChannelN.queueDeclarePassive(ChannelN.java:1044) ~[amqp-client-5.27.1.jar:5.27.1]
	at com.rabbitmq.client.impl.ChannelN.queueDeclarePassive(ChannelN.java:48) ~[amqp-client-5.27.1.jar:5.27.1]
	at java.base/jdk.internal.reflect.DirectMethodHandleAccessor.invoke(DirectMethodHandleAccessor.java:103) ~[na:na]
	at java.base/java.lang.reflect.Method.invoke(Method.java:580) ~[na:na]
	at org.springframework.amqp.rabbit.connection.CachingConnectionFactory$CachedChannelInvocationHandler.invoke(CachingConnectionFactory.java:1220) ~[spring-rabbit-4.0.1.jar:4.0.1]
	at jdk.proxy2/jdk.proxy2.$Proxy87.queueDeclarePassive(Unknown Source) ~[na:na]
	at org.springframework.amqp.rabbit.listener.BlockingQueueConsumer.attemptPassiveDeclarations(BlockingQueueConsumer.java:756) ~[spring-rabbit-4.0.1.jar:4.0.1]
	... 5 common frames omitted
Caused by: com.rabbitmq.client.ShutdownSignalException: channel error; protocol method: #method<channel.close>(reply-code=404, reply-text=NOT_FOUND - no queue 'orders.queue' in vhost '/', class-id=50, method-id=10)
	at com.rabbitmq.utility.ValueOrException.getValue(ValueOrException.java:66) ~[amqp-client-5.27.1.jar:5.27.1]
	at com.rabbitmq.utility.BlockingValueOrException.uninterruptibleGetValue(BlockingValueOrException.java:36) ~[amqp-client-5.27.1.jar:5.27.1]
	at com.rabbitmq.client.impl.AMQChannel$BlockingRpcContinuation.getReply(AMQChannel.java:552) ~[amqp-client-5.27.1.jar:5.27.1]
	at com.rabbitmq.client.impl.AMQChannel.privateRpc(AMQChannel.java:316) ~[amqp-client-5.27.1.jar:5.27.1]
	at com.rabbitmq.client.impl.AMQChannel.exnWrappingRpc(AMQChannel.java:152) ~[amqp-client-5.27.1.jar:5.27.1]
	... 12 common frames omitted
Caused by: com.rabbitmq.client.ShutdownSignalException: channel error; protocol method: #method<channel.close>(reply-code=404, reply-text=NOT_FOUND - no queue 'orders.queue' in vhost '/', class-id=50, method-id=10)
	at com.rabbitmq.client.impl.ChannelN.asyncShutdown(ChannelN.java:529) ~[amqp-client-5.27.1.jar:5.27.1]
	at com.rabbitmq.client.impl.ChannelN.processAsync(ChannelN.java:350) ~[amqp-client-5.27.1.jar:5.27.1]
	at com.rabbitmq.client.impl.AMQChannel.handleCompleteInboundCommand(AMQChannel.java:193) ~[amqp-client-5.27.1.jar:5.27.1]
	at com.rabbitmq.client.impl.AMQChannel.handleFrame(AMQChannel.java:125) ~[amqp-client-5.27.1.jar:5.27.1]
	at com.rabbitmq.client.impl.AMQConnection.readFrame(AMQConnection.java:768) ~[amqp-client-5.27.1.jar:5.27.1]
	at com.rabbitmq.client.impl.AMQConnection.access$400(AMQConnection.java:49) ~[amqp-client-5.27.1.jar:5.27.1]
	at com.rabbitmq.client.impl.AMQConnection$MainLoop.run(AMQConnection.java:695) ~[amqp-client-5.27.1.jar:5.27.1]
	... 1 common frames omitted

2026-01-06T11:38:58.894+06:00  WARN [inventory-service,,] 692178 --- [inventory-service] [tContainer#0-11] o.s.a.r.listener.BlockingQueueConsumer   : Failed to declare queue: orders.queue
2026-01-06T11:38:58.895+06:00  WARN [inventory-service,,] 692178 --- [inventory-service] [tContainer#0-11] o.s.a.r.listener.BlockingQueueConsumer   : Queue declaration failed; retries left=2

org.springframework.amqp.rabbit.listener.BlockingQueueConsumer$DeclarationException: Failed to declare queue(s):[orders.queue]
	at org.springframework.amqp.rabbit.listener.BlockingQueueConsumer.attemptPassiveDeclarations(BlockingQueueConsumer.java:779) ~[spring-rabbit-4.0.1.jar:4.0.1]
	at org.springframework.amqp.rabbit.listener.BlockingQueueConsumer.passiveDeclarations(BlockingQueueConsumer.java:655) ~[spring-rabbit-4.0.1.jar:4.0.1]
	at org.springframework.amqp.rabbit.listener.BlockingQueueConsumer.start(BlockingQueueConsumer.java:642) ~[spring-rabbit-4.0.1.jar:4.0.1]
	at org.springframework.amqp.rabbit.listener.SimpleMessageListenerContainer$AsyncMessageProcessingConsumer.initialize(SimpleMessageListenerContainer.java:1524) ~[spring-rabbit-4.0.1.jar:4.0.1]
	at org.springframework.amqp.rabbit.listener.SimpleMessageListenerContainer$AsyncMessageProcessingConsumer.run(SimpleMessageListenerContainer.java:1356) ~[spring-rabbit-4.0.1.jar:4.0.1]
	at java.base/java.lang.Thread.run(Thread.java:1583) ~[na:na]
Caused by: java.io.IOException
	at com.rabbitmq.client.impl.AMQChannel.wrap(AMQChannel.java:140) ~[amqp-client-5.27.1.jar:5.27.1]
	at com.rabbitmq.client.impl.AMQChannel.wrap(AMQChannel.java:136) ~[amqp-client-5.27.1.jar:5.27.1]
	at com.rabbitmq.client.impl.AMQChannel.exnWrappingRpc(AMQChannel.java:158) ~[amqp-client-5.27.1.jar:5.27.1]
	at com.rabbitmq.client.impl.ChannelN.queueDeclarePassive(ChannelN.java:1044) ~[amqp-client-5.27.1.jar:5.27.1]
	at com.rabbitmq.client.impl.ChannelN.queueDeclarePassive(ChannelN.java:48) ~[amqp-client-5.27.1.jar:5.27.1]
	at java.base/jdk.internal.reflect.DirectMethodHandleAccessor.invoke(DirectMethodHandleAccessor.java:103) ~[na:na]
	at java.base/java.lang.reflect.Method.invoke(Method.java:580) ~[na:na]
	at org.springframework.amqp.rabbit.connection.CachingConnectionFactory$CachedChannelInvocationHandler.invoke(CachingConnectionFactory.java:1220) ~[spring-rabbit-4.0.1.jar:4.0.1]
	at jdk.proxy2/jdk.proxy2.$Proxy87.queueDeclarePassive(Unknown Source) ~[na:na]
	at org.springframework.amqp.rabbit.listener.BlockingQueueConsumer.attemptPassiveDeclarations(BlockingQueueConsumer.java:756) ~[spring-rabbit-4.0.1.jar:4.0.1]
	... 5 common frames omitted
Caused by: com.rabbitmq.client.ShutdownSignalException: channel error; protocol method: #method<channel.close>(reply-code=404, reply-text=NOT_FOUND - no queue 'orders.queue' in vhost '/', class-id=50, method-id=10)
	at com.rabbitmq.utility.ValueOrException.getValue(ValueOrException.java:66) ~[amqp-client-5.27.1.jar:5.27.1]
	at com.rabbitmq.utility.BlockingValueOrException.uninterruptibleGetValue(BlockingValueOrException.java:36) ~[amqp-client-5.27.1.jar:5.27.1]
	at com.rabbitmq.client.impl.AMQChannel$BlockingRpcContinuation.getReply(AMQChannel.java:552) ~[amqp-client-5.27.1.jar:5.27.1]
	at com.rabbitmq.client.impl.AMQChannel.privateRpc(AMQChannel.java:316) ~[amqp-client-5.27.1.jar:5.27.1]
	at com.rabbitmq.client.impl.AMQChannel.exnWrappingRpc(AMQChannel.java:152) ~[amqp-client-5.27.1.jar:5.27.1]
	... 12 common frames omitted
Caused by: com.rabbitmq.client.ShutdownSignalException: channel error; protocol method: #method<channel.close>(reply-code=404, reply-text=NOT_FOUND - no queue 'orders.queue' in vhost '/', class-id=50, method-id=10)
	at com.rabbitmq.client.impl.ChannelN.asyncShutdown(ChannelN.java:529) ~[amqp-client-5.27.1.jar:5.27.1]
	at com.rabbitmq.client.impl.ChannelN.processAsync(ChannelN.java:350) ~[amqp-client-5.27.1.jar:5.27.1]
	at com.rabbitmq.client.impl.AMQChannel.handleCompleteInboundCommand(AMQChannel.java:193) ~[amqp-client-5.27.1.jar:5.27.1]
	at com.rabbitmq.client.impl.AMQChannel.handleFrame(AMQChannel.java:125) ~[amqp-client-5.27.1.jar:5.27.1]
	at com.rabbitmq.client.impl.AMQConnection.readFrame(AMQConnection.java:768) ~[amqp-client-5.27.1.jar:5.27.1]
	at com.rabbitmq.client.impl.AMQConnection.access$400(AMQConnection.java:49) ~[amqp-client-5.27.1.jar:5.27.1]
	at com.rabbitmq.client.impl.AMQConnection$MainLoop.run(AMQConnection.java:695) ~[amqp-client-5.27.1.jar:5.27.1]
	... 1 common frames omitted

2026-01-06T11:39:03.901+06:00  WARN [inventory-service,,] 692178 --- [inventory-service] [tContainer#0-11] o.s.a.r.listener.BlockingQueueConsumer   : Failed to declare queue: orders.queue
2026-01-06T11:39:03.901+06:00  WARN [inventory-service,,] 692178 --- [inventory-service] [tContainer#0-11] o.s.a.r.listener.BlockingQueueConsumer   : Queue declaration failed; retries left=1

org.springframework.amqp.rabbit.listener.BlockingQueueConsumer$DeclarationException: Failed to declare queue(s):[orders.queue]
	at org.springframework.amqp.rabbit.listener.BlockingQueueConsumer.attemptPassiveDeclarations(BlockingQueueConsumer.java:779) ~[spring-rabbit-4.0.1.jar:4.0.1]
	at org.springframework.amqp.rabbit.listener.BlockingQueueConsumer.passiveDeclarations(BlockingQueueConsumer.java:655) ~[spring-rabbit-4.0.1.jar:4.0.1]
	at org.springframework.amqp.rabbit.listener.BlockingQueueConsumer.start(BlockingQueueConsumer.java:642) ~[spring-rabbit-4.0.1.jar:4.0.1]
	at org.springframework.amqp.rabbit.listener.SimpleMessageListenerContainer$AsyncMessageProcessingConsumer.initialize(SimpleMessageListenerContainer.java:1524) ~[spring-rabbit-4.0.1.jar:4.0.1]
	at org.springframework.amqp.rabbit.listener.SimpleMessageListenerContainer$AsyncMessageProcessingConsumer.run(SimpleMessageListenerContainer.java:1356) ~[spring-rabbit-4.0.1.jar:4.0.1]
	at java.base/java.lang.Thread.run(Thread.java:1583) ~[na:na]
Caused by: java.io.IOException
	at com.rabbitmq.client.impl.AMQChannel.wrap(AMQChannel.java:140) ~[amqp-client-5.27.1.jar:5.27.1]
	at com.rabbitmq.client.impl.AMQChannel.wrap(AMQChannel.java:136) ~[amqp-client-5.27.1.jar:5.27.1]
	at com.rabbitmq.client.impl.AMQChannel.exnWrappingRpc(AMQChannel.java:158) ~[amqp-client-5.27.1.jar:5.27.1]
	at com.rabbitmq.client.impl.ChannelN.queueDeclarePassive(ChannelN.java:1044) ~[amqp-client-5.27.1.jar:5.27.1]
	at com.rabbitmq.client.impl.ChannelN.queueDeclarePassive(ChannelN.java:48) ~[amqp-client-5.27.1.jar:5.27.1]
	at java.base/jdk.internal.reflect.DirectMethodHandleAccessor.invoke(DirectMethodHandleAccessor.java:103) ~[na:na]
	at java.base/java.lang.reflect.Method.invoke(Method.java:580) ~[na:na]
	at org.springframework.amqp.rabbit.connection.CachingConnectionFactory$CachedChannelInvocationHandler.invoke(CachingConnectionFactory.java:1220) ~[spring-rabbit-4.0.1.jar:4.0.1]
	at jdk.proxy2/jdk.proxy2.$Proxy87.queueDeclarePassive(Unknown Source) ~[na:na]
	at org.springframework.amqp.rabbit.listener.BlockingQueueConsumer.attemptPassiveDeclarations(BlockingQueueConsumer.java:756) ~[spring-rabbit-4.0.1.jar:4.0.1]
	... 5 common frames omitted
Caused by: com.rabbitmq.client.ShutdownSignalException: channel error; protocol method: #method<channel.close>(reply-code=404, reply-text=NOT_FOUND - no queue 'orders.queue' in vhost '/', class-id=50, method-id=10)
	at com.rabbitmq.utility.ValueOrException.getValue(ValueOrException.java:66) ~[amqp-client-5.27.1.jar:5.27.1]
	at com.rabbitmq.utility.BlockingValueOrException.uninterruptibleGetValue(BlockingValueOrException.java:36) ~[amqp-client-5.27.1.jar:5.27.1]
	at com.rabbitmq.client.impl.AMQChannel$BlockingRpcContinuation.getReply(AMQChannel.java:552) ~[amqp-client-5.27.1.jar:5.27.1]
	at com.rabbitmq.client.impl.AMQChannel.privateRpc(AMQChannel.java:316) ~[amqp-client-5.27.1.jar:5.27.1]
	at com.rabbitmq.client.impl.AMQChannel.exnWrappingRpc(AMQChannel.java:152) ~[amqp-client-5.27.1.jar:5.27.1]
	... 12 common frames omitted
Caused by: com.rabbitmq.client.ShutdownSignalException: channel error; protocol method: #method<channel.close>(reply-code=404, reply-text=NOT_FOUND - no queue 'orders.queue' in vhost '/', class-id=50, method-id=10)
	at com.rabbitmq.client.impl.ChannelN.asyncShutdown(ChannelN.java:529) ~[amqp-client-5.27.1.jar:5.27.1]
	at com.rabbitmq.client.impl.ChannelN.processAsync(ChannelN.java:350) ~[amqp-client-5.27.1.jar:5.27.1]
	at com.rabbitmq.client.impl.AMQChannel.handleCompleteInboundCommand(AMQChannel.java:193) ~[amqp-client-5.27.1.jar:5.27.1]
	at com.rabbitmq.client.impl.AMQChannel.handleFrame(AMQChannel.java:125) ~[amqp-client-5.27.1.jar:5.27.1]
	at com.rabbitmq.client.impl.AMQConnection.readFrame(AMQConnection.java:768) ~[amqp-client-5.27.1.jar:5.27.1]
	at com.rabbitmq.client.impl.AMQConnection.access$400(AMQConnection.java:49) ~[amqp-client-5.27.1.jar:5.27.1]
	at com.rabbitmq.client.impl.AMQConnection$MainLoop.run(AMQConnection.java:695) ~[amqp-client-5.27.1.jar:5.27.1]
	... 1 common frames omitted

2026-01-06T11:39:08.907+06:00  WARN [inventory-service,,] 692178 --- [inventory-service] [tContainer#0-11] o.s.a.r.listener.BlockingQueueConsumer   : Failed to declare queue: orders.queue
2026-01-06T11:39:13.912+06:00 ERROR [inventory-service,,] 692178 --- [inventory-service] [tContainer#0-11] o.s.a.r.l.SimpleMessageListenerContainer : Consumer threw missing queues exception, fatal=false

org.springframework.amqp.rabbit.listener.QueuesNotAvailableException: Cannot prepare queue for listener. Either the queue doesn't exist or the broker will not allow us to use it.
	at org.springframework.amqp.rabbit.listener.BlockingQueueConsumer.handleDeclarationException(BlockingQueueConsumer.java:728) ~[spring-rabbit-4.0.1.jar:4.0.1]
	at org.springframework.amqp.rabbit.listener.BlockingQueueConsumer.passiveDeclarations(BlockingQueueConsumer.java:662) ~[spring-rabbit-4.0.1.jar:4.0.1]
	at org.springframework.amqp.rabbit.listener.BlockingQueueConsumer.start(BlockingQueueConsumer.java:642) ~[spring-rabbit-4.0.1.jar:4.0.1]
	at org.springframework.amqp.rabbit.listener.SimpleMessageListenerContainer$AsyncMessageProcessingConsumer.initialize(SimpleMessageListenerContainer.java:1524) ~[spring-rabbit-4.0.1.jar:4.0.1]
	at org.springframework.amqp.rabbit.listener.SimpleMessageListenerContainer$AsyncMessageProcessingConsumer.run(SimpleMessageListenerContainer.java:1356) ~[spring-rabbit-4.0.1.jar:4.0.1]
	at java.base/java.lang.Thread.run(Thread.java:1583) ~[na:na]
Caused by: org.springframework.amqp.rabbit.listener.BlockingQueueConsumer$DeclarationException: Failed to declare queue(s):[orders.queue]
	at org.springframework.amqp.rabbit.listener.BlockingQueueConsumer.attemptPassiveDeclarations(BlockingQueueConsumer.java:779) ~[spring-rabbit-4.0.1.jar:4.0.1]
	at org.springframework.amqp.rabbit.listener.BlockingQueueConsumer.passiveDeclarations(BlockingQueueConsumer.java:655) ~[spring-rabbit-4.0.1.jar:4.0.1]
	... 4 common frames omitted
Caused by: java.io.IOException
	at com.rabbitmq.client.impl.AMQChannel.wrap(AMQChannel.java:140) ~[amqp-client-5.27.1.jar:5.27.1]
	at com.rabbitmq.client.impl.AMQChannel.wrap(AMQChannel.java:136) ~[amqp-client-5.27.1.jar:5.27.1]
	at com.rabbitmq.client.impl.AMQChannel.exnWrappingRpc(AMQChannel.java:158) ~[amqp-client-5.27.1.jar:5.27.1]
	at com.rabbitmq.client.impl.ChannelN.queueDeclarePassive(ChannelN.java:1044) ~[amqp-client-5.27.1.jar:5.27.1]
	at com.rabbitmq.client.impl.ChannelN.queueDeclarePassive(ChannelN.java:48) ~[amqp-client-5.27.1.jar:5.27.1]
	at java.base/jdk.internal.reflect.DirectMethodHandleAccessor.invoke(DirectMethodHandleAccessor.java:103) ~[na:na]
	at java.base/java.lang.reflect.Method.invoke(Method.java:580) ~[na:na]
	at org.springframework.amqp.rabbit.connection.CachingConnectionFactory$CachedChannelInvocationHandler.invoke(CachingConnectionFactory.java:1220) ~[spring-rabbit-4.0.1.jar:4.0.1]
	at jdk.proxy2/jdk.proxy2.$Proxy87.queueDeclarePassive(Unknown Source) ~[na:na]
	at org.springframework.amqp.rabbit.listener.BlockingQueueConsumer.attemptPassiveDeclarations(BlockingQueueConsumer.java:756) ~[spring-rabbit-4.0.1.jar:4.0.1]
	... 5 common frames omitted
Caused by: com.rabbitmq.client.ShutdownSignalException: channel error; protocol method: #method<channel.close>(reply-code=404, reply-text=NOT_FOUND - no queue 'orders.queue' in vhost '/', class-id=50, method-id=10)
	at com.rabbitmq.utility.ValueOrException.getValue(ValueOrException.java:66) ~[amqp-client-5.27.1.jar:5.27.1]
	at com.rabbitmq.utility.BlockingValueOrException.uninterruptibleGetValue(BlockingValueOrException.java:36) ~[amqp-client-5.27.1.jar:5.27.1]
	at com.rabbitmq.client.impl.AMQChannel$BlockingRpcContinuation.getReply(AMQChannel.java:552) ~[amqp-client-5.27.1.jar:5.27.1]
	at com.rabbitmq.client.impl.AMQChannel.privateRpc(AMQChannel.java:316) ~[amqp-client-5.27.1.jar:5.27.1]
	at com.rabbitmq.client.impl.AMQChannel.exnWrappingRpc(AMQChannel.java:152) ~[amqp-client-5.27.1.jar:5.27.1]
	... 12 common frames omitted
Caused by: com.rabbitmq.client.ShutdownSignalException: channel error; protocol method: #method<channel.close>(reply-code=404, reply-text=NOT_FOUND - no queue 'orders.queue' in vhost '/', class-id=50, method-id=10)
	at com.rabbitmq.client.impl.ChannelN.asyncShutdown(ChannelN.java:529) ~[amqp-client-5.27.1.jar:5.27.1]
	at com.rabbitmq.client.impl.ChannelN.processAsync(ChannelN.java:350) ~[amqp-client-5.27.1.jar:5.27.1]
	at com.rabbitmq.client.impl.AMQChannel.handleCompleteInboundCommand(AMQChannel.java:193) ~[amqp-client-5.27.1.jar:5.27.1]
	at com.rabbitmq.client.impl.AMQChannel.handleFrame(AMQChannel.java:125) ~[amqp-client-5.27.1.jar:5.27.1]
	at com.rabbitmq.client.impl.AMQConnection.readFrame(AMQConnection.java:768) ~[amqp-client-5.27.1.jar:5.27.1]
	at com.rabbitmq.client.impl.AMQConnection.access$400(AMQConnection.java:49) ~[amqp-client-5.27.1.jar:5.27.1]
	at com.rabbitmq.client.impl.AMQConnection$MainLoop.run(AMQConnection.java:695) ~[amqp-client-5.27.1.jar:5.27.1]
	... 1 common frames omitted

2026-01-06T11:39:13.914+06:00  INFO [inventory-service,,] 692178 --- [inventory-service] [tContainer#0-11] o.s.a.r.l.SimpleMessageListenerContainer : Restarting Consumer@698ac8f: tags=[[]], channel=Cached Rabbit Channel: AMQChannel(amqp://guest@127.0.0.1:5672/,1), conn: Proxy@7a814310 Shared Rabbit Connection: SimpleConnection@6bb4cc0e [delegate=amqp://guest@127.0.0.1:5672/, localPort=51158], acknowledgeMode=AUTO local queue size=0
2026-01-06T11:39:13.923+06:00  WARN [inventory-service,,] 692178 --- [inventory-service] [tContainer#0-12] o.s.a.r.listener.BlockingQueueConsumer   : Failed to declare queue: orders.queue
2026-01-06T11:39:13.923+06:00  WARN [inventory-service,,] 692178 --- [inventory-service] [tContainer#0-12] o.s.a.r.listener.BlockingQueueConsumer   : Queue declaration failed; retries left=3

org.springframework.amqp.rabbit.listener.BlockingQueueConsumer$DeclarationException: Failed to declare queue(s):[orders.queue]
	at org.springframework.amqp.rabbit.listener.BlockingQueueConsumer.attemptPassiveDeclarations(BlockingQueueConsumer.java:779) ~[spring-rabbit-4.0.1.jar:4.0.1]
	at org.springframework.amqp.rabbit.listener.BlockingQueueConsumer.passiveDeclarations(BlockingQueueConsumer.java:655) ~[spring-rabbit-4.0.1.jar:4.0.1]
	at org.springframework.amqp.rabbit.listener.BlockingQueueConsumer.start(BlockingQueueConsumer.java:642) ~[spring-rabbit-4.0.1.jar:4.0.1]
	at org.springframework.amqp.rabbit.listener.SimpleMessageListenerContainer$AsyncMessageProcessingConsumer.initialize(SimpleMessageListenerContainer.java:1524) ~[spring-rabbit-4.0.1.jar:4.0.1]
	at org.springframework.amqp.rabbit.listener.SimpleMessageListenerContainer$AsyncMessageProcessingConsumer.run(SimpleMessageListenerContainer.java:1356) ~[spring-rabbit-4.0.1.jar:4.0.1]
	at java.base/java.lang.Thread.run(Thread.java:1583) ~[na:na]
Caused by: java.io.IOException
	at com.rabbitmq.client.impl.AMQChannel.wrap(AMQChannel.java:140) ~[amqp-client-5.27.1.jar:5.27.1]
	at com.rabbitmq.client.impl.AMQChannel.wrap(AMQChannel.java:136) ~[amqp-client-5.27.1.jar:5.27.1]
	at com.rabbitmq.client.impl.AMQChannel.exnWrappingRpc(AMQChannel.java:158) ~[amqp-client-5.27.1.jar:5.27.1]
	at com.rabbitmq.client.impl.ChannelN.queueDeclarePassive(ChannelN.java:1044) ~[amqp-client-5.27.1.jar:5.27.1]
	at com.rabbitmq.client.impl.ChannelN.queueDeclarePassive(ChannelN.java:48) ~[amqp-client-5.27.1.jar:5.27.1]
	at java.base/jdk.internal.reflect.DirectMethodHandleAccessor.invoke(DirectMethodHandleAccessor.java:103) ~[na:na]
	at java.base/java.lang.reflect.Method.invoke(Method.java:580) ~[na:na]
	at org.springframework.amqp.rabbit.connection.CachingConnectionFactory$CachedChannelInvocationHandler.invoke(CachingConnectionFactory.java:1220) ~[spring-rabbit-4.0.1.jar:4.0.1]
	at jdk.proxy2/jdk.proxy2.$Proxy87.queueDeclarePassive(Unknown Source) ~[na:na]
	at org.springframework.amqp.rabbit.listener.BlockingQueueConsumer.attemptPassiveDeclarations(BlockingQueueConsumer.java:756) ~[spring-rabbit-4.0.1.jar:4.0.1]
	... 5 common frames omitted
Caused by: com.rabbitmq.client.ShutdownSignalException: channel error; protocol method: #method<channel.close>(reply-code=404, reply-text=NOT_FOUND - no queue 'orders.queue' in vhost '/', class-id=50, method-id=10)
	at com.rabbitmq.utility.ValueOrException.getValue(ValueOrException.java:66) ~[amqp-client-5.27.1.jar:5.27.1]
	at com.rabbitmq.utility.BlockingValueOrException.uninterruptibleGetValue(BlockingValueOrException.java:36) ~[amqp-client-5.27.1.jar:5.27.1]
	at com.rabbitmq.client.impl.AMQChannel$BlockingRpcContinuation.getReply(AMQChannel.java:552) ~[amqp-client-5.27.1.jar:5.27.1]
	at com.rabbitmq.client.impl.AMQChannel.privateRpc(AMQChannel.java:316) ~[amqp-client-5.27.1.jar:5.27.1]
	at com.rabbitmq.client.impl.AMQChannel.exnWrappingRpc(AMQChannel.java:152) ~[amqp-client-5.27.1.jar:5.27.1]
	... 12 common frames omitted
Caused by: com.rabbitmq.client.ShutdownSignalException: channel error; protocol method: #method<channel.close>(reply-code=404, reply-text=NOT_FOUND - no queue 'orders.queue' in vhost '/', class-id=50, method-id=10)
	at com.rabbitmq.client.impl.ChannelN.asyncShutdown(ChannelN.java:529) ~[amqp-client-5.27.1.jar:5.27.1]
	at com.rabbitmq.client.impl.ChannelN.processAsync(ChannelN.java:350) ~[amqp-client-5.27.1.jar:5.27.1]
	at com.rabbitmq.client.impl.AMQChannel.handleCompleteInboundCommand(AMQChannel.java:193) ~[amqp-client-5.27.1.jar:5.27.1]
	at com.rabbitmq.client.impl.AMQChannel.handleFrame(AMQChannel.java:125) ~[amqp-client-5.27.1.jar:5.27.1]
	at com.rabbitmq.client.impl.AMQConnection.readFrame(AMQConnection.java:768) ~[amqp-client-5.27.1.jar:5.27.1]
	at com.rabbitmq.client.impl.AMQConnection.access$400(AMQConnection.java:49) ~[amqp-client-5.27.1.jar:5.27.1]
	at com.rabbitmq.client.impl.AMQConnection$MainLoop.run(AMQConnection.java:695) ~[amqp-client-5.27.1.jar:5.27.1]
	... 1 common frames omitted

2026-01-06T11:39:18.928+06:00  WARN [inventory-service,,] 692178 --- [inventory-service] [tContainer#0-12] o.s.a.r.listener.BlockingQueueConsumer   : Failed to declare queue: orders.queue
2026-01-06T11:39:18.928+06:00  WARN [inventory-service,,] 692178 --- [inventory-service] [tContainer#0-12] o.s.a.r.listener.BlockingQueueConsumer   : Queue declaration failed; retries left=2

org.springframework.amqp.rabbit.listener.BlockingQueueConsumer$DeclarationException: Failed to declare queue(s):[orders.queue]
	at org.springframework.amqp.rabbit.listener.BlockingQueueConsumer.attemptPassiveDeclarations(BlockingQueueConsumer.java:779) ~[spring-rabbit-4.0.1.jar:4.0.1]
	at org.springframework.amqp.rabbit.listener.BlockingQueueConsumer.passiveDeclarations(BlockingQueueConsumer.java:655) ~[spring-rabbit-4.0.1.jar:4.0.1]
	at org.springframework.amqp.rabbit.listener.BlockingQueueConsumer.start(BlockingQueueConsumer.java:642) ~[spring-rabbit-4.0.1.jar:4.0.1]
	at org.springframework.amqp.rabbit.listener.SimpleMessageListenerContainer$AsyncMessageProcessingConsumer.initialize(SimpleMessageListenerContainer.java:1524) ~[spring-rabbit-4.0.1.jar:4.0.1]
	at org.springframework.amqp.rabbit.listener.SimpleMessageListenerContainer$AsyncMessageProcessingConsumer.run(SimpleMessageListenerContainer.java:1356) ~[spring-rabbit-4.0.1.jar:4.0.1]
	at java.base/java.lang.Thread.run(Thread.java:1583) ~[na:na]
Caused by: java.io.IOException
	at com.rabbitmq.client.impl.AMQChannel.wrap(AMQChannel.java:140) ~[amqp-client-5.27.1.jar:5.27.1]
	at com.rabbitmq.client.impl.AMQChannel.wrap(AMQChannel.java:136) ~[amqp-client-5.27.1.jar:5.27.1]
	at com.rabbitmq.client.impl.AMQChannel.exnWrappingRpc(AMQChannel.java:158) ~[amqp-client-5.27.1.jar:5.27.1]
	at com.rabbitmq.client.impl.ChannelN.queueDeclarePassive(ChannelN.java:1044) ~[amqp-client-5.27.1.jar:5.27.1]
	at com.rabbitmq.client.impl.ChannelN.queueDeclarePassive(ChannelN.java:48) ~[amqp-client-5.27.1.jar:5.27.1]
	at java.base/jdk.internal.reflect.DirectMethodHandleAccessor.invoke(DirectMethodHandleAccessor.java:103) ~[na:na]
	at java.base/java.lang.reflect.Method.invoke(Method.java:580) ~[na:na]
	at org.springframework.amqp.rabbit.connection.CachingConnectionFactory$CachedChannelInvocationHandler.invoke(CachingConnectionFactory.java:1220) ~[spring-rabbit-4.0.1.jar:4.0.1]
	at jdk.proxy2/jdk.proxy2.$Proxy87.queueDeclarePassive(Unknown Source) ~[na:na]
	at org.springframework.amqp.rabbit.listener.BlockingQueueConsumer.attemptPassiveDeclarations(BlockingQueueConsumer.java:756) ~[spring-rabbit-4.0.1.jar:4.0.1]
	... 5 common frames omitted
Caused by: com.rabbitmq.client.ShutdownSignalException: channel error; protocol method: #method<channel.close>(reply-code=404, reply-text=NOT_FOUND - no queue 'orders.queue' in vhost '/', class-id=50, method-id=10)
	at com.rabbitmq.utility.ValueOrException.getValue(ValueOrException.java:66) ~[amqp-client-5.27.1.jar:5.27.1]
	at com.rabbitmq.utility.BlockingValueOrException.uninterruptibleGetValue(BlockingValueOrException.java:36) ~[amqp-client-5.27.1.jar:5.27.1]
	at com.rabbitmq.client.impl.AMQChannel$BlockingRpcContinuation.getReply(AMQChannel.java:552) ~[amqp-client-5.27.1.jar:5.27.1]
	at com.rabbitmq.client.impl.AMQChannel.privateRpc(AMQChannel.java:316) ~[amqp-client-5.27.1.jar:5.27.1]
	at com.rabbitmq.client.impl.AMQChannel.exnWrappingRpc(AMQChannel.java:152) ~[amqp-client-5.27.1.jar:5.27.1]
	... 12 common frames omitted
Caused by: com.rabbitmq.client.ShutdownSignalException: channel error; protocol method: #method<channel.close>(reply-code=404, reply-text=NOT_FOUND - no queue 'orders.queue' in vhost '/', class-id=50, method-id=10)
	at com.rabbitmq.client.impl.ChannelN.asyncShutdown(ChannelN.java:529) ~[amqp-client-5.27.1.jar:5.27.1]
	at com.rabbitmq.client.impl.ChannelN.processAsync(ChannelN.java:350) ~[amqp-client-5.27.1.jar:5.27.1]
	at com.rabbitmq.client.impl.AMQChannel.handleCompleteInboundCommand(AMQChannel.java:193) ~[amqp-client-5.27.1.jar:5.27.1]
	at com.rabbitmq.client.impl.AMQChannel.handleFrame(AMQChannel.java:125) ~[amqp-client-5.27.1.jar:5.27.1]
	at com.rabbitmq.client.impl.AMQConnection.readFrame(AMQConnection.java:768) ~[amqp-client-5.27.1.jar:5.27.1]
	at com.rabbitmq.client.impl.AMQConnection.access$400(AMQConnection.java:49) ~[amqp-client-5.27.1.jar:5.27.1]
	at com.rabbitmq.client.impl.AMQConnection$MainLoop.run(AMQConnection.java:695) ~[amqp-client-5.27.1.jar:5.27.1]
	... 1 common frames omitted

2026-01-06T11:39:23.934+06:00  WARN [inventory-service,,] 692178 --- [inventory-service] [tContainer#0-12] o.s.a.r.listener.BlockingQueueConsumer   : Failed to declare queue: orders.queue
2026-01-06T11:39:23.935+06:00  WARN [inventory-service,,] 692178 --- [inventory-service] [tContainer#0-12] o.s.a.r.listener.BlockingQueueConsumer   : Queue declaration failed; retries left=1

org.springframework.amqp.rabbit.listener.BlockingQueueConsumer$DeclarationException: Failed to declare queue(s):[orders.queue]
	at org.springframework.amqp.rabbit.listener.BlockingQueueConsumer.attemptPassiveDeclarations(BlockingQueueConsumer.java:779) ~[spring-rabbit-4.0.1.jar:4.0.1]
	at org.springframework.amqp.rabbit.listener.BlockingQueueConsumer.passiveDeclarations(BlockingQueueConsumer.java:655) ~[spring-rabbit-4.0.1.jar:4.0.1]
	at org.springframework.amqp.rabbit.listener.BlockingQueueConsumer.start(BlockingQueueConsumer.java:642) ~[spring-rabbit-4.0.1.jar:4.0.1]
	at org.springframework.amqp.rabbit.listener.SimpleMessageListenerContainer$AsyncMessageProcessingConsumer.initialize(SimpleMessageListenerContainer.java:1524) ~[spring-rabbit-4.0.1.jar:4.0.1]
	at org.springframework.amqp.rabbit.listener.SimpleMessageListenerContainer$AsyncMessageProcessingConsumer.run(SimpleMessageListenerContainer.java:1356) ~[spring-rabbit-4.0.1.jar:4.0.1]
	at java.base/java.lang.Thread.run(Thread.java:1583) ~[na:na]
Caused by: java.io.IOException
	at com.rabbitmq.client.impl.AMQChannel.wrap(AMQChannel.java:140) ~[amqp-client-5.27.1.jar:5.27.1]
	at com.rabbitmq.client.impl.AMQChannel.wrap(AMQChannel.java:136) ~[amqp-client-5.27.1.jar:5.27.1]
	at com.rabbitmq.client.impl.AMQChannel.exnWrappingRpc(AMQChannel.java:158) ~[amqp-client-5.27.1.jar:5.27.1]
	at com.rabbitmq.client.impl.ChannelN.queueDeclarePassive(ChannelN.java:1044) ~[amqp-client-5.27.1.jar:5.27.1]
	at com.rabbitmq.client.impl.ChannelN.queueDeclarePassive(ChannelN.java:48) ~[amqp-client-5.27.1.jar:5.27.1]
	at java.base/jdk.internal.reflect.DirectMethodHandleAccessor.invoke(DirectMethodHandleAccessor.java:103) ~[na:na]
	at java.base/java.lang.reflect.Method.invoke(Method.java:580) ~[na:na]
	at org.springframework.amqp.rabbit.connection.CachingConnectionFactory$CachedChannelInvocationHandler.invoke(CachingConnectionFactory.java:1220) ~[spring-rabbit-4.0.1.jar:4.0.1]
	at jdk.proxy2/jdk.proxy2.$Proxy87.queueDeclarePassive(Unknown Source) ~[na:na]
	at org.springframework.amqp.rabbit.listener.BlockingQueueConsumer.attemptPassiveDeclarations(BlockingQueueConsumer.java:756) ~[spring-rabbit-4.0.1.jar:4.0.1]
	... 5 common frames omitted
Caused by: com.rabbitmq.client.ShutdownSignalException: channel error; protocol method: #method<channel.close>(reply-code=404, reply-text=NOT_FOUND - no queue 'orders.queue' in vhost '/', class-id=50, method-id=10)
	at com.rabbitmq.utility.ValueOrException.getValue(ValueOrException.java:66) ~[amqp-client-5.27.1.jar:5.27.1]
	at com.rabbitmq.utility.BlockingValueOrException.uninterruptibleGetValue(BlockingValueOrException.java:36) ~[amqp-client-5.27.1.jar:5.27.1]
	at com.rabbitmq.client.impl.AMQChannel$BlockingRpcContinuation.getReply(AMQChannel.java:552) ~[amqp-client-5.27.1.jar:5.27.1]
	at com.rabbitmq.client.impl.AMQChannel.privateRpc(AMQChannel.java:316) ~[amqp-client-5.27.1.jar:5.27.1]
	at com.rabbitmq.client.impl.AMQChannel.exnWrappingRpc(AMQChannel.java:152) ~[amqp-client-5.27.1.jar:5.27.1]
	... 12 common frames omitted
Caused by: com.rabbitmq.client.ShutdownSignalException: channel error; protocol method: #method<channel.close>(reply-code=404, reply-text=NOT_FOUND - no queue 'orders.queue' in vhost '/', class-id=50, method-id=10)
	at com.rabbitmq.client.impl.ChannelN.asyncShutdown(ChannelN.java:529) ~[amqp-client-5.27.1.jar:5.27.1]
	at com.rabbitmq.client.impl.ChannelN.processAsync(ChannelN.java:350) ~[amqp-client-5.27.1.jar:5.27.1]
	at com.rabbitmq.client.impl.AMQChannel.handleCompleteInboundCommand(AMQChannel.java:193) ~[amqp-client-5.27.1.jar:5.27.1]
	at com.rabbitmq.client.impl.AMQChannel.handleFrame(AMQChannel.java:125) ~[amqp-client-5.27.1.jar:5.27.1]
	at com.rabbitmq.client.impl.AMQConnection.readFrame(AMQConnection.java:768) ~[amqp-client-5.27.1.jar:5.27.1]
	at com.rabbitmq.client.impl.AMQConnection.access$400(AMQConnection.java:49) ~[amqp-client-5.27.1.jar:5.27.1]
	at com.rabbitmq.client.impl.AMQConnection$MainLoop.run(AMQConnection.java:695) ~[amqp-client-5.27.1.jar:5.27.1]
	... 1 common frames omitted

2026-01-06T11:39:28.940+06:00  WARN [inventory-service,,] 692178 --- [inventory-service] [tContainer#0-12] o.s.a.r.listener.BlockingQueueConsumer   : Failed to declare queue: orders.queue
2026-01-06T11:39:33.946+06:00 ERROR [inventory-service,,] 692178 --- [inventory-service] [tContainer#0-12] o.s.a.r.l.SimpleMessageListenerContainer : Consumer threw missing queues exception, fatal=false

org.springframework.amqp.rabbit.listener.QueuesNotAvailableException: Cannot prepare queue for listener. Either the queue doesn't exist or the broker will not allow us to use it.
	at org.springframework.amqp.rabbit.listener.BlockingQueueConsumer.handleDeclarationException(BlockingQueueConsumer.java:728) ~[spring-rabbit-4.0.1.jar:4.0.1]
	at org.springframework.amqp.rabbit.listener.BlockingQueueConsumer.passiveDeclarations(BlockingQueueConsumer.java:662) ~[spring-rabbit-4.0.1.jar:4.0.1]
	at org.springframework.amqp.rabbit.listener.BlockingQueueConsumer.start(BlockingQueueConsumer.java:642) ~[spring-rabbit-4.0.1.jar:4.0.1]
	at org.springframework.amqp.rabbit.listener.SimpleMessageListenerContainer$AsyncMessageProcessingConsumer.initialize(SimpleMessageListenerContainer.java:1524) ~[spring-rabbit-4.0.1.jar:4.0.1]
	at org.springframework.amqp.rabbit.listener.SimpleMessageListenerContainer$AsyncMessageProcessingConsumer.run(SimpleMessageListenerContainer.java:1356) ~[spring-rabbit-4.0.1.jar:4.0.1]
	at java.base/java.lang.Thread.run(Thread.java:1583) ~[na:na]
Caused by: org.springframework.amqp.rabbit.listener.BlockingQueueConsumer$DeclarationException: Failed to declare queue(s):[orders.queue]
	at org.springframework.amqp.rabbit.listener.BlockingQueueConsumer.attemptPassiveDeclarations(BlockingQueueConsumer.java:779) ~[spring-rabbit-4.0.1.jar:4.0.1]
	at org.springframework.amqp.rabbit.listener.BlockingQueueConsumer.passiveDeclarations(BlockingQueueConsumer.java:655) ~[spring-rabbit-4.0.1.jar:4.0.1]
	... 4 common frames omitted
Caused by: java.io.IOException
	at com.rabbitmq.client.impl.AMQChannel.wrap(AMQChannel.java:140) ~[amqp-client-5.27.1.jar:5.27.1]
	at com.rabbitmq.client.impl.AMQChannel.wrap(AMQChannel.java:136) ~[amqp-client-5.27.1.jar:5.27.1]
	at com.rabbitmq.client.impl.AMQChannel.exnWrappingRpc(AMQChannel.java:158) ~[amqp-client-5.27.1.jar:5.27.1]
	at com.rabbitmq.client.impl.ChannelN.queueDeclarePassive(ChannelN.java:1044) ~[amqp-client-5.27.1.jar:5.27.1]
	at com.rabbitmq.client.impl.ChannelN.queueDeclarePassive(ChannelN.java:48) ~[amqp-client-5.27.1.jar:5.27.1]
	at java.base/jdk.internal.reflect.DirectMethodHandleAccessor.invoke(DirectMethodHandleAccessor.java:103) ~[na:na]
	at java.base/java.lang.reflect.Method.invoke(Method.java:580) ~[na:na]
	at org.springframework.amqp.rabbit.connection.CachingConnectionFactory$CachedChannelInvocationHandler.invoke(CachingConnectionFactory.java:1220) ~[spring-rabbit-4.0.1.jar:4.0.1]
	at jdk.proxy2/jdk.proxy2.$Proxy87.queueDeclarePassive(Unknown Source) ~[na:na]
	at org.springframework.amqp.rabbit.listener.BlockingQueueConsumer.attemptPassiveDeclarations(BlockingQueueConsumer.java:756) ~[spring-rabbit-4.0.1.jar:4.0.1]
	... 5 common frames omitted
Caused by: com.rabbitmq.client.ShutdownSignalException: channel error; protocol method: #method<channel.close>(reply-code=404, reply-text=NOT_FOUND - no queue 'orders.queue' in vhost '/', class-id=50, method-id=10)
	at com.rabbitmq.utility.ValueOrException.getValue(ValueOrException.java:66) ~[amqp-client-5.27.1.jar:5.27.1]
	at com.rabbitmq.utility.BlockingValueOrException.uninterruptibleGetValue(BlockingValueOrException.java:36) ~[amqp-client-5.27.1.jar:5.27.1]
	at com.rabbitmq.client.impl.AMQChannel$BlockingRpcContinuation.getReply(AMQChannel.java:552) ~[amqp-client-5.27.1.jar:5.27.1]
	at com.rabbitmq.client.impl.AMQChannel.privateRpc(AMQChannel.java:316) ~[amqp-client-5.27.1.jar:5.27.1]
	at com.rabbitmq.client.impl.AMQChannel.exnWrappingRpc(AMQChannel.java:152) ~[amqp-client-5.27.1.jar:5.27.1]
	... 12 common frames omitted
Caused by: com.rabbitmq.client.ShutdownSignalException: channel error; protocol method: #method<channel.close>(reply-code=404, reply-text=NOT_FOUND - no queue 'orders.queue' in vhost '/', class-id=50, method-id=10)
	at com.rabbitmq.client.impl.ChannelN.asyncShutdown(ChannelN.java:529) ~[amqp-client-5.27.1.jar:5.27.1]
	at com.rabbitmq.client.impl.ChannelN.processAsync(ChannelN.java:350) ~[amqp-client-5.27.1.jar:5.27.1]
	at com.rabbitmq.client.impl.AMQChannel.handleCompleteInboundCommand(AMQChannel.java:193) ~[amqp-client-5.27.1.jar:5.27.1]
	at com.rabbitmq.client.impl.AMQChannel.handleFrame(AMQChannel.java:125) ~[amqp-client-5.27.1.jar:5.27.1]
	at com.rabbitmq.client.impl.AMQConnection.readFrame(AMQConnection.java:768) ~[amqp-client-5.27.1.jar:5.27.1]
	at com.rabbitmq.client.impl.AMQConnection.access$400(AMQConnection.java:49) ~[amqp-client-5.27.1.jar:5.27.1]
	at com.rabbitmq.client.impl.AMQConnection$MainLoop.run(AMQConnection.java:695) ~[amqp-client-5.27.1.jar:5.27.1]
	... 1 common frames omitted

2026-01-06T11:39:33.947+06:00  INFO [inventory-service,,] 692178 --- [inventory-service] [tContainer#0-12] o.s.a.r.l.SimpleMessageListenerContainer : Restarting Consumer@3653306e: tags=[[]], channel=Cached Rabbit Channel: AMQChannel(amqp://guest@127.0.0.1:5672/,1), conn: Proxy@7a814310 Shared Rabbit Connection: SimpleConnection@6bb4cc0e [delegate=amqp://guest@127.0.0.1:5672/, localPort=51158], acknowledgeMode=AUTO local queue size=0
2026-01-06T11:39:33.960+06:00  WARN [inventory-service,,] 692178 --- [inventory-service] [tContainer#0-13] o.s.a.r.listener.BlockingQueueConsumer   : Failed to declare queue: orders.queue
2026-01-06T11:39:33.961+06:00  WARN [inventory-service,,] 692178 --- [inventory-service] [tContainer#0-13] o.s.a.r.listener.BlockingQueueConsumer   : Queue declaration failed; retries left=3

org.springframework.amqp.rabbit.listener.BlockingQueueConsumer$DeclarationException: Failed to declare queue(s):[orders.queue]
	at org.springframework.amqp.rabbit.listener.BlockingQueueConsumer.attemptPassiveDeclarations(BlockingQueueConsumer.java:779) ~[spring-rabbit-4.0.1.jar:4.0.1]
	at org.springframework.amqp.rabbit.listener.BlockingQueueConsumer.passiveDeclarations(BlockingQueueConsumer.java:655) ~[spring-rabbit-4.0.1.jar:4.0.1]
	at org.springframework.amqp.rabbit.listener.BlockingQueueConsumer.start(BlockingQueueConsumer.java:642) ~[spring-rabbit-4.0.1.jar:4.0.1]
	at org.springframework.amqp.rabbit.listener.SimpleMessageListenerContainer$AsyncMessageProcessingConsumer.initialize(SimpleMessageListenerContainer.java:1524) ~[spring-rabbit-4.0.1.jar:4.0.1]
	at org.springframework.amqp.rabbit.listener.SimpleMessageListenerContainer$AsyncMessageProcessingConsumer.run(SimpleMessageListenerContainer.java:1356) ~[spring-rabbit-4.0.1.jar:4.0.1]
	at java.base/java.lang.Thread.run(Thread.java:1583) ~[na:na]
Caused by: java.io.IOException
	at com.rabbitmq.client.impl.AMQChannel.wrap(AMQChannel.java:140) ~[amqp-client-5.27.1.jar:5.27.1]
	at com.rabbitmq.client.impl.AMQChannel.wrap(AMQChannel.java:136) ~[amqp-client-5.27.1.jar:5.27.1]
	at com.rabbitmq.client.impl.AMQChannel.exnWrappingRpc(AMQChannel.java:158) ~[amqp-client-5.27.1.jar:5.27.1]
	at com.rabbitmq.client.impl.ChannelN.queueDeclarePassive(ChannelN.java:1044) ~[amqp-client-5.27.1.jar:5.27.1]
	at com.rabbitmq.client.impl.ChannelN.queueDeclarePassive(ChannelN.java:48) ~[amqp-client-5.27.1.jar:5.27.1]
	at java.base/jdk.internal.reflect.DirectMethodHandleAccessor.invoke(DirectMethodHandleAccessor.java:103) ~[na:na]
	at java.base/java.lang.reflect.Method.invoke(Method.java:580) ~[na:na]
	at org.springframework.amqp.rabbit.connection.CachingConnectionFactory$CachedChannelInvocationHandler.invoke(CachingConnectionFactory.java:1220) ~[spring-rabbit-4.0.1.jar:4.0.1]
	at jdk.proxy2/jdk.proxy2.$Proxy87.queueDeclarePassive(Unknown Source) ~[na:na]
	at org.springframework.amqp.rabbit.listener.BlockingQueueConsumer.attemptPassiveDeclarations(BlockingQueueConsumer.java:756) ~[spring-rabbit-4.0.1.jar:4.0.1]
	... 5 common frames omitted
Caused by: com.rabbitmq.client.ShutdownSignalException: channel error; protocol method: #method<channel.close>(reply-code=404, reply-text=NOT_FOUND - no queue 'orders.queue' in vhost '/', class-id=50, method-id=10)
	at com.rabbitmq.utility.ValueOrException.getValue(ValueOrException.java:66) ~[amqp-client-5.27.1.jar:5.27.1]
	at com.rabbitmq.utility.BlockingValueOrException.uninterruptibleGetValue(BlockingValueOrException.java:36) ~[amqp-client-5.27.1.jar:5.27.1]
	at com.rabbitmq.client.impl.AMQChannel$BlockingRpcContinuation.getReply(AMQChannel.java:552) ~[amqp-client-5.27.1.jar:5.27.1]
	at com.rabbitmq.client.impl.AMQChannel.privateRpc(AMQChannel.java:316) ~[amqp-client-5.27.1.jar:5.27.1]
	at com.rabbitmq.client.impl.AMQChannel.exnWrappingRpc(AMQChannel.java:152) ~[amqp-client-5.27.1.jar:5.27.1]
	... 12 common frames omitted
Caused by: com.rabbitmq.client.ShutdownSignalException: channel error; protocol method: #method<channel.close>(reply-code=404, reply-text=NOT_FOUND - no queue 'orders.queue' in vhost '/', class-id=50, method-id=10)
	at com.rabbitmq.client.impl.ChannelN.asyncShutdown(ChannelN.java:529) ~[amqp-client-5.27.1.jar:5.27.1]
	at com.rabbitmq.client.impl.ChannelN.processAsync(ChannelN.java:350) ~[amqp-client-5.27.1.jar:5.27.1]
	at com.rabbitmq.client.impl.AMQChannel.handleCompleteInboundCommand(AMQChannel.java:193) ~[amqp-client-5.27.1.jar:5.27.1]
	at com.rabbitmq.client.impl.AMQChannel.handleFrame(AMQChannel.java:125) ~[amqp-client-5.27.1.jar:5.27.1]
	at com.rabbitmq.client.impl.AMQConnection.readFrame(AMQConnection.java:768) ~[amqp-client-5.27.1.jar:5.27.1]
	at com.rabbitmq.client.impl.AMQConnection.access$400(AMQConnection.java:49) ~[amqp-client-5.27.1.jar:5.27.1]
	at com.rabbitmq.client.impl.AMQConnection$MainLoop.run(AMQConnection.java:695) ~[amqp-client-5.27.1.jar:5.27.1]
	... 1 common frames omitted

2026-01-06T11:39:38.969+06:00  WARN [inventory-service,,] 692178 --- [inventory-service] [tContainer#0-13] o.s.a.r.listener.BlockingQueueConsumer   : Failed to declare queue: orders.queue
2026-01-06T11:39:38.969+06:00  WARN [inventory-service,,] 692178 --- [inventory-service] [tContainer#0-13] o.s.a.r.listener.BlockingQueueConsumer   : Queue declaration failed; retries left=2

org.springframework.amqp.rabbit.listener.BlockingQueueConsumer$DeclarationException: Failed to declare queue(s):[orders.queue]
	at org.springframework.amqp.rabbit.listener.BlockingQueueConsumer.attemptPassiveDeclarations(BlockingQueueConsumer.java:779) ~[spring-rabbit-4.0.1.jar:4.0.1]
	at org.springframework.amqp.rabbit.listener.BlockingQueueConsumer.passiveDeclarations(BlockingQueueConsumer.java:655) ~[spring-rabbit-4.0.1.jar:4.0.1]
	at org.springframework.amqp.rabbit.listener.BlockingQueueConsumer.start(BlockingQueueConsumer.java:642) ~[spring-rabbit-4.0.1.jar:4.0.1]
	at org.springframework.amqp.rabbit.listener.SimpleMessageListenerContainer$AsyncMessageProcessingConsumer.initialize(SimpleMessageListenerContainer.java:1524) ~[spring-rabbit-4.0.1.jar:4.0.1]
	at org.springframework.amqp.rabbit.listener.SimpleMessageListenerContainer$AsyncMessageProcessingConsumer.run(SimpleMessageListenerContainer.java:1356) ~[spring-rabbit-4.0.1.jar:4.0.1]
	at java.base/java.lang.Thread.run(Thread.java:1583) ~[na:na]
Caused by: java.io.IOException
	at com.rabbitmq.client.impl.AMQChannel.wrap(AMQChannel.java:140) ~[amqp-client-5.27.1.jar:5.27.1]
	at com.rabbitmq.client.impl.AMQChannel.wrap(AMQChannel.java:136) ~[amqp-client-5.27.1.jar:5.27.1]
	at com.rabbitmq.client.impl.AMQChannel.exnWrappingRpc(AMQChannel.java:158) ~[amqp-client-5.27.1.jar:5.27.1]
	at com.rabbitmq.client.impl.ChannelN.queueDeclarePassive(ChannelN.java:1044) ~[amqp-client-5.27.1.jar:5.27.1]
	at com.rabbitmq.client.impl.ChannelN.queueDeclarePassive(ChannelN.java:48) ~[amqp-client-5.27.1.jar:5.27.1]
	at java.base/jdk.internal.reflect.DirectMethodHandleAccessor.invoke(DirectMethodHandleAccessor.java:103) ~[na:na]
	at java.base/java.lang.reflect.Method.invoke(Method.java:580) ~[na:na]
	at org.springframework.amqp.rabbit.connection.CachingConnectionFactory$CachedChannelInvocationHandler.invoke(CachingConnectionFactory.java:1220) ~[spring-rabbit-4.0.1.jar:4.0.1]
	at jdk.proxy2/jdk.proxy2.$Proxy87.queueDeclarePassive(Unknown Source) ~[na:na]
	at org.springframework.amqp.rabbit.listener.BlockingQueueConsumer.attemptPassiveDeclarations(BlockingQueueConsumer.java:756) ~[spring-rabbit-4.0.1.jar:4.0.1]
	... 5 common frames omitted
Caused by: com.rabbitmq.client.ShutdownSignalException: channel error; protocol method: #method<channel.close>(reply-code=404, reply-text=NOT_FOUND - no queue 'orders.queue' in vhost '/', class-id=50, method-id=10)
	at com.rabbitmq.utility.ValueOrException.getValue(ValueOrException.java:66) ~[amqp-client-5.27.1.jar:5.27.1]
	at com.rabbitmq.utility.BlockingValueOrException.uninterruptibleGetValue(BlockingValueOrException.java:36) ~[amqp-client-5.27.1.jar:5.27.1]
	at com.rabbitmq.client.impl.AMQChannel$BlockingRpcContinuation.getReply(AMQChannel.java:552) ~[amqp-client-5.27.1.jar:5.27.1]
	at com.rabbitmq.client.impl.AMQChannel.privateRpc(AMQChannel.java:316) ~[amqp-client-5.27.1.jar:5.27.1]
	at com.rabbitmq.client.impl.AMQChannel.exnWrappingRpc(AMQChannel.java:152) ~[amqp-client-5.27.1.jar:5.27.1]
	... 12 common frames omitted
Caused by: com.rabbitmq.client.ShutdownSignalException: channel error; protocol method: #method<channel.close>(reply-code=404, reply-text=NOT_FOUND - no queue 'orders.queue' in vhost '/', class-id=50, method-id=10)
	at com.rabbitmq.client.impl.ChannelN.asyncShutdown(ChannelN.java:529) ~[amqp-client-5.27.1.jar:5.27.1]
	at com.rabbitmq.client.impl.ChannelN.processAsync(ChannelN.java:350) ~[amqp-client-5.27.1.jar:5.27.1]
	at com.rabbitmq.client.impl.AMQChannel.handleCompleteInboundCommand(AMQChannel.java:193) ~[amqp-client-5.27.1.jar:5.27.1]
	at com.rabbitmq.client.impl.AMQChannel.handleFrame(AMQChannel.java:125) ~[amqp-client-5.27.1.jar:5.27.1]
	at com.rabbitmq.client.impl.AMQConnection.readFrame(AMQConnection.java:768) ~[amqp-client-5.27.1.jar:5.27.1]
	at com.rabbitmq.client.impl.AMQConnection.access$400(AMQConnection.java:49) ~[amqp-client-5.27.1.jar:5.27.1]
	at com.rabbitmq.client.impl.AMQConnection$MainLoop.run(AMQConnection.java:695) ~[amqp-client-5.27.1.jar:5.27.1]
	... 1 common frames omitted

2026-01-06T11:39:43.976+06:00  WARN [inventory-service,,] 692178 --- [inventory-service] [tContainer#0-13] o.s.a.r.listener.BlockingQueueConsumer   : Failed to declare queue: orders.queue
2026-01-06T11:39:43.977+06:00  WARN [inventory-service,,] 692178 --- [inventory-service] [tContainer#0-13] o.s.a.r.listener.BlockingQueueConsumer   : Queue declaration failed; retries left=1

org.springframework.amqp.rabbit.listener.BlockingQueueConsumer$DeclarationException: Failed to declare queue(s):[orders.queue]
	at org.springframework.amqp.rabbit.listener.BlockingQueueConsumer.attemptPassiveDeclarations(BlockingQueueConsumer.java:779) ~[spring-rabbit-4.0.1.jar:4.0.1]
	at org.springframework.amqp.rabbit.listener.BlockingQueueConsumer.passiveDeclarations(BlockingQueueConsumer.java:655) ~[spring-rabbit-4.0.1.jar:4.0.1]
	at org.springframework.amqp.rabbit.listener.BlockingQueueConsumer.start(BlockingQueueConsumer.java:642) ~[spring-rabbit-4.0.1.jar:4.0.1]
	at org.springframework.amqp.rabbit.listener.SimpleMessageListenerContainer$AsyncMessageProcessingConsumer.initialize(SimpleMessageListenerContainer.java:1524) ~[spring-rabbit-4.0.1.jar:4.0.1]
	at org.springframework.amqp.rabbit.listener.SimpleMessageListenerContainer$AsyncMessageProcessingConsumer.run(SimpleMessageListenerContainer.java:1356) ~[spring-rabbit-4.0.1.jar:4.0.1]
	at java.base/java.lang.Thread.run(Thread.java:1583) ~[na:na]
Caused by: java.io.IOException
	at com.rabbitmq.client.impl.AMQChannel.wrap(AMQChannel.java:140) ~[amqp-client-5.27.1.jar:5.27.1]
	at com.rabbitmq.client.impl.AMQChannel.wrap(AMQChannel.java:136) ~[amqp-client-5.27.1.jar:5.27.1]
	at com.rabbitmq.client.impl.AMQChannel.exnWrappingRpc(AMQChannel.java:158) ~[amqp-client-5.27.1.jar:5.27.1]
	at com.rabbitmq.client.impl.ChannelN.queueDeclarePassive(ChannelN.java:1044) ~[amqp-client-5.27.1.jar:5.27.1]
	at com.rabbitmq.client.impl.ChannelN.queueDeclarePassive(ChannelN.java:48) ~[amqp-client-5.27.1.jar:5.27.1]
	at java.base/jdk.internal.reflect.DirectMethodHandleAccessor.invoke(DirectMethodHandleAccessor.java:103) ~[na:na]
	at java.base/java.lang.reflect.Method.invoke(Method.java:580) ~[na:na]
	at org.springframework.amqp.rabbit.connection.CachingConnectionFactory$CachedChannelInvocationHandler.invoke(CachingConnectionFactory.java:1220) ~[spring-rabbit-4.0.1.jar:4.0.1]
	at jdk.proxy2/jdk.proxy2.$Proxy87.queueDeclarePassive(Unknown Source) ~[na:na]
	at org.springframework.amqp.rabbit.listener.BlockingQueueConsumer.attemptPassiveDeclarations(BlockingQueueConsumer.java:756) ~[spring-rabbit-4.0.1.jar:4.0.1]
	... 5 common frames omitted
Caused by: com.rabbitmq.client.ShutdownSignalException: channel error; protocol method: #method<channel.close>(reply-code=404, reply-text=NOT_FOUND - no queue 'orders.queue' in vhost '/', class-id=50, method-id=10)
	at com.rabbitmq.utility.ValueOrException.getValue(ValueOrException.java:66) ~[amqp-client-5.27.1.jar:5.27.1]
	at com.rabbitmq.utility.BlockingValueOrException.uninterruptibleGetValue(BlockingValueOrException.java:36) ~[amqp-client-5.27.1.jar:5.27.1]
	at com.rabbitmq.client.impl.AMQChannel$BlockingRpcContinuation.getReply(AMQChannel.java:552) ~[amqp-client-5.27.1.jar:5.27.1]
	at com.rabbitmq.client.impl.AMQChannel.privateRpc(AMQChannel.java:316) ~[amqp-client-5.27.1.jar:5.27.1]
	at com.rabbitmq.client.impl.AMQChannel.exnWrappingRpc(AMQChannel.java:152) ~[amqp-client-5.27.1.jar:5.27.1]
	... 12 common frames omitted
Caused by: com.rabbitmq.client.ShutdownSignalException: channel error; protocol method: #method<channel.close>(reply-code=404, reply-text=NOT_FOUND - no queue 'orders.queue' in vhost '/', class-id=50, method-id=10)
	at com.rabbitmq.client.impl.ChannelN.asyncShutdown(ChannelN.java:529) ~[amqp-client-5.27.1.jar:5.27.1]
	at com.rabbitmq.client.impl.ChannelN.processAsync(ChannelN.java:350) ~[amqp-client-5.27.1.jar:5.27.1]
	at com.rabbitmq.client.impl.AMQChannel.handleCompleteInboundCommand(AMQChannel.java:193) ~[amqp-client-5.27.1.jar:5.27.1]
	at com.rabbitmq.client.impl.AMQChannel.handleFrame(AMQChannel.java:125) ~[amqp-client-5.27.1.jar:5.27.1]
	at com.rabbitmq.client.impl.AMQConnection.readFrame(AMQConnection.java:768) ~[amqp-client-5.27.1.jar:5.27.1]
	at com.rabbitmq.client.impl.AMQConnection.access$400(AMQConnection.java:49) ~[amqp-client-5.27.1.jar:5.27.1]
	at com.rabbitmq.client.impl.AMQConnection$MainLoop.run(AMQConnection.java:695) ~[amqp-client-5.27.1.jar:5.27.1]
	... 1 common frames omitted

2026-01-06T11:39:48.982+06:00  WARN [inventory-service,,] 692178 --- [inventory-service] [tContainer#0-13] o.s.a.r.listener.BlockingQueueConsumer   : Failed to declare queue: orders.queue
2026-01-06T11:39:53.988+06:00 ERROR [inventory-service,,] 692178 --- [inventory-service] [tContainer#0-13] o.s.a.r.l.SimpleMessageListenerContainer : Consumer threw missing queues exception, fatal=false

org.springframework.amqp.rabbit.listener.QueuesNotAvailableException: Cannot prepare queue for listener. Either the queue doesn't exist or the broker will not allow us to use it.
	at org.springframework.amqp.rabbit.listener.BlockingQueueConsumer.handleDeclarationException(BlockingQueueConsumer.java:728) ~[spring-rabbit-4.0.1.jar:4.0.1]
	at org.springframework.amqp.rabbit.listener.BlockingQueueConsumer.passiveDeclarations(BlockingQueueConsumer.java:662) ~[spring-rabbit-4.0.1.jar:4.0.1]
	at org.springframework.amqp.rabbit.listener.BlockingQueueConsumer.start(BlockingQueueConsumer.java:642) ~[spring-rabbit-4.0.1.jar:4.0.1]
	at org.springframework.amqp.rabbit.listener.SimpleMessageListenerContainer$AsyncMessageProcessingConsumer.initialize(SimpleMessageListenerContainer.java:1524) ~[spring-rabbit-4.0.1.jar:4.0.1]
	at org.springframework.amqp.rabbit.listener.SimpleMessageListenerContainer$AsyncMessageProcessingConsumer.run(SimpleMessageListenerContainer.java:1356) ~[spring-rabbit-4.0.1.jar:4.0.1]
	at java.base/java.lang.Thread.run(Thread.java:1583) ~[na:na]
Caused by: org.springframework.amqp.rabbit.listener.BlockingQueueConsumer$DeclarationException: Failed to declare queue(s):[orders.queue]
	at org.springframework.amqp.rabbit.listener.BlockingQueueConsumer.attemptPassiveDeclarations(BlockingQueueConsumer.java:779) ~[spring-rabbit-4.0.1.jar:4.0.1]
	at org.springframework.amqp.rabbit.listener.BlockingQueueConsumer.passiveDeclarations(BlockingQueueConsumer.java:655) ~[spring-rabbit-4.0.1.jar:4.0.1]
	... 4 common frames omitted
Caused by: java.io.IOException
	at com.rabbitmq.client.impl.AMQChannel.wrap(AMQChannel.java:140) ~[amqp-client-5.27.1.jar:5.27.1]
	at com.rabbitmq.client.impl.AMQChannel.wrap(AMQChannel.java:136) ~[amqp-client-5.27.1.jar:5.27.1]
	at com.rabbitmq.client.impl.AMQChannel.exnWrappingRpc(AMQChannel.java:158) ~[amqp-client-5.27.1.jar:5.27.1]
	at com.rabbitmq.client.impl.ChannelN.queueDeclarePassive(ChannelN.java:1044) ~[amqp-client-5.27.1.jar:5.27.1]
	at com.rabbitmq.client.impl.ChannelN.queueDeclarePassive(ChannelN.java:48) ~[amqp-client-5.27.1.jar:5.27.1]
	at java.base/jdk.internal.reflect.DirectMethodHandleAccessor.invoke(DirectMethodHandleAccessor.java:103) ~[na:na]
	at java.base/java.lang.reflect.Method.invoke(Method.java:580) ~[na:na]
	at org.springframework.amqp.rabbit.connection.CachingConnectionFactory$CachedChannelInvocationHandler.invoke(CachingConnectionFactory.java:1220) ~[spring-rabbit-4.0.1.jar:4.0.1]
	at jdk.proxy2/jdk.proxy2.$Proxy87.queueDeclarePassive(Unknown Source) ~[na:na]
	at org.springframework.amqp.rabbit.listener.BlockingQueueConsumer.attemptPassiveDeclarations(BlockingQueueConsumer.java:756) ~[spring-rabbit-4.0.1.jar:4.0.1]
	... 5 common frames omitted
Caused by: com.rabbitmq.client.ShutdownSignalException: channel error; protocol method: #method<channel.close>(reply-code=404, reply-text=NOT_FOUND - no queue 'orders.queue' in vhost '/', class-id=50, method-id=10)
	at com.rabbitmq.utility.ValueOrException.getValue(ValueOrException.java:66) ~[amqp-client-5.27.1.jar:5.27.1]
	at com.rabbitmq.utility.BlockingValueOrException.uninterruptibleGetValue(BlockingValueOrException.java:36) ~[amqp-client-5.27.1.jar:5.27.1]
	at com.rabbitmq.client.impl.AMQChannel$BlockingRpcContinuation.getReply(AMQChannel.java:552) ~[amqp-client-5.27.1.jar:5.27.1]
	at com.rabbitmq.client.impl.AMQChannel.privateRpc(AMQChannel.java:316) ~[amqp-client-5.27.1.jar:5.27.1]
	at com.rabbitmq.client.impl.AMQChannel.exnWrappingRpc(AMQChannel.java:152) ~[amqp-client-5.27.1.jar:5.27.1]
	... 12 common frames omitted
Caused by: com.rabbitmq.client.ShutdownSignalException: channel error; protocol method: #method<channel.close>(reply-code=404, reply-text=NOT_FOUND - no queue 'orders.queue' in vhost '/', class-id=50, method-id=10)
	at com.rabbitmq.client.impl.ChannelN.asyncShutdown(ChannelN.java:529) ~[amqp-client-5.27.1.jar:5.27.1]
	at com.rabbitmq.client.impl.ChannelN.processAsync(ChannelN.java:350) ~[amqp-client-5.27.1.jar:5.27.1]
	at com.rabbitmq.client.impl.AMQChannel.handleCompleteInboundCommand(AMQChannel.java:193) ~[amqp-client-5.27.1.jar:5.27.1]
	at com.rabbitmq.client.impl.AMQChannel.handleFrame(AMQChannel.java:125) ~[amqp-client-5.27.1.jar:5.27.1]
	at com.rabbitmq.client.impl.AMQConnection.readFrame(AMQConnection.java:768) ~[amqp-client-5.27.1.jar:5.27.1]
	at com.rabbitmq.client.impl.AMQConnection.access$400(AMQConnection.java:49) ~[amqp-client-5.27.1.jar:5.27.1]
	at com.rabbitmq.client.impl.AMQConnection$MainLoop.run(AMQConnection.java:695) ~[amqp-client-5.27.1.jar:5.27.1]
	... 1 common frames omitted

2026-01-06T11:39:53.990+06:00  INFO [inventory-service,,] 692178 --- [inventory-service] [tContainer#0-13] o.s.a.r.l.SimpleMessageListenerContainer : Restarting Consumer@5454f049: tags=[[]], channel=Cached Rabbit Channel: AMQChannel(amqp://guest@127.0.0.1:5672/,1), conn: Proxy@7a814310 Shared Rabbit Connection: SimpleConnection@6bb4cc0e [delegate=amqp://guest@127.0.0.1:5672/, localPort=51158], acknowledgeMode=AUTO local queue size=0
2026-01-06T11:39:54.000+06:00  WARN [inventory-service,,] 692178 --- [inventory-service] [tContainer#0-14] o.s.a.r.listener.BlockingQueueConsumer   : Failed to declare queue: orders.queue
2026-01-06T11:39:54.000+06:00  WARN [inventory-service,,] 692178 --- [inventory-service] [tContainer#0-14] o.s.a.r.listener.BlockingQueueConsumer   : Queue declaration failed; retries left=3

org.springframework.amqp.rabbit.listener.BlockingQueueConsumer$DeclarationException: Failed to declare queue(s):[orders.queue]
	at org.springframework.amqp.rabbit.listener.BlockingQueueConsumer.attemptPassiveDeclarations(BlockingQueueConsumer.java:779) ~[spring-rabbit-4.0.1.jar:4.0.1]
	at org.springframework.amqp.rabbit.listener.BlockingQueueConsumer.passiveDeclarations(BlockingQueueConsumer.java:655) ~[spring-rabbit-4.0.1.jar:4.0.1]
	at org.springframework.amqp.rabbit.listener.BlockingQueueConsumer.start(BlockingQueueConsumer.java:642) ~[spring-rabbit-4.0.1.jar:4.0.1]
	at org.springframework.amqp.rabbit.listener.SimpleMessageListenerContainer$AsyncMessageProcessingConsumer.initialize(SimpleMessageListenerContainer.java:1524) ~[spring-rabbit-4.0.1.jar:4.0.1]
	at org.springframework.amqp.rabbit.listener.SimpleMessageListenerContainer$AsyncMessageProcessingConsumer.run(SimpleMessageListenerContainer.java:1356) ~[spring-rabbit-4.0.1.jar:4.0.1]
	at java.base/java.lang.Thread.run(Thread.java:1583) ~[na:na]
Caused by: java.io.IOException
	at com.rabbitmq.client.impl.AMQChannel.wrap(AMQChannel.java:140) ~[amqp-client-5.27.1.jar:5.27.1]
	at com.rabbitmq.client.impl.AMQChannel.wrap(AMQChannel.java:136) ~[amqp-client-5.27.1.jar:5.27.1]
	at com.rabbitmq.client.impl.AMQChannel.exnWrappingRpc(AMQChannel.java:158) ~[amqp-client-5.27.1.jar:5.27.1]
	at com.rabbitmq.client.impl.ChannelN.queueDeclarePassive(ChannelN.java:1044) ~[amqp-client-5.27.1.jar:5.27.1]
	at com.rabbitmq.client.impl.ChannelN.queueDeclarePassive(ChannelN.java:48) ~[amqp-client-5.27.1.jar:5.27.1]
	at java.base/jdk.internal.reflect.DirectMethodHandleAccessor.invoke(DirectMethodHandleAccessor.java:103) ~[na:na]
	at java.base/java.lang.reflect.Method.invoke(Method.java:580) ~[na:na]
	at org.springframework.amqp.rabbit.connection.CachingConnectionFactory$CachedChannelInvocationHandler.invoke(CachingConnectionFactory.java:1220) ~[spring-rabbit-4.0.1.jar:4.0.1]
	at jdk.proxy2/jdk.proxy2.$Proxy87.queueDeclarePassive(Unknown Source) ~[na:na]
	at org.springframework.amqp.rabbit.listener.BlockingQueueConsumer.attemptPassiveDeclarations(BlockingQueueConsumer.java:756) ~[spring-rabbit-4.0.1.jar:4.0.1]
	... 5 common frames omitted
Caused by: com.rabbitmq.client.ShutdownSignalException: channel error; protocol method: #method<channel.close>(reply-code=404, reply-text=NOT_FOUND - no queue 'orders.queue' in vhost '/', class-id=50, method-id=10)
	at com.rabbitmq.utility.ValueOrException.getValue(ValueOrException.java:66) ~[amqp-client-5.27.1.jar:5.27.1]
	at com.rabbitmq.utility.BlockingValueOrException.uninterruptibleGetValue(BlockingValueOrException.java:36) ~[amqp-client-5.27.1.jar:5.27.1]
	at com.rabbitmq.client.impl.AMQChannel$BlockingRpcContinuation.getReply(AMQChannel.java:552) ~[amqp-client-5.27.1.jar:5.27.1]
	at com.rabbitmq.client.impl.AMQChannel.privateRpc(AMQChannel.java:316) ~[amqp-client-5.27.1.jar:5.27.1]
	at com.rabbitmq.client.impl.AMQChannel.exnWrappingRpc(AMQChannel.java:152) ~[amqp-client-5.27.1.jar:5.27.1]
	... 12 common frames omitted
Caused by: com.rabbitmq.client.ShutdownSignalException: channel error; protocol method: #method<channel.close>(reply-code=404, reply-text=NOT_FOUND - no queue 'orders.queue' in vhost '/', class-id=50, method-id=10)
	at com.rabbitmq.client.impl.ChannelN.asyncShutdown(ChannelN.java:529) ~[amqp-client-5.27.1.jar:5.27.1]
	at com.rabbitmq.client.impl.ChannelN.processAsync(ChannelN.java:350) ~[amqp-client-5.27.1.jar:5.27.1]
	at com.rabbitmq.client.impl.AMQChannel.handleCompleteInboundCommand(AMQChannel.java:193) ~[amqp-client-5.27.1.jar:5.27.1]
	at com.rabbitmq.client.impl.AMQChannel.handleFrame(AMQChannel.java:125) ~[amqp-client-5.27.1.jar:5.27.1]
	at com.rabbitmq.client.impl.AMQConnection.readFrame(AMQConnection.java:768) ~[amqp-client-5.27.1.jar:5.27.1]
	at com.rabbitmq.client.impl.AMQConnection.access$400(AMQConnection.java:49) ~[amqp-client-5.27.1.jar:5.27.1]
	at com.rabbitmq.client.impl.AMQConnection$MainLoop.run(AMQConnection.java:695) ~[amqp-client-5.27.1.jar:5.27.1]
	... 1 common frames omitted

2026-01-06T11:39:59.007+06:00  WARN [inventory-service,,] 692178 --- [inventory-service] [tContainer#0-14] o.s.a.r.listener.BlockingQueueConsumer   : Failed to declare queue: orders.queue
2026-01-06T11:39:59.008+06:00  WARN [inventory-service,,] 692178 --- [inventory-service] [tContainer#0-14] o.s.a.r.listener.BlockingQueueConsumer   : Queue declaration failed; retries left=2

org.springframework.amqp.rabbit.listener.BlockingQueueConsumer$DeclarationException: Failed to declare queue(s):[orders.queue]
	at org.springframework.amqp.rabbit.listener.BlockingQueueConsumer.attemptPassiveDeclarations(BlockingQueueConsumer.java:779) ~[spring-rabbit-4.0.1.jar:4.0.1]
	at org.springframework.amqp.rabbit.listener.BlockingQueueConsumer.passiveDeclarations(BlockingQueueConsumer.java:655) ~[spring-rabbit-4.0.1.jar:4.0.1]
	at org.springframework.amqp.rabbit.listener.BlockingQueueConsumer.start(BlockingQueueConsumer.java:642) ~[spring-rabbit-4.0.1.jar:4.0.1]
	at org.springframework.amqp.rabbit.listener.SimpleMessageListenerContainer$AsyncMessageProcessingConsumer.initialize(SimpleMessageListenerContainer.java:1524) ~[spring-rabbit-4.0.1.jar:4.0.1]
	at org.springframework.amqp.rabbit.listener.SimpleMessageListenerContainer$AsyncMessageProcessingConsumer.run(SimpleMessageListenerContainer.java:1356) ~[spring-rabbit-4.0.1.jar:4.0.1]
	at java.base/java.lang.Thread.run(Thread.java:1583) ~[na:na]
Caused by: java.io.IOException
	at com.rabbitmq.client.impl.AMQChannel.wrap(AMQChannel.java:140) ~[amqp-client-5.27.1.jar:5.27.1]
	at com.rabbitmq.client.impl.AMQChannel.wrap(AMQChannel.java:136) ~[amqp-client-5.27.1.jar:5.27.1]
	at com.rabbitmq.client.impl.AMQChannel.exnWrappingRpc(AMQChannel.java:158) ~[amqp-client-5.27.1.jar:5.27.1]
	at com.rabbitmq.client.impl.ChannelN.queueDeclarePassive(ChannelN.java:1044) ~[amqp-client-5.27.1.jar:5.27.1]
	at com.rabbitmq.client.impl.ChannelN.queueDeclarePassive(ChannelN.java:48) ~[amqp-client-5.27.1.jar:5.27.1]
	at java.base/jdk.internal.reflect.DirectMethodHandleAccessor.invoke(DirectMethodHandleAccessor.java:103) ~[na:na]
	at java.base/java.lang.reflect.Method.invoke(Method.java:580) ~[na:na]
	at org.springframework.amqp.rabbit.connection.CachingConnectionFactory$CachedChannelInvocationHandler.invoke(CachingConnectionFactory.java:1220) ~[spring-rabbit-4.0.1.jar:4.0.1]
	at jdk.proxy2/jdk.proxy2.$Proxy87.queueDeclarePassive(Unknown Source) ~[na:na]
	at org.springframework.amqp.rabbit.listener.BlockingQueueConsumer.attemptPassiveDeclarations(BlockingQueueConsumer.java:756) ~[spring-rabbit-4.0.1.jar:4.0.1]
	... 5 common frames omitted
Caused by: com.rabbitmq.client.ShutdownSignalException: channel error; protocol method: #method<channel.close>(reply-code=404, reply-text=NOT_FOUND - no queue 'orders.queue' in vhost '/', class-id=50, method-id=10)
	at com.rabbitmq.utility.ValueOrException.getValue(ValueOrException.java:66) ~[amqp-client-5.27.1.jar:5.27.1]
	at com.rabbitmq.utility.BlockingValueOrException.uninterruptibleGetValue(BlockingValueOrException.java:36) ~[amqp-client-5.27.1.jar:5.27.1]
	at com.rabbitmq.client.impl.AMQChannel$BlockingRpcContinuation.getReply(AMQChannel.java:552) ~[amqp-client-5.27.1.jar:5.27.1]
	at com.rabbitmq.client.impl.AMQChannel.privateRpc(AMQChannel.java:316) ~[amqp-client-5.27.1.jar:5.27.1]
	at com.rabbitmq.client.impl.AMQChannel.exnWrappingRpc(AMQChannel.java:152) ~[amqp-client-5.27.1.jar:5.27.1]
	... 12 common frames omitted
Caused by: com.rabbitmq.client.ShutdownSignalException: channel error; protocol method: #method<channel.close>(reply-code=404, reply-text=NOT_FOUND - no queue 'orders.queue' in vhost '/', class-id=50, method-id=10)
	at com.rabbitmq.client.impl.ChannelN.asyncShutdown(ChannelN.java:529) ~[amqp-client-5.27.1.jar:5.27.1]
	at com.rabbitmq.client.impl.ChannelN.processAsync(ChannelN.java:350) ~[amqp-client-5.27.1.jar:5.27.1]
	at com.rabbitmq.client.impl.AMQChannel.handleCompleteInboundCommand(AMQChannel.java:193) ~[amqp-client-5.27.1.jar:5.27.1]
	at com.rabbitmq.client.impl.AMQChannel.handleFrame(AMQChannel.java:125) ~[amqp-client-5.27.1.jar:5.27.1]
	at com.rabbitmq.client.impl.AMQConnection.readFrame(AMQConnection.java:768) ~[amqp-client-5.27.1.jar:5.27.1]
	at com.rabbitmq.client.impl.AMQConnection.access$400(AMQConnection.java:49) ~[amqp-client-5.27.1.jar:5.27.1]
	at com.rabbitmq.client.impl.AMQConnection$MainLoop.run(AMQConnection.java:695) ~[amqp-client-5.27.1.jar:5.27.1]
	... 1 common frames omitted

2026-01-06T11:40:04.015+06:00  WARN [inventory-service,,] 692178 --- [inventory-service] [tContainer#0-14] o.s.a.r.listener.BlockingQueueConsumer   : Failed to declare queue: orders.queue
2026-01-06T11:40:04.015+06:00  WARN [inventory-service,,] 692178 --- [inventory-service] [tContainer#0-14] o.s.a.r.listener.BlockingQueueConsumer   : Queue declaration failed; retries left=1

org.springframework.amqp.rabbit.listener.BlockingQueueConsumer$DeclarationException: Failed to declare queue(s):[orders.queue]
	at org.springframework.amqp.rabbit.listener.BlockingQueueConsumer.attemptPassiveDeclarations(BlockingQueueConsumer.java:779) ~[spring-rabbit-4.0.1.jar:4.0.1]
	at org.springframework.amqp.rabbit.listener.BlockingQueueConsumer.passiveDeclarations(BlockingQueueConsumer.java:655) ~[spring-rabbit-4.0.1.jar:4.0.1]
	at org.springframework.amqp.rabbit.listener.BlockingQueueConsumer.start(BlockingQueueConsumer.java:642) ~[spring-rabbit-4.0.1.jar:4.0.1]
	at org.springframework.amqp.rabbit.listener.SimpleMessageListenerContainer$AsyncMessageProcessingConsumer.initialize(SimpleMessageListenerContainer.java:1524) ~[spring-rabbit-4.0.1.jar:4.0.1]
	at org.springframework.amqp.rabbit.listener.SimpleMessageListenerContainer$AsyncMessageProcessingConsumer.run(SimpleMessageListenerContainer.java:1356) ~[spring-rabbit-4.0.1.jar:4.0.1]
	at java.base/java.lang.Thread.run(Thread.java:1583) ~[na:na]
Caused by: java.io.IOException
	at com.rabbitmq.client.impl.AMQChannel.wrap(AMQChannel.java:140) ~[amqp-client-5.27.1.jar:5.27.1]
	at com.rabbitmq.client.impl.AMQChannel.wrap(AMQChannel.java:136) ~[amqp-client-5.27.1.jar:5.27.1]
	at com.rabbitmq.client.impl.AMQChannel.exnWrappingRpc(AMQChannel.java:158) ~[amqp-client-5.27.1.jar:5.27.1]
	at com.rabbitmq.client.impl.ChannelN.queueDeclarePassive(ChannelN.java:1044) ~[amqp-client-5.27.1.jar:5.27.1]
	at com.rabbitmq.client.impl.ChannelN.queueDeclarePassive(ChannelN.java:48) ~[amqp-client-5.27.1.jar:5.27.1]
	at java.base/jdk.internal.reflect.DirectMethodHandleAccessor.invoke(DirectMethodHandleAccessor.java:103) ~[na:na]
	at java.base/java.lang.reflect.Method.invoke(Method.java:580) ~[na:na]
	at org.springframework.amqp.rabbit.connection.CachingConnectionFactory$CachedChannelInvocationHandler.invoke(CachingConnectionFactory.java:1220) ~[spring-rabbit-4.0.1.jar:4.0.1]
	at jdk.proxy2/jdk.proxy2.$Proxy87.queueDeclarePassive(Unknown Source) ~[na:na]
	at org.springframework.amqp.rabbit.listener.BlockingQueueConsumer.attemptPassiveDeclarations(BlockingQueueConsumer.java:756) ~[spring-rabbit-4.0.1.jar:4.0.1]
	... 5 common frames omitted
Caused by: com.rabbitmq.client.ShutdownSignalException: channel error; protocol method: #method<channel.close>(reply-code=404, reply-text=NOT_FOUND - no queue 'orders.queue' in vhost '/', class-id=50, method-id=10)
	at com.rabbitmq.utility.ValueOrException.getValue(ValueOrException.java:66) ~[amqp-client-5.27.1.jar:5.27.1]
	at com.rabbitmq.utility.BlockingValueOrException.uninterruptibleGetValue(BlockingValueOrException.java:36) ~[amqp-client-5.27.1.jar:5.27.1]
	at com.rabbitmq.client.impl.AMQChannel$BlockingRpcContinuation.getReply(AMQChannel.java:552) ~[amqp-client-5.27.1.jar:5.27.1]
	at com.rabbitmq.client.impl.AMQChannel.privateRpc(AMQChannel.java:316) ~[amqp-client-5.27.1.jar:5.27.1]
	at com.rabbitmq.client.impl.AMQChannel.exnWrappingRpc(AMQChannel.java:152) ~[amqp-client-5.27.1.jar:5.27.1]
	... 12 common frames omitted
Caused by: com.rabbitmq.client.ShutdownSignalException: channel error; protocol method: #method<channel.close>(reply-code=404, reply-text=NOT_FOUND - no queue 'orders.queue' in vhost '/', class-id=50, method-id=10)
	at com.rabbitmq.client.impl.ChannelN.asyncShutdown(ChannelN.java:529) ~[amqp-client-5.27.1.jar:5.27.1]
	at com.rabbitmq.client.impl.ChannelN.processAsync(ChannelN.java:350) ~[amqp-client-5.27.1.jar:5.27.1]
	at com.rabbitmq.client.impl.AMQChannel.handleCompleteInboundCommand(AMQChannel.java:193) ~[amqp-client-5.27.1.jar:5.27.1]
	at com.rabbitmq.client.impl.AMQChannel.handleFrame(AMQChannel.java:125) ~[amqp-client-5.27.1.jar:5.27.1]
	at com.rabbitmq.client.impl.AMQConnection.readFrame(AMQConnection.java:768) ~[amqp-client-5.27.1.jar:5.27.1]
	at com.rabbitmq.client.impl.AMQConnection.access$400(AMQConnection.java:49) ~[amqp-client-5.27.1.jar:5.27.1]
	at com.rabbitmq.client.impl.AMQConnection$MainLoop.run(AMQConnection.java:695) ~[amqp-client-5.27.1.jar:5.27.1]
	... 1 common frames omitted

2026-01-06T11:40:09.021+06:00  WARN [inventory-service,,] 692178 --- [inventory-service] [tContainer#0-14] o.s.a.r.listener.BlockingQueueConsumer   : Failed to declare queue: orders.queue
2026-01-06T11:40:14.027+06:00 ERROR [inventory-service,,] 692178 --- [inventory-service] [tContainer#0-14] o.s.a.r.l.SimpleMessageListenerContainer : Consumer threw missing queues exception, fatal=false

org.springframework.amqp.rabbit.listener.QueuesNotAvailableException: Cannot prepare queue for listener. Either the queue doesn't exist or the broker will not allow us to use it.
	at org.springframework.amqp.rabbit.listener.BlockingQueueConsumer.handleDeclarationException(BlockingQueueConsumer.java:728) ~[spring-rabbit-4.0.1.jar:4.0.1]
	at org.springframework.amqp.rabbit.listener.BlockingQueueConsumer.passiveDeclarations(BlockingQueueConsumer.java:662) ~[spring-rabbit-4.0.1.jar:4.0.1]
	at org.springframework.amqp.rabbit.listener.BlockingQueueConsumer.start(BlockingQueueConsumer.java:642) ~[spring-rabbit-4.0.1.jar:4.0.1]
	at org.springframework.amqp.rabbit.listener.SimpleMessageListenerContainer$AsyncMessageProcessingConsumer.initialize(SimpleMessageListenerContainer.java:1524) ~[spring-rabbit-4.0.1.jar:4.0.1]
	at org.springframework.amqp.rabbit.listener.SimpleMessageListenerContainer$AsyncMessageProcessingConsumer.run(SimpleMessageListenerContainer.java:1356) ~[spring-rabbit-4.0.1.jar:4.0.1]
	at java.base/java.lang.Thread.run(Thread.java:1583) ~[na:na]
Caused by: org.springframework.amqp.rabbit.listener.BlockingQueueConsumer$DeclarationException: Failed to declare queue(s):[orders.queue]
	at org.springframework.amqp.rabbit.listener.BlockingQueueConsumer.attemptPassiveDeclarations(BlockingQueueConsumer.java:779) ~[spring-rabbit-4.0.1.jar:4.0.1]
	at org.springframework.amqp.rabbit.listener.BlockingQueueConsumer.passiveDeclarations(BlockingQueueConsumer.java:655) ~[spring-rabbit-4.0.1.jar:4.0.1]
	... 4 common frames omitted
Caused by: java.io.IOException
	at com.rabbitmq.client.impl.AMQChannel.wrap(AMQChannel.java:140) ~[amqp-client-5.27.1.jar:5.27.1]
	at com.rabbitmq.client.impl.AMQChannel.wrap(AMQChannel.java:136) ~[amqp-client-5.27.1.jar:5.27.1]
	at com.rabbitmq.client.impl.AMQChannel.exnWrappingRpc(AMQChannel.java:158) ~[amqp-client-5.27.1.jar:5.27.1]
	at com.rabbitmq.client.impl.ChannelN.queueDeclarePassive(ChannelN.java:1044) ~[amqp-client-5.27.1.jar:5.27.1]
	at com.rabbitmq.client.impl.ChannelN.queueDeclarePassive(ChannelN.java:48) ~[amqp-client-5.27.1.jar:5.27.1]
	at java.base/jdk.internal.reflect.DirectMethodHandleAccessor.invoke(DirectMethodHandleAccessor.java:103) ~[na:na]
	at java.base/java.lang.reflect.Method.invoke(Method.java:580) ~[na:na]
	at org.springframework.amqp.rabbit.connection.CachingConnectionFactory$CachedChannelInvocationHandler.invoke(CachingConnectionFactory.java:1220) ~[spring-rabbit-4.0.1.jar:4.0.1]
	at jdk.proxy2/jdk.proxy2.$Proxy87.queueDeclarePassive(Unknown Source) ~[na:na]
	at org.springframework.amqp.rabbit.listener.BlockingQueueConsumer.attemptPassiveDeclarations(BlockingQueueConsumer.java:756) ~[spring-rabbit-4.0.1.jar:4.0.1]
	... 5 common frames omitted
Caused by: com.rabbitmq.client.ShutdownSignalException: channel error; protocol method: #method<channel.close>(reply-code=404, reply-text=NOT_FOUND - no queue 'orders.queue' in vhost '/', class-id=50, method-id=10)
	at com.rabbitmq.utility.ValueOrException.getValue(ValueOrException.java:66) ~[amqp-client-5.27.1.jar:5.27.1]
	at com.rabbitmq.utility.BlockingValueOrException.uninterruptibleGetValue(BlockingValueOrException.java:36) ~[amqp-client-5.27.1.jar:5.27.1]
	at com.rabbitmq.client.impl.AMQChannel$BlockingRpcContinuation.getReply(AMQChannel.java:552) ~[amqp-client-5.27.1.jar:5.27.1]
	at com.rabbitmq.client.impl.AMQChannel.privateRpc(AMQChannel.java:316) ~[amqp-client-5.27.1.jar:5.27.1]
	at com.rabbitmq.client.impl.AMQChannel.exnWrappingRpc(AMQChannel.java:152) ~[amqp-client-5.27.1.jar:5.27.1]
	... 12 common frames omitted
Caused by: com.rabbitmq.client.ShutdownSignalException: channel error; protocol method: #method<channel.close>(reply-code=404, reply-text=NOT_FOUND - no queue 'orders.queue' in vhost '/', class-id=50, method-id=10)
	at com.rabbitmq.client.impl.ChannelN.asyncShutdown(ChannelN.java:529) ~[amqp-client-5.27.1.jar:5.27.1]
	at com.rabbitmq.client.impl.ChannelN.processAsync(ChannelN.java:350) ~[amqp-client-5.27.1.jar:5.27.1]
	at com.rabbitmq.client.impl.AMQChannel.handleCompleteInboundCommand(AMQChannel.java:193) ~[amqp-client-5.27.1.jar:5.27.1]
	at com.rabbitmq.client.impl.AMQChannel.handleFrame(AMQChannel.java:125) ~[amqp-client-5.27.1.jar:5.27.1]
	at com.rabbitmq.client.impl.AMQConnection.readFrame(AMQConnection.java:768) ~[amqp-client-5.27.1.jar:5.27.1]
	at com.rabbitmq.client.impl.AMQConnection.access$400(AMQConnection.java:49) ~[amqp-client-5.27.1.jar:5.27.1]
	at com.rabbitmq.client.impl.AMQConnection$MainLoop.run(AMQConnection.java:695) ~[amqp-client-5.27.1.jar:5.27.1]
	... 1 common frames omitted

2026-01-06T11:40:14.028+06:00  INFO [inventory-service,,] 692178 --- [inventory-service] [tContainer#0-14] o.s.a.r.l.SimpleMessageListenerContainer : Restarting Consumer@12c56a8e: tags=[[]], channel=Cached Rabbit Channel: AMQChannel(amqp://guest@127.0.0.1:5672/,1), conn: Proxy@7a814310 Shared Rabbit Connection: SimpleConnection@6bb4cc0e [delegate=amqp://guest@127.0.0.1:5672/, localPort=51158], acknowledgeMode=AUTO local queue size=0
2026-01-06T11:40:14.038+06:00  WARN [inventory-service,,] 692178 --- [inventory-service] [tContainer#0-15] o.s.a.r.listener.BlockingQueueConsumer   : Failed to declare queue: orders.queue
2026-01-06T11:40:14.038+06:00  WARN [inventory-service,,] 692178 --- [inventory-service] [tContainer#0-15] o.s.a.r.listener.BlockingQueueConsumer   : Queue declaration failed; retries left=3

org.springframework.amqp.rabbit.listener.BlockingQueueConsumer$DeclarationException: Failed to declare queue(s):[orders.queue]
	at org.springframework.amqp.rabbit.listener.BlockingQueueConsumer.attemptPassiveDeclarations(BlockingQueueConsumer.java:779) ~[spring-rabbit-4.0.1.jar:4.0.1]
	at org.springframework.amqp.rabbit.listener.BlockingQueueConsumer.passiveDeclarations(BlockingQueueConsumer.java:655) ~[spring-rabbit-4.0.1.jar:4.0.1]
	at org.springframework.amqp.rabbit.listener.BlockingQueueConsumer.start(BlockingQueueConsumer.java:642) ~[spring-rabbit-4.0.1.jar:4.0.1]
	at org.springframework.amqp.rabbit.listener.SimpleMessageListenerContainer$AsyncMessageProcessingConsumer.initialize(SimpleMessageListenerContainer.java:1524) ~[spring-rabbit-4.0.1.jar:4.0.1]
	at org.springframework.amqp.rabbit.listener.SimpleMessageListenerContainer$AsyncMessageProcessingConsumer.run(SimpleMessageListenerContainer.java:1356) ~[spring-rabbit-4.0.1.jar:4.0.1]
	at java.base/java.lang.Thread.run(Thread.java:1583) ~[na:na]
Caused by: java.io.IOException
	at com.rabbitmq.client.impl.AMQChannel.wrap(AMQChannel.java:140) ~[amqp-client-5.27.1.jar:5.27.1]
	at com.rabbitmq.client.impl.AMQChannel.wrap(AMQChannel.java:136) ~[amqp-client-5.27.1.jar:5.27.1]
	at com.rabbitmq.client.impl.AMQChannel.exnWrappingRpc(AMQChannel.java:158) ~[amqp-client-5.27.1.jar:5.27.1]
	at com.rabbitmq.client.impl.ChannelN.queueDeclarePassive(ChannelN.java:1044) ~[amqp-client-5.27.1.jar:5.27.1]
	at com.rabbitmq.client.impl.ChannelN.queueDeclarePassive(ChannelN.java:48) ~[amqp-client-5.27.1.jar:5.27.1]
	at java.base/jdk.internal.reflect.DirectMethodHandleAccessor.invoke(DirectMethodHandleAccessor.java:103) ~[na:na]
	at java.base/java.lang.reflect.Method.invoke(Method.java:580) ~[na:na]
	at org.springframework.amqp.rabbit.connection.CachingConnectionFactory$CachedChannelInvocationHandler.invoke(CachingConnectionFactory.java:1220) ~[spring-rabbit-4.0.1.jar:4.0.1]
	at jdk.proxy2/jdk.proxy2.$Proxy87.queueDeclarePassive(Unknown Source) ~[na:na]
	at org.springframework.amqp.rabbit.listener.BlockingQueueConsumer.attemptPassiveDeclarations(BlockingQueueConsumer.java:756) ~[spring-rabbit-4.0.1.jar:4.0.1]
	... 5 common frames omitted
Caused by: com.rabbitmq.client.ShutdownSignalException: channel error; protocol method: #method<channel.close>(reply-code=404, reply-text=NOT_FOUND - no queue 'orders.queue' in vhost '/', class-id=50, method-id=10)
	at com.rabbitmq.utility.ValueOrException.getValue(ValueOrException.java:66) ~[amqp-client-5.27.1.jar:5.27.1]
	at com.rabbitmq.utility.BlockingValueOrException.uninterruptibleGetValue(BlockingValueOrException.java:36) ~[amqp-client-5.27.1.jar:5.27.1]
	at com.rabbitmq.client.impl.AMQChannel$BlockingRpcContinuation.getReply(AMQChannel.java:552) ~[amqp-client-5.27.1.jar:5.27.1]
	at com.rabbitmq.client.impl.AMQChannel.privateRpc(AMQChannel.java:316) ~[amqp-client-5.27.1.jar:5.27.1]
	at com.rabbitmq.client.impl.AMQChannel.exnWrappingRpc(AMQChannel.java:152) ~[amqp-client-5.27.1.jar:5.27.1]
	... 12 common frames omitted
Caused by: com.rabbitmq.client.ShutdownSignalException: channel error; protocol method: #method<channel.close>(reply-code=404, reply-text=NOT_FOUND - no queue 'orders.queue' in vhost '/', class-id=50, method-id=10)
	at com.rabbitmq.client.impl.ChannelN.asyncShutdown(ChannelN.java:529) ~[amqp-client-5.27.1.jar:5.27.1]
	at com.rabbitmq.client.impl.ChannelN.processAsync(ChannelN.java:350) ~[amqp-client-5.27.1.jar:5.27.1]
	at com.rabbitmq.client.impl.AMQChannel.handleCompleteInboundCommand(AMQChannel.java:193) ~[amqp-client-5.27.1.jar:5.27.1]
	at com.rabbitmq.client.impl.AMQChannel.handleFrame(AMQChannel.java:125) ~[amqp-client-5.27.1.jar:5.27.1]
	at com.rabbitmq.client.impl.AMQConnection.readFrame(AMQConnection.java:768) ~[amqp-client-5.27.1.jar:5.27.1]
	at com.rabbitmq.client.impl.AMQConnection.access$400(AMQConnection.java:49) ~[amqp-client-5.27.1.jar:5.27.1]
	at com.rabbitmq.client.impl.AMQConnection$MainLoop.run(AMQConnection.java:695) ~[amqp-client-5.27.1.jar:5.27.1]
	... 1 common frames omitted

2026-01-06T11:40:19.045+06:00  WARN [inventory-service,,] 692178 --- [inventory-service] [tContainer#0-15] o.s.a.r.listener.BlockingQueueConsumer   : Failed to declare queue: orders.queue
2026-01-06T11:40:19.046+06:00  WARN [inventory-service,,] 692178 --- [inventory-service] [tContainer#0-15] o.s.a.r.listener.BlockingQueueConsumer   : Queue declaration failed; retries left=2

org.springframework.amqp.rabbit.listener.BlockingQueueConsumer$DeclarationException: Failed to declare queue(s):[orders.queue]
	at org.springframework.amqp.rabbit.listener.BlockingQueueConsumer.attemptPassiveDeclarations(BlockingQueueConsumer.java:779) ~[spring-rabbit-4.0.1.jar:4.0.1]
	at org.springframework.amqp.rabbit.listener.BlockingQueueConsumer.passiveDeclarations(BlockingQueueConsumer.java:655) ~[spring-rabbit-4.0.1.jar:4.0.1]
	at org.springframework.amqp.rabbit.listener.BlockingQueueConsumer.start(BlockingQueueConsumer.java:642) ~[spring-rabbit-4.0.1.jar:4.0.1]
	at org.springframework.amqp.rabbit.listener.SimpleMessageListenerContainer$AsyncMessageProcessingConsumer.initialize(SimpleMessageListenerContainer.java:1524) ~[spring-rabbit-4.0.1.jar:4.0.1]
	at org.springframework.amqp.rabbit.listener.SimpleMessageListenerContainer$AsyncMessageProcessingConsumer.run(SimpleMessageListenerContainer.java:1356) ~[spring-rabbit-4.0.1.jar:4.0.1]
	at java.base/java.lang.Thread.run(Thread.java:1583) ~[na:na]
Caused by: java.io.IOException
	at com.rabbitmq.client.impl.AMQChannel.wrap(AMQChannel.java:140) ~[amqp-client-5.27.1.jar:5.27.1]
	at com.rabbitmq.client.impl.AMQChannel.wrap(AMQChannel.java:136) ~[amqp-client-5.27.1.jar:5.27.1]
	at com.rabbitmq.client.impl.AMQChannel.exnWrappingRpc(AMQChannel.java:158) ~[amqp-client-5.27.1.jar:5.27.1]
	at com.rabbitmq.client.impl.ChannelN.queueDeclarePassive(ChannelN.java:1044) ~[amqp-client-5.27.1.jar:5.27.1]
	at com.rabbitmq.client.impl.ChannelN.queueDeclarePassive(ChannelN.java:48) ~[amqp-client-5.27.1.jar:5.27.1]
	at java.base/jdk.internal.reflect.DirectMethodHandleAccessor.invoke(DirectMethodHandleAccessor.java:103) ~[na:na]
	at java.base/java.lang.reflect.Method.invoke(Method.java:580) ~[na:na]
	at org.springframework.amqp.rabbit.connection.CachingConnectionFactory$CachedChannelInvocationHandler.invoke(CachingConnectionFactory.java:1220) ~[spring-rabbit-4.0.1.jar:4.0.1]
	at jdk.proxy2/jdk.proxy2.$Proxy87.queueDeclarePassive(Unknown Source) ~[na:na]
	at org.springframework.amqp.rabbit.listener.BlockingQueueConsumer.attemptPassiveDeclarations(BlockingQueueConsumer.java:756) ~[spring-rabbit-4.0.1.jar:4.0.1]
	... 5 common frames omitted
Caused by: com.rabbitmq.client.ShutdownSignalException: channel error; protocol method: #method<channel.close>(reply-code=404, reply-text=NOT_FOUND - no queue 'orders.queue' in vhost '/', class-id=50, method-id=10)
	at com.rabbitmq.utility.ValueOrException.getValue(ValueOrException.java:66) ~[amqp-client-5.27.1.jar:5.27.1]
	at com.rabbitmq.utility.BlockingValueOrException.uninterruptibleGetValue(BlockingValueOrException.java:36) ~[amqp-client-5.27.1.jar:5.27.1]
	at com.rabbitmq.client.impl.AMQChannel$BlockingRpcContinuation.getReply(AMQChannel.java:552) ~[amqp-client-5.27.1.jar:5.27.1]
	at com.rabbitmq.client.impl.AMQChannel.privateRpc(AMQChannel.java:316) ~[amqp-client-5.27.1.jar:5.27.1]
	at com.rabbitmq.client.impl.AMQChannel.exnWrappingRpc(AMQChannel.java:152) ~[amqp-client-5.27.1.jar:5.27.1]
	... 12 common frames omitted
Caused by: com.rabbitmq.client.ShutdownSignalException: channel error; protocol method: #method<channel.close>(reply-code=404, reply-text=NOT_FOUND - no queue 'orders.queue' in vhost '/', class-id=50, method-id=10)
	at com.rabbitmq.client.impl.ChannelN.asyncShutdown(ChannelN.java:529) ~[amqp-client-5.27.1.jar:5.27.1]
	at com.rabbitmq.client.impl.ChannelN.processAsync(ChannelN.java:350) ~[amqp-client-5.27.1.jar:5.27.1]
	at com.rabbitmq.client.impl.AMQChannel.handleCompleteInboundCommand(AMQChannel.java:193) ~[amqp-client-5.27.1.jar:5.27.1]
	at com.rabbitmq.client.impl.AMQChannel.handleFrame(AMQChannel.java:125) ~[amqp-client-5.27.1.jar:5.27.1]
	at com.rabbitmq.client.impl.AMQConnection.readFrame(AMQConnection.java:768) ~[amqp-client-5.27.1.jar:5.27.1]
	at com.rabbitmq.client.impl.AMQConnection.access$400(AMQConnection.java:49) ~[amqp-client-5.27.1.jar:5.27.1]
	at com.rabbitmq.client.impl.AMQConnection$MainLoop.run(AMQConnection.java:695) ~[amqp-client-5.27.1.jar:5.27.1]
	... 1 common frames omitted

2026-01-06T11:40:24.052+06:00  WARN [inventory-service,,] 692178 --- [inventory-service] [tContainer#0-15] o.s.a.r.listener.BlockingQueueConsumer   : Failed to declare queue: orders.queue
2026-01-06T11:40:24.052+06:00  WARN [inventory-service,,] 692178 --- [inventory-service] [tContainer#0-15] o.s.a.r.listener.BlockingQueueConsumer   : Queue declaration failed; retries left=1

org.springframework.amqp.rabbit.listener.BlockingQueueConsumer$DeclarationException: Failed to declare queue(s):[orders.queue]
	at org.springframework.amqp.rabbit.listener.BlockingQueueConsumer.attemptPassiveDeclarations(BlockingQueueConsumer.java:779) ~[spring-rabbit-4.0.1.jar:4.0.1]
	at org.springframework.amqp.rabbit.listener.BlockingQueueConsumer.passiveDeclarations(BlockingQueueConsumer.java:655) ~[spring-rabbit-4.0.1.jar:4.0.1]
	at org.springframework.amqp.rabbit.listener.BlockingQueueConsumer.start(BlockingQueueConsumer.java:642) ~[spring-rabbit-4.0.1.jar:4.0.1]
	at org.springframework.amqp.rabbit.listener.SimpleMessageListenerContainer$AsyncMessageProcessingConsumer.initialize(SimpleMessageListenerContainer.java:1524) ~[spring-rabbit-4.0.1.jar:4.0.1]
	at org.springframework.amqp.rabbit.listener.SimpleMessageListenerContainer$AsyncMessageProcessingConsumer.run(SimpleMessageListenerContainer.java:1356) ~[spring-rabbit-4.0.1.jar:4.0.1]
	at java.base/java.lang.Thread.run(Thread.java:1583) ~[na:na]
Caused by: java.io.IOException
	at com.rabbitmq.client.impl.AMQChannel.wrap(AMQChannel.java:140) ~[amqp-client-5.27.1.jar:5.27.1]
	at com.rabbitmq.client.impl.AMQChannel.wrap(AMQChannel.java:136) ~[amqp-client-5.27.1.jar:5.27.1]
	at com.rabbitmq.client.impl.AMQChannel.exnWrappingRpc(AMQChannel.java:158) ~[amqp-client-5.27.1.jar:5.27.1]
	at com.rabbitmq.client.impl.ChannelN.queueDeclarePassive(ChannelN.java:1044) ~[amqp-client-5.27.1.jar:5.27.1]
	at com.rabbitmq.client.impl.ChannelN.queueDeclarePassive(ChannelN.java:48) ~[amqp-client-5.27.1.jar:5.27.1]
	at java.base/jdk.internal.reflect.DirectMethodHandleAccessor.invoke(DirectMethodHandleAccessor.java:103) ~[na:na]
	at java.base/java.lang.reflect.Method.invoke(Method.java:580) ~[na:na]
	at org.springframework.amqp.rabbit.connection.CachingConnectionFactory$CachedChannelInvocationHandler.invoke(CachingConnectionFactory.java:1220) ~[spring-rabbit-4.0.1.jar:4.0.1]
	at jdk.proxy2/jdk.proxy2.$Proxy87.queueDeclarePassive(Unknown Source) ~[na:na]
	at org.springframework.amqp.rabbit.listener.BlockingQueueConsumer.attemptPassiveDeclarations(BlockingQueueConsumer.java:756) ~[spring-rabbit-4.0.1.jar:4.0.1]
	... 5 common frames omitted
Caused by: com.rabbitmq.client.ShutdownSignalException: channel error; protocol method: #method<channel.close>(reply-code=404, reply-text=NOT_FOUND - no queue 'orders.queue' in vhost '/', class-id=50, method-id=10)
	at com.rabbitmq.utility.ValueOrException.getValue(ValueOrException.java:66) ~[amqp-client-5.27.1.jar:5.27.1]
	at com.rabbitmq.utility.BlockingValueOrException.uninterruptibleGetValue(BlockingValueOrException.java:36) ~[amqp-client-5.27.1.jar:5.27.1]
	at com.rabbitmq.client.impl.AMQChannel$BlockingRpcContinuation.getReply(AMQChannel.java:552) ~[amqp-client-5.27.1.jar:5.27.1]
	at com.rabbitmq.client.impl.AMQChannel.privateRpc(AMQChannel.java:316) ~[amqp-client-5.27.1.jar:5.27.1]
	at com.rabbitmq.client.impl.AMQChannel.exnWrappingRpc(AMQChannel.java:152) ~[amqp-client-5.27.1.jar:5.27.1]
	... 12 common frames omitted
Caused by: com.rabbitmq.client.ShutdownSignalException: channel error; protocol method: #method<channel.close>(reply-code=404, reply-text=NOT_FOUND - no queue 'orders.queue' in vhost '/', class-id=50, method-id=10)
	at com.rabbitmq.client.impl.ChannelN.asyncShutdown(ChannelN.java:529) ~[amqp-client-5.27.1.jar:5.27.1]
	at com.rabbitmq.client.impl.ChannelN.processAsync(ChannelN.java:350) ~[amqp-client-5.27.1.jar:5.27.1]
	at com.rabbitmq.client.impl.AMQChannel.handleCompleteInboundCommand(AMQChannel.java:193) ~[amqp-client-5.27.1.jar:5.27.1]
	at com.rabbitmq.client.impl.AMQChannel.handleFrame(AMQChannel.java:125) ~[amqp-client-5.27.1.jar:5.27.1]
	at com.rabbitmq.client.impl.AMQConnection.readFrame(AMQConnection.java:768) ~[amqp-client-5.27.1.jar:5.27.1]
	at com.rabbitmq.client.impl.AMQConnection.access$400(AMQConnection.java:49) ~[amqp-client-5.27.1.jar:5.27.1]
	at com.rabbitmq.client.impl.AMQConnection$MainLoop.run(AMQConnection.java:695) ~[amqp-client-5.27.1.jar:5.27.1]
	... 1 common frames omitted

2026-01-06T11:40:29.057+06:00  WARN [inventory-service,,] 692178 --- [inventory-service] [tContainer#0-15] o.s.a.r.listener.BlockingQueueConsumer   : Failed to declare queue: orders.queue
2026-01-06T11:40:34.063+06:00 ERROR [inventory-service,,] 692178 --- [inventory-service] [tContainer#0-15] o.s.a.r.l.SimpleMessageListenerContainer : Consumer threw missing queues exception, fatal=false

org.springframework.amqp.rabbit.listener.QueuesNotAvailableException: Cannot prepare queue for listener. Either the queue doesn't exist or the broker will not allow us to use it.
	at org.springframework.amqp.rabbit.listener.BlockingQueueConsumer.handleDeclarationException(BlockingQueueConsumer.java:728) ~[spring-rabbit-4.0.1.jar:4.0.1]
	at org.springframework.amqp.rabbit.listener.BlockingQueueConsumer.passiveDeclarations(BlockingQueueConsumer.java:662) ~[spring-rabbit-4.0.1.jar:4.0.1]
	at org.springframework.amqp.rabbit.listener.BlockingQueueConsumer.start(BlockingQueueConsumer.java:642) ~[spring-rabbit-4.0.1.jar:4.0.1]
	at org.springframework.amqp.rabbit.listener.SimpleMessageListenerContainer$AsyncMessageProcessingConsumer.initialize(SimpleMessageListenerContainer.java:1524) ~[spring-rabbit-4.0.1.jar:4.0.1]
	at org.springframework.amqp.rabbit.listener.SimpleMessageListenerContainer$AsyncMessageProcessingConsumer.run(SimpleMessageListenerContainer.java:1356) ~[spring-rabbit-4.0.1.jar:4.0.1]
	at java.base/java.lang.Thread.run(Thread.java:1583) ~[na:na]
Caused by: org.springframework.amqp.rabbit.listener.BlockingQueueConsumer$DeclarationException: Failed to declare queue(s):[orders.queue]
	at org.springframework.amqp.rabbit.listener.BlockingQueueConsumer.attemptPassiveDeclarations(BlockingQueueConsumer.java:779) ~[spring-rabbit-4.0.1.jar:4.0.1]
	at org.springframework.amqp.rabbit.listener.BlockingQueueConsumer.passiveDeclarations(BlockingQueueConsumer.java:655) ~[spring-rabbit-4.0.1.jar:4.0.1]
	... 4 common frames omitted
Caused by: java.io.IOException
	at com.rabbitmq.client.impl.AMQChannel.wrap(AMQChannel.java:140) ~[amqp-client-5.27.1.jar:5.27.1]
	at com.rabbitmq.client.impl.AMQChannel.wrap(AMQChannel.java:136) ~[amqp-client-5.27.1.jar:5.27.1]
	at com.rabbitmq.client.impl.AMQChannel.exnWrappingRpc(AMQChannel.java:158) ~[amqp-client-5.27.1.jar:5.27.1]
	at com.rabbitmq.client.impl.ChannelN.queueDeclarePassive(ChannelN.java:1044) ~[amqp-client-5.27.1.jar:5.27.1]
	at com.rabbitmq.client.impl.ChannelN.queueDeclarePassive(ChannelN.java:48) ~[amqp-client-5.27.1.jar:5.27.1]
	at java.base/jdk.internal.reflect.DirectMethodHandleAccessor.invoke(DirectMethodHandleAccessor.java:103) ~[na:na]
	at java.base/java.lang.reflect.Method.invoke(Method.java:580) ~[na:na]
	at org.springframework.amqp.rabbit.connection.CachingConnectionFactory$CachedChannelInvocationHandler.invoke(CachingConnectionFactory.java:1220) ~[spring-rabbit-4.0.1.jar:4.0.1]
	at jdk.proxy2/jdk.proxy2.$Proxy87.queueDeclarePassive(Unknown Source) ~[na:na]
	at org.springframework.amqp.rabbit.listener.BlockingQueueConsumer.attemptPassiveDeclarations(BlockingQueueConsumer.java:756) ~[spring-rabbit-4.0.1.jar:4.0.1]
	... 5 common frames omitted
Caused by: com.rabbitmq.client.ShutdownSignalException: channel error; protocol method: #method<channel.close>(reply-code=404, reply-text=NOT_FOUND - no queue 'orders.queue' in vhost '/', class-id=50, method-id=10)
	at com.rabbitmq.utility.ValueOrException.getValue(ValueOrException.java:66) ~[amqp-client-5.27.1.jar:5.27.1]
	at com.rabbitmq.utility.BlockingValueOrException.uninterruptibleGetValue(BlockingValueOrException.java:36) ~[amqp-client-5.27.1.jar:5.27.1]
	at com.rabbitmq.client.impl.AMQChannel$BlockingRpcContinuation.getReply(AMQChannel.java:552) ~[amqp-client-5.27.1.jar:5.27.1]
	at com.rabbitmq.client.impl.AMQChannel.privateRpc(AMQChannel.java:316) ~[amqp-client-5.27.1.jar:5.27.1]
	at com.rabbitmq.client.impl.AMQChannel.exnWrappingRpc(AMQChannel.java:152) ~[amqp-client-5.27.1.jar:5.27.1]
	... 12 common frames omitted
Caused by: com.rabbitmq.client.ShutdownSignalException: channel error; protocol method: #method<channel.close>(reply-code=404, reply-text=NOT_FOUND - no queue 'orders.queue' in vhost '/', class-id=50, method-id=10)
	at com.rabbitmq.client.impl.ChannelN.asyncShutdown(ChannelN.java:529) ~[amqp-client-5.27.1.jar:5.27.1]
	at com.rabbitmq.client.impl.ChannelN.processAsync(ChannelN.java:350) ~[amqp-client-5.27.1.jar:5.27.1]
	at com.rabbitmq.client.impl.AMQChannel.handleCompleteInboundCommand(AMQChannel.java:193) ~[amqp-client-5.27.1.jar:5.27.1]
	at com.rabbitmq.client.impl.AMQChannel.handleFrame(AMQChannel.java:125) ~[amqp-client-5.27.1.jar:5.27.1]
	at com.rabbitmq.client.impl.AMQConnection.readFrame(AMQConnection.java:768) ~[amqp-client-5.27.1.jar:5.27.1]
	at com.rabbitmq.client.impl.AMQConnection.access$400(AMQConnection.java:49) ~[amqp-client-5.27.1.jar:5.27.1]
	at com.rabbitmq.client.impl.AMQConnection$MainLoop.run(AMQConnection.java:695) ~[amqp-client-5.27.1.jar:5.27.1]
	... 1 common frames omitted

2026-01-06T11:40:34.064+06:00  INFO [inventory-service,,] 692178 --- [inventory-service] [tContainer#0-15] o.s.a.r.l.SimpleMessageListenerContainer : Restarting Consumer@232960f7: tags=[[]], channel=Cached Rabbit Channel: AMQChannel(amqp://guest@127.0.0.1:5672/,1), conn: Proxy@7a814310 Shared Rabbit Connection: SimpleConnection@6bb4cc0e [delegate=amqp://guest@127.0.0.1:5672/, localPort=51158], acknowledgeMode=AUTO local queue size=0
2026-01-06T11:40:34.072+06:00  WARN [inventory-service,,] 692178 --- [inventory-service] [tContainer#0-16] o.s.a.r.listener.BlockingQueueConsumer   : Failed to declare queue: orders.queue
2026-01-06T11:40:34.072+06:00  WARN [inventory-service,,] 692178 --- [inventory-service] [tContainer#0-16] o.s.a.r.listener.BlockingQueueConsumer   : Queue declaration failed; retries left=3

org.springframework.amqp.rabbit.listener.BlockingQueueConsumer$DeclarationException: Failed to declare queue(s):[orders.queue]
	at org.springframework.amqp.rabbit.listener.BlockingQueueConsumer.attemptPassiveDeclarations(BlockingQueueConsumer.java:779) ~[spring-rabbit-4.0.1.jar:4.0.1]
	at org.springframework.amqp.rabbit.listener.BlockingQueueConsumer.passiveDeclarations(BlockingQueueConsumer.java:655) ~[spring-rabbit-4.0.1.jar:4.0.1]
	at org.springframework.amqp.rabbit.listener.BlockingQueueConsumer.start(BlockingQueueConsumer.java:642) ~[spring-rabbit-4.0.1.jar:4.0.1]
	at org.springframework.amqp.rabbit.listener.SimpleMessageListenerContainer$AsyncMessageProcessingConsumer.initialize(SimpleMessageListenerContainer.java:1524) ~[spring-rabbit-4.0.1.jar:4.0.1]
	at org.springframework.amqp.rabbit.listener.SimpleMessageListenerContainer$AsyncMessageProcessingConsumer.run(SimpleMessageListenerContainer.java:1356) ~[spring-rabbit-4.0.1.jar:4.0.1]
	at java.base/java.lang.Thread.run(Thread.java:1583) ~[na:na]
Caused by: java.io.IOException
	at com.rabbitmq.client.impl.AMQChannel.wrap(AMQChannel.java:140) ~[amqp-client-5.27.1.jar:5.27.1]
	at com.rabbitmq.client.impl.AMQChannel.wrap(AMQChannel.java:136) ~[amqp-client-5.27.1.jar:5.27.1]
	at com.rabbitmq.client.impl.AMQChannel.exnWrappingRpc(AMQChannel.java:158) ~[amqp-client-5.27.1.jar:5.27.1]
	at com.rabbitmq.client.impl.ChannelN.queueDeclarePassive(ChannelN.java:1044) ~[amqp-client-5.27.1.jar:5.27.1]
	at com.rabbitmq.client.impl.ChannelN.queueDeclarePassive(ChannelN.java:48) ~[amqp-client-5.27.1.jar:5.27.1]
	at java.base/jdk.internal.reflect.DirectMethodHandleAccessor.invoke(DirectMethodHandleAccessor.java:103) ~[na:na]
	at java.base/java.lang.reflect.Method.invoke(Method.java:580) ~[na:na]
	at org.springframework.amqp.rabbit.connection.CachingConnectionFactory$CachedChannelInvocationHandler.invoke(CachingConnectionFactory.java:1220) ~[spring-rabbit-4.0.1.jar:4.0.1]
	at jdk.proxy2/jdk.proxy2.$Proxy87.queueDeclarePassive(Unknown Source) ~[na:na]
	at org.springframework.amqp.rabbit.listener.BlockingQueueConsumer.attemptPassiveDeclarations(BlockingQueueConsumer.java:756) ~[spring-rabbit-4.0.1.jar:4.0.1]
	... 5 common frames omitted
Caused by: com.rabbitmq.client.ShutdownSignalException: channel error; protocol method: #method<channel.close>(reply-code=404, reply-text=NOT_FOUND - no queue 'orders.queue' in vhost '/', class-id=50, method-id=10)
	at com.rabbitmq.utility.ValueOrException.getValue(ValueOrException.java:66) ~[amqp-client-5.27.1.jar:5.27.1]
	at com.rabbitmq.utility.BlockingValueOrException.uninterruptibleGetValue(BlockingValueOrException.java:36) ~[amqp-client-5.27.1.jar:5.27.1]
	at com.rabbitmq.client.impl.AMQChannel$BlockingRpcContinuation.getReply(AMQChannel.java:552) ~[amqp-client-5.27.1.jar:5.27.1]
	at com.rabbitmq.client.impl.AMQChannel.privateRpc(AMQChannel.java:316) ~[amqp-client-5.27.1.jar:5.27.1]
	at com.rabbitmq.client.impl.AMQChannel.exnWrappingRpc(AMQChannel.java:152) ~[amqp-client-5.27.1.jar:5.27.1]
	... 12 common frames omitted
Caused by: com.rabbitmq.client.ShutdownSignalException: channel error; protocol method: #method<channel.close>(reply-code=404, reply-text=NOT_FOUND - no queue 'orders.queue' in vhost '/', class-id=50, method-id=10)
	at com.rabbitmq.client.impl.ChannelN.asyncShutdown(ChannelN.java:529) ~[amqp-client-5.27.1.jar:5.27.1]
	at com.rabbitmq.client.impl.ChannelN.processAsync(ChannelN.java:350) ~[amqp-client-5.27.1.jar:5.27.1]
	at com.rabbitmq.client.impl.AMQChannel.handleCompleteInboundCommand(AMQChannel.java:193) ~[amqp-client-5.27.1.jar:5.27.1]
	at com.rabbitmq.client.impl.AMQChannel.handleFrame(AMQChannel.java:125) ~[amqp-client-5.27.1.jar:5.27.1]
	at com.rabbitmq.client.impl.AMQConnection.readFrame(AMQConnection.java:768) ~[amqp-client-5.27.1.jar:5.27.1]
	at com.rabbitmq.client.impl.AMQConnection.access$400(AMQConnection.java:49) ~[amqp-client-5.27.1.jar:5.27.1]
	at com.rabbitmq.client.impl.AMQConnection$MainLoop.run(AMQConnection.java:695) ~[amqp-client-5.27.1.jar:5.27.1]
	... 1 common frames omitted

2026-01-06T11:40:39.078+06:00  WARN [inventory-service,,] 692178 --- [inventory-service] [tContainer#0-16] o.s.a.r.listener.BlockingQueueConsumer   : Failed to declare queue: orders.queue
2026-01-06T11:40:39.078+06:00  WARN [inventory-service,,] 692178 --- [inventory-service] [tContainer#0-16] o.s.a.r.listener.BlockingQueueConsumer   : Queue declaration failed; retries left=2

org.springframework.amqp.rabbit.listener.BlockingQueueConsumer$DeclarationException: Failed to declare queue(s):[orders.queue]
	at org.springframework.amqp.rabbit.listener.BlockingQueueConsumer.attemptPassiveDeclarations(BlockingQueueConsumer.java:779) ~[spring-rabbit-4.0.1.jar:4.0.1]
	at org.springframework.amqp.rabbit.listener.BlockingQueueConsumer.passiveDeclarations(BlockingQueueConsumer.java:655) ~[spring-rabbit-4.0.1.jar:4.0.1]
	at org.springframework.amqp.rabbit.listener.BlockingQueueConsumer.start(BlockingQueueConsumer.java:642) ~[spring-rabbit-4.0.1.jar:4.0.1]
	at org.springframework.amqp.rabbit.listener.SimpleMessageListenerContainer$AsyncMessageProcessingConsumer.initialize(SimpleMessageListenerContainer.java:1524) ~[spring-rabbit-4.0.1.jar:4.0.1]
	at org.springframework.amqp.rabbit.listener.SimpleMessageListenerContainer$AsyncMessageProcessingConsumer.run(SimpleMessageListenerContainer.java:1356) ~[spring-rabbit-4.0.1.jar:4.0.1]
	at java.base/java.lang.Thread.run(Thread.java:1583) ~[na:na]
Caused by: java.io.IOException
	at com.rabbitmq.client.impl.AMQChannel.wrap(AMQChannel.java:140) ~[amqp-client-5.27.1.jar:5.27.1]
	at com.rabbitmq.client.impl.AMQChannel.wrap(AMQChannel.java:136) ~[amqp-client-5.27.1.jar:5.27.1]
	at com.rabbitmq.client.impl.AMQChannel.exnWrappingRpc(AMQChannel.java:158) ~[amqp-client-5.27.1.jar:5.27.1]
	at com.rabbitmq.client.impl.ChannelN.queueDeclarePassive(ChannelN.java:1044) ~[amqp-client-5.27.1.jar:5.27.1]
	at com.rabbitmq.client.impl.ChannelN.queueDeclarePassive(ChannelN.java:48) ~[amqp-client-5.27.1.jar:5.27.1]
	at java.base/jdk.internal.reflect.DirectMethodHandleAccessor.invoke(DirectMethodHandleAccessor.java:103) ~[na:na]
	at java.base/java.lang.reflect.Method.invoke(Method.java:580) ~[na:na]
	at org.springframework.amqp.rabbit.connection.CachingConnectionFactory$CachedChannelInvocationHandler.invoke(CachingConnectionFactory.java:1220) ~[spring-rabbit-4.0.1.jar:4.0.1]
	at jdk.proxy2/jdk.proxy2.$Proxy87.queueDeclarePassive(Unknown Source) ~[na:na]
	at org.springframework.amqp.rabbit.listener.BlockingQueueConsumer.attemptPassiveDeclarations(BlockingQueueConsumer.java:756) ~[spring-rabbit-4.0.1.jar:4.0.1]
	... 5 common frames omitted
Caused by: com.rabbitmq.client.ShutdownSignalException: channel error; protocol method: #method<channel.close>(reply-code=404, reply-text=NOT_FOUND - no queue 'orders.queue' in vhost '/', class-id=50, method-id=10)
	at com.rabbitmq.utility.ValueOrException.getValue(ValueOrException.java:66) ~[amqp-client-5.27.1.jar:5.27.1]
	at com.rabbitmq.utility.BlockingValueOrException.uninterruptibleGetValue(BlockingValueOrException.java:36) ~[amqp-client-5.27.1.jar:5.27.1]
	at com.rabbitmq.client.impl.AMQChannel$BlockingRpcContinuation.getReply(AMQChannel.java:552) ~[amqp-client-5.27.1.jar:5.27.1]
	at com.rabbitmq.client.impl.AMQChannel.privateRpc(AMQChannel.java:316) ~[amqp-client-5.27.1.jar:5.27.1]
	at com.rabbitmq.client.impl.AMQChannel.exnWrappingRpc(AMQChannel.java:152) ~[amqp-client-5.27.1.jar:5.27.1]
	... 12 common frames omitted
Caused by: com.rabbitmq.client.ShutdownSignalException: channel error; protocol method: #method<channel.close>(reply-code=404, reply-text=NOT_FOUND - no queue 'orders.queue' in vhost '/', class-id=50, method-id=10)
	at com.rabbitmq.client.impl.ChannelN.asyncShutdown(ChannelN.java:529) ~[amqp-client-5.27.1.jar:5.27.1]
	at com.rabbitmq.client.impl.ChannelN.processAsync(ChannelN.java:350) ~[amqp-client-5.27.1.jar:5.27.1]
	at com.rabbitmq.client.impl.AMQChannel.handleCompleteInboundCommand(AMQChannel.java:193) ~[amqp-client-5.27.1.jar:5.27.1]
	at com.rabbitmq.client.impl.AMQChannel.handleFrame(AMQChannel.java:125) ~[amqp-client-5.27.1.jar:5.27.1]
	at com.rabbitmq.client.impl.AMQConnection.readFrame(AMQConnection.java:768) ~[amqp-client-5.27.1.jar:5.27.1]
	at com.rabbitmq.client.impl.AMQConnection.access$400(AMQConnection.java:49) ~[amqp-client-5.27.1.jar:5.27.1]
	at com.rabbitmq.client.impl.AMQConnection$MainLoop.run(AMQConnection.java:695) ~[amqp-client-5.27.1.jar:5.27.1]
	... 1 common frames omitted

2026-01-06T11:40:44.085+06:00  WARN [inventory-service,,] 692178 --- [inventory-service] [tContainer#0-16] o.s.a.r.listener.BlockingQueueConsumer   : Failed to declare queue: orders.queue
2026-01-06T11:40:44.086+06:00  WARN [inventory-service,,] 692178 --- [inventory-service] [tContainer#0-16] o.s.a.r.listener.BlockingQueueConsumer   : Queue declaration failed; retries left=1

org.springframework.amqp.rabbit.listener.BlockingQueueConsumer$DeclarationException: Failed to declare queue(s):[orders.queue]
	at org.springframework.amqp.rabbit.listener.BlockingQueueConsumer.attemptPassiveDeclarations(BlockingQueueConsumer.java:779) ~[spring-rabbit-4.0.1.jar:4.0.1]
	at org.springframework.amqp.rabbit.listener.BlockingQueueConsumer.passiveDeclarations(BlockingQueueConsumer.java:655) ~[spring-rabbit-4.0.1.jar:4.0.1]
	at org.springframework.amqp.rabbit.listener.BlockingQueueConsumer.start(BlockingQueueConsumer.java:642) ~[spring-rabbit-4.0.1.jar:4.0.1]
	at org.springframework.amqp.rabbit.listener.SimpleMessageListenerContainer$AsyncMessageProcessingConsumer.initialize(SimpleMessageListenerContainer.java:1524) ~[spring-rabbit-4.0.1.jar:4.0.1]
	at org.springframework.amqp.rabbit.listener.SimpleMessageListenerContainer$AsyncMessageProcessingConsumer.run(SimpleMessageListenerContainer.java:1356) ~[spring-rabbit-4.0.1.jar:4.0.1]
	at java.base/java.lang.Thread.run(Thread.java:1583) ~[na:na]
Caused by: java.io.IOException
	at com.rabbitmq.client.impl.AMQChannel.wrap(AMQChannel.java:140) ~[amqp-client-5.27.1.jar:5.27.1]
	at com.rabbitmq.client.impl.AMQChannel.wrap(AMQChannel.java:136) ~[amqp-client-5.27.1.jar:5.27.1]
	at com.rabbitmq.client.impl.AMQChannel.exnWrappingRpc(AMQChannel.java:158) ~[amqp-client-5.27.1.jar:5.27.1]
	at com.rabbitmq.client.impl.ChannelN.queueDeclarePassive(ChannelN.java:1044) ~[amqp-client-5.27.1.jar:5.27.1]
	at com.rabbitmq.client.impl.ChannelN.queueDeclarePassive(ChannelN.java:48) ~[amqp-client-5.27.1.jar:5.27.1]
	at java.base/jdk.internal.reflect.DirectMethodHandleAccessor.invoke(DirectMethodHandleAccessor.java:103) ~[na:na]
	at java.base/java.lang.reflect.Method.invoke(Method.java:580) ~[na:na]
	at org.springframework.amqp.rabbit.connection.CachingConnectionFactory$CachedChannelInvocationHandler.invoke(CachingConnectionFactory.java:1220) ~[spring-rabbit-4.0.1.jar:4.0.1]
	at jdk.proxy2/jdk.proxy2.$Proxy87.queueDeclarePassive(Unknown Source) ~[na:na]
	at org.springframework.amqp.rabbit.listener.BlockingQueueConsumer.attemptPassiveDeclarations(BlockingQueueConsumer.java:756) ~[spring-rabbit-4.0.1.jar:4.0.1]
	... 5 common frames omitted
Caused by: com.rabbitmq.client.ShutdownSignalException: channel error; protocol method: #method<channel.close>(reply-code=404, reply-text=NOT_FOUND - no queue 'orders.queue' in vhost '/', class-id=50, method-id=10)
	at com.rabbitmq.utility.ValueOrException.getValue(ValueOrException.java:66) ~[amqp-client-5.27.1.jar:5.27.1]
	at com.rabbitmq.utility.BlockingValueOrException.uninterruptibleGetValue(BlockingValueOrException.java:36) ~[amqp-client-5.27.1.jar:5.27.1]
	at com.rabbitmq.client.impl.AMQChannel$BlockingRpcContinuation.getReply(AMQChannel.java:552) ~[amqp-client-5.27.1.jar:5.27.1]
	at com.rabbitmq.client.impl.AMQChannel.privateRpc(AMQChannel.java:316) ~[amqp-client-5.27.1.jar:5.27.1]
	at com.rabbitmq.client.impl.AMQChannel.exnWrappingRpc(AMQChannel.java:152) ~[amqp-client-5.27.1.jar:5.27.1]
	... 12 common frames omitted
Caused by: com.rabbitmq.client.ShutdownSignalException: channel error; protocol method: #method<channel.close>(reply-code=404, reply-text=NOT_FOUND - no queue 'orders.queue' in vhost '/', class-id=50, method-id=10)
	at com.rabbitmq.client.impl.ChannelN.asyncShutdown(ChannelN.java:529) ~[amqp-client-5.27.1.jar:5.27.1]
	at com.rabbitmq.client.impl.ChannelN.processAsync(ChannelN.java:350) ~[amqp-client-5.27.1.jar:5.27.1]
	at com.rabbitmq.client.impl.AMQChannel.handleCompleteInboundCommand(AMQChannel.java:193) ~[amqp-client-5.27.1.jar:5.27.1]
	at com.rabbitmq.client.impl.AMQChannel.handleFrame(AMQChannel.java:125) ~[amqp-client-5.27.1.jar:5.27.1]
	at com.rabbitmq.client.impl.AMQConnection.readFrame(AMQConnection.java:768) ~[amqp-client-5.27.1.jar:5.27.1]
	at com.rabbitmq.client.impl.AMQConnection.access$400(AMQConnection.java:49) ~[amqp-client-5.27.1.jar:5.27.1]
	at com.rabbitmq.client.impl.AMQConnection$MainLoop.run(AMQConnection.java:695) ~[amqp-client-5.27.1.jar:5.27.1]
	... 1 common frames omitted

2026-01-06T11:40:49.092+06:00  WARN [inventory-service,,] 692178 --- [inventory-service] [tContainer#0-16] o.s.a.r.listener.BlockingQueueConsumer   : Failed to declare queue: orders.queue
2026-01-06T11:40:54.098+06:00 ERROR [inventory-service,,] 692178 --- [inventory-service] [tContainer#0-16] o.s.a.r.l.SimpleMessageListenerContainer : Consumer threw missing queues exception, fatal=false

org.springframework.amqp.rabbit.listener.QueuesNotAvailableException: Cannot prepare queue for listener. Either the queue doesn't exist or the broker will not allow us to use it.
	at org.springframework.amqp.rabbit.listener.BlockingQueueConsumer.handleDeclarationException(BlockingQueueConsumer.java:728) ~[spring-rabbit-4.0.1.jar:4.0.1]
	at org.springframework.amqp.rabbit.listener.BlockingQueueConsumer.passiveDeclarations(BlockingQueueConsumer.java:662) ~[spring-rabbit-4.0.1.jar:4.0.1]
	at org.springframework.amqp.rabbit.listener.BlockingQueueConsumer.start(BlockingQueueConsumer.java:642) ~[spring-rabbit-4.0.1.jar:4.0.1]
	at org.springframework.amqp.rabbit.listener.SimpleMessageListenerContainer$AsyncMessageProcessingConsumer.initialize(SimpleMessageListenerContainer.java:1524) ~[spring-rabbit-4.0.1.jar:4.0.1]
	at org.springframework.amqp.rabbit.listener.SimpleMessageListenerContainer$AsyncMessageProcessingConsumer.run(SimpleMessageListenerContainer.java:1356) ~[spring-rabbit-4.0.1.jar:4.0.1]
	at java.base/java.lang.Thread.run(Thread.java:1583) ~[na:na]
Caused by: org.springframework.amqp.rabbit.listener.BlockingQueueConsumer$DeclarationException: Failed to declare queue(s):[orders.queue]
	at org.springframework.amqp.rabbit.listener.BlockingQueueConsumer.attemptPassiveDeclarations(BlockingQueueConsumer.java:779) ~[spring-rabbit-4.0.1.jar:4.0.1]
	at org.springframework.amqp.rabbit.listener.BlockingQueueConsumer.passiveDeclarations(BlockingQueueConsumer.java:655) ~[spring-rabbit-4.0.1.jar:4.0.1]
	... 4 common frames omitted
Caused by: java.io.IOException
	at com.rabbitmq.client.impl.AMQChannel.wrap(AMQChannel.java:140) ~[amqp-client-5.27.1.jar:5.27.1]
	at com.rabbitmq.client.impl.AMQChannel.wrap(AMQChannel.java:136) ~[amqp-client-5.27.1.jar:5.27.1]
	at com.rabbitmq.client.impl.AMQChannel.exnWrappingRpc(AMQChannel.java:158) ~[amqp-client-5.27.1.jar:5.27.1]
	at com.rabbitmq.client.impl.ChannelN.queueDeclarePassive(ChannelN.java:1044) ~[amqp-client-5.27.1.jar:5.27.1]
	at com.rabbitmq.client.impl.ChannelN.queueDeclarePassive(ChannelN.java:48) ~[amqp-client-5.27.1.jar:5.27.1]
	at java.base/jdk.internal.reflect.DirectMethodHandleAccessor.invoke(DirectMethodHandleAccessor.java:103) ~[na:na]
	at java.base/java.lang.reflect.Method.invoke(Method.java:580) ~[na:na]
	at org.springframework.amqp.rabbit.connection.CachingConnectionFactory$CachedChannelInvocationHandler.invoke(CachingConnectionFactory.java:1220) ~[spring-rabbit-4.0.1.jar:4.0.1]
	at jdk.proxy2/jdk.proxy2.$Proxy87.queueDeclarePassive(Unknown Source) ~[na:na]
	at org.springframework.amqp.rabbit.listener.BlockingQueueConsumer.attemptPassiveDeclarations(BlockingQueueConsumer.java:756) ~[spring-rabbit-4.0.1.jar:4.0.1]
	... 5 common frames omitted
Caused by: com.rabbitmq.client.ShutdownSignalException: channel error; protocol method: #method<channel.close>(reply-code=404, reply-text=NOT_FOUND - no queue 'orders.queue' in vhost '/', class-id=50, method-id=10)
	at com.rabbitmq.utility.ValueOrException.getValue(ValueOrException.java:66) ~[amqp-client-5.27.1.jar:5.27.1]
	at com.rabbitmq.utility.BlockingValueOrException.uninterruptibleGetValue(BlockingValueOrException.java:36) ~[amqp-client-5.27.1.jar:5.27.1]
	at com.rabbitmq.client.impl.AMQChannel$BlockingRpcContinuation.getReply(AMQChannel.java:552) ~[amqp-client-5.27.1.jar:5.27.1]
	at com.rabbitmq.client.impl.AMQChannel.privateRpc(AMQChannel.java:316) ~[amqp-client-5.27.1.jar:5.27.1]
	at com.rabbitmq.client.impl.AMQChannel.exnWrappingRpc(AMQChannel.java:152) ~[amqp-client-5.27.1.jar:5.27.1]
	... 12 common frames omitted
Caused by: com.rabbitmq.client.ShutdownSignalException: channel error; protocol method: #method<channel.close>(reply-code=404, reply-text=NOT_FOUND - no queue 'orders.queue' in vhost '/', class-id=50, method-id=10)
	at com.rabbitmq.client.impl.ChannelN.asyncShutdown(ChannelN.java:529) ~[amqp-client-5.27.1.jar:5.27.1]
	at com.rabbitmq.client.impl.ChannelN.processAsync(ChannelN.java:350) ~[amqp-client-5.27.1.jar:5.27.1]
	at com.rabbitmq.client.impl.AMQChannel.handleCompleteInboundCommand(AMQChannel.java:193) ~[amqp-client-5.27.1.jar:5.27.1]
	at com.rabbitmq.client.impl.AMQChannel.handleFrame(AMQChannel.java:125) ~[amqp-client-5.27.1.jar:5.27.1]
	at com.rabbitmq.client.impl.AMQConnection.readFrame(AMQConnection.java:768) ~[amqp-client-5.27.1.jar:5.27.1]
	at com.rabbitmq.client.impl.AMQConnection.access$400(AMQConnection.java:49) ~[amqp-client-5.27.1.jar:5.27.1]
	at com.rabbitmq.client.impl.AMQConnection$MainLoop.run(AMQConnection.java:695) ~[amqp-client-5.27.1.jar:5.27.1]
	... 1 common frames omitted

2026-01-06T11:40:54.100+06:00  INFO [inventory-service,,] 692178 --- [inventory-service] [tContainer#0-16] o.s.a.r.l.SimpleMessageListenerContainer : Restarting Consumer@3c86c982: tags=[[]], channel=Cached Rabbit Channel: AMQChannel(amqp://guest@127.0.0.1:5672/,1), conn: Proxy@7a814310 Shared Rabbit Connection: SimpleConnection@6bb4cc0e [delegate=amqp://guest@127.0.0.1:5672/, localPort=51158], acknowledgeMode=AUTO local queue size=0
2026-01-06T11:40:54.109+06:00  WARN [inventory-service,,] 692178 --- [inventory-service] [tContainer#0-17] o.s.a.r.listener.BlockingQueueConsumer   : Failed to declare queue: orders.queue
2026-01-06T11:40:54.109+06:00  WARN [inventory-service,,] 692178 --- [inventory-service] [tContainer#0-17] o.s.a.r.listener.BlockingQueueConsumer   : Queue declaration failed; retries left=3

org.springframework.amqp.rabbit.listener.BlockingQueueConsumer$DeclarationException: Failed to declare queue(s):[orders.queue]
	at org.springframework.amqp.rabbit.listener.BlockingQueueConsumer.attemptPassiveDeclarations(BlockingQueueConsumer.java:779) ~[spring-rabbit-4.0.1.jar:4.0.1]
	at org.springframework.amqp.rabbit.listener.BlockingQueueConsumer.passiveDeclarations(BlockingQueueConsumer.java:655) ~[spring-rabbit-4.0.1.jar:4.0.1]
	at org.springframework.amqp.rabbit.listener.BlockingQueueConsumer.start(BlockingQueueConsumer.java:642) ~[spring-rabbit-4.0.1.jar:4.0.1]
	at org.springframework.amqp.rabbit.listener.SimpleMessageListenerContainer$AsyncMessageProcessingConsumer.initialize(SimpleMessageListenerContainer.java:1524) ~[spring-rabbit-4.0.1.jar:4.0.1]
	at org.springframework.amqp.rabbit.listener.SimpleMessageListenerContainer$AsyncMessageProcessingConsumer.run(SimpleMessageListenerContainer.java:1356) ~[spring-rabbit-4.0.1.jar:4.0.1]
	at java.base/java.lang.Thread.run(Thread.java:1583) ~[na:na]
Caused by: java.io.IOException
	at com.rabbitmq.client.impl.AMQChannel.wrap(AMQChannel.java:140) ~[amqp-client-5.27.1.jar:5.27.1]
	at com.rabbitmq.client.impl.AMQChannel.wrap(AMQChannel.java:136) ~[amqp-client-5.27.1.jar:5.27.1]
	at com.rabbitmq.client.impl.AMQChannel.exnWrappingRpc(AMQChannel.java:158) ~[amqp-client-5.27.1.jar:5.27.1]
	at com.rabbitmq.client.impl.ChannelN.queueDeclarePassive(ChannelN.java:1044) ~[amqp-client-5.27.1.jar:5.27.1]
	at com.rabbitmq.client.impl.ChannelN.queueDeclarePassive(ChannelN.java:48) ~[amqp-client-5.27.1.jar:5.27.1]
	at java.base/jdk.internal.reflect.DirectMethodHandleAccessor.invoke(DirectMethodHandleAccessor.java:103) ~[na:na]
	at java.base/java.lang.reflect.Method.invoke(Method.java:580) ~[na:na]
	at org.springframework.amqp.rabbit.connection.CachingConnectionFactory$CachedChannelInvocationHandler.invoke(CachingConnectionFactory.java:1220) ~[spring-rabbit-4.0.1.jar:4.0.1]
	at jdk.proxy2/jdk.proxy2.$Proxy87.queueDeclarePassive(Unknown Source) ~[na:na]
	at org.springframework.amqp.rabbit.listener.BlockingQueueConsumer.attemptPassiveDeclarations(BlockingQueueConsumer.java:756) ~[spring-rabbit-4.0.1.jar:4.0.1]
	... 5 common frames omitted
Caused by: com.rabbitmq.client.ShutdownSignalException: channel error; protocol method: #method<channel.close>(reply-code=404, reply-text=NOT_FOUND - no queue 'orders.queue' in vhost '/', class-id=50, method-id=10)
	at com.rabbitmq.utility.ValueOrException.getValue(ValueOrException.java:66) ~[amqp-client-5.27.1.jar:5.27.1]
	at com.rabbitmq.utility.BlockingValueOrException.uninterruptibleGetValue(BlockingValueOrException.java:36) ~[amqp-client-5.27.1.jar:5.27.1]
	at com.rabbitmq.client.impl.AMQChannel$BlockingRpcContinuation.getReply(AMQChannel.java:552) ~[amqp-client-5.27.1.jar:5.27.1]
	at com.rabbitmq.client.impl.AMQChannel.privateRpc(AMQChannel.java:316) ~[amqp-client-5.27.1.jar:5.27.1]
	at com.rabbitmq.client.impl.AMQChannel.exnWrappingRpc(AMQChannel.java:152) ~[amqp-client-5.27.1.jar:5.27.1]
	... 12 common frames omitted
Caused by: com.rabbitmq.client.ShutdownSignalException: channel error; protocol method: #method<channel.close>(reply-code=404, reply-text=NOT_FOUND - no queue 'orders.queue' in vhost '/', class-id=50, method-id=10)
	at com.rabbitmq.client.impl.ChannelN.asyncShutdown(ChannelN.java:529) ~[amqp-client-5.27.1.jar:5.27.1]
	at com.rabbitmq.client.impl.ChannelN.processAsync(ChannelN.java:350) ~[amqp-client-5.27.1.jar:5.27.1]
	at com.rabbitmq.client.impl.AMQChannel.handleCompleteInboundCommand(AMQChannel.java:193) ~[amqp-client-5.27.1.jar:5.27.1]
	at com.rabbitmq.client.impl.AMQChannel.handleFrame(AMQChannel.java:125) ~[amqp-client-5.27.1.jar:5.27.1]
	at com.rabbitmq.client.impl.AMQConnection.readFrame(AMQConnection.java:768) ~[amqp-client-5.27.1.jar:5.27.1]
	at com.rabbitmq.client.impl.AMQConnection.access$400(AMQConnection.java:49) ~[amqp-client-5.27.1.jar:5.27.1]
	at com.rabbitmq.client.impl.AMQConnection$MainLoop.run(AMQConnection.java:695) ~[amqp-client-5.27.1.jar:5.27.1]
	... 1 common frames omitted

2026-01-06T11:40:59.113+06:00  WARN [inventory-service,,] 692178 --- [inventory-service] [tContainer#0-17] o.s.a.r.listener.BlockingQueueConsumer   : Failed to declare queue: orders.queue
2026-01-06T11:40:59.114+06:00  WARN [inventory-service,,] 692178 --- [inventory-service] [tContainer#0-17] o.s.a.r.listener.BlockingQueueConsumer   : Queue declaration failed; retries left=2

org.springframework.amqp.rabbit.listener.BlockingQueueConsumer$DeclarationException: Failed to declare queue(s):[orders.queue]
	at org.springframework.amqp.rabbit.listener.BlockingQueueConsumer.attemptPassiveDeclarations(BlockingQueueConsumer.java:779) ~[spring-rabbit-4.0.1.jar:4.0.1]
	at org.springframework.amqp.rabbit.listener.BlockingQueueConsumer.passiveDeclarations(BlockingQueueConsumer.java:655) ~[spring-rabbit-4.0.1.jar:4.0.1]
	at org.springframework.amqp.rabbit.listener.BlockingQueueConsumer.start(BlockingQueueConsumer.java:642) ~[spring-rabbit-4.0.1.jar:4.0.1]
	at org.springframework.amqp.rabbit.listener.SimpleMessageListenerContainer$AsyncMessageProcessingConsumer.initialize(SimpleMessageListenerContainer.java:1524) ~[spring-rabbit-4.0.1.jar:4.0.1]
	at org.springframework.amqp.rabbit.listener.SimpleMessageListenerContainer$AsyncMessageProcessingConsumer.run(SimpleMessageListenerContainer.java:1356) ~[spring-rabbit-4.0.1.jar:4.0.1]
	at java.base/java.lang.Thread.run(Thread.java:1583) ~[na:na]
Caused by: java.io.IOException
	at com.rabbitmq.client.impl.AMQChannel.wrap(AMQChannel.java:140) ~[amqp-client-5.27.1.jar:5.27.1]
	at com.rabbitmq.client.impl.AMQChannel.wrap(AMQChannel.java:136) ~[amqp-client-5.27.1.jar:5.27.1]
	at com.rabbitmq.client.impl.AMQChannel.exnWrappingRpc(AMQChannel.java:158) ~[amqp-client-5.27.1.jar:5.27.1]
	at com.rabbitmq.client.impl.ChannelN.queueDeclarePassive(ChannelN.java:1044) ~[amqp-client-5.27.1.jar:5.27.1]
	at com.rabbitmq.client.impl.ChannelN.queueDeclarePassive(ChannelN.java:48) ~[amqp-client-5.27.1.jar:5.27.1]
	at java.base/jdk.internal.reflect.DirectMethodHandleAccessor.invoke(DirectMethodHandleAccessor.java:103) ~[na:na]
	at java.base/java.lang.reflect.Method.invoke(Method.java:580) ~[na:na]
	at org.springframework.amqp.rabbit.connection.CachingConnectionFactory$CachedChannelInvocationHandler.invoke(CachingConnectionFactory.java:1220) ~[spring-rabbit-4.0.1.jar:4.0.1]
	at jdk.proxy2/jdk.proxy2.$Proxy87.queueDeclarePassive(Unknown Source) ~[na:na]
	at org.springframework.amqp.rabbit.listener.BlockingQueueConsumer.attemptPassiveDeclarations(BlockingQueueConsumer.java:756) ~[spring-rabbit-4.0.1.jar:4.0.1]
	... 5 common frames omitted
Caused by: com.rabbitmq.client.ShutdownSignalException: channel error; protocol method: #method<channel.close>(reply-code=404, reply-text=NOT_FOUND - no queue 'orders.queue' in vhost '/', class-id=50, method-id=10)
	at com.rabbitmq.utility.ValueOrException.getValue(ValueOrException.java:66) ~[amqp-client-5.27.1.jar:5.27.1]
	at com.rabbitmq.utility.BlockingValueOrException.uninterruptibleGetValue(BlockingValueOrException.java:36) ~[amqp-client-5.27.1.jar:5.27.1]
	at com.rabbitmq.client.impl.AMQChannel$BlockingRpcContinuation.getReply(AMQChannel.java:552) ~[amqp-client-5.27.1.jar:5.27.1]
	at com.rabbitmq.client.impl.AMQChannel.privateRpc(AMQChannel.java:316) ~[amqp-client-5.27.1.jar:5.27.1]
	at com.rabbitmq.client.impl.AMQChannel.exnWrappingRpc(AMQChannel.java:152) ~[amqp-client-5.27.1.jar:5.27.1]
	... 12 common frames omitted
Caused by: com.rabbitmq.client.ShutdownSignalException: channel error; protocol method: #method<channel.close>(reply-code=404, reply-text=NOT_FOUND - no queue 'orders.queue' in vhost '/', class-id=50, method-id=10)
	at com.rabbitmq.client.impl.ChannelN.asyncShutdown(ChannelN.java:529) ~[amqp-client-5.27.1.jar:5.27.1]
	at com.rabbitmq.client.impl.ChannelN.processAsync(ChannelN.java:350) ~[amqp-client-5.27.1.jar:5.27.1]
	at com.rabbitmq.client.impl.AMQChannel.handleCompleteInboundCommand(AMQChannel.java:193) ~[amqp-client-5.27.1.jar:5.27.1]
	at com.rabbitmq.client.impl.AMQChannel.handleFrame(AMQChannel.java:125) ~[amqp-client-5.27.1.jar:5.27.1]
	at com.rabbitmq.client.impl.AMQConnection.readFrame(AMQConnection.java:768) ~[amqp-client-5.27.1.jar:5.27.1]
	at com.rabbitmq.client.impl.AMQConnection.access$400(AMQConnection.java:49) ~[amqp-client-5.27.1.jar:5.27.1]
	at com.rabbitmq.client.impl.AMQConnection$MainLoop.run(AMQConnection.java:695) ~[amqp-client-5.27.1.jar:5.27.1]
	... 1 common frames omitted

2026-01-06T11:41:04.120+06:00  WARN [inventory-service,,] 692178 --- [inventory-service] [tContainer#0-17] o.s.a.r.listener.BlockingQueueConsumer   : Failed to declare queue: orders.queue
2026-01-06T11:41:04.121+06:00  WARN [inventory-service,,] 692178 --- [inventory-service] [tContainer#0-17] o.s.a.r.listener.BlockingQueueConsumer   : Queue declaration failed; retries left=1

org.springframework.amqp.rabbit.listener.BlockingQueueConsumer$DeclarationException: Failed to declare queue(s):[orders.queue]
	at org.springframework.amqp.rabbit.listener.BlockingQueueConsumer.attemptPassiveDeclarations(BlockingQueueConsumer.java:779) ~[spring-rabbit-4.0.1.jar:4.0.1]
	at org.springframework.amqp.rabbit.listener.BlockingQueueConsumer.passiveDeclarations(BlockingQueueConsumer.java:655) ~[spring-rabbit-4.0.1.jar:4.0.1]
	at org.springframework.amqp.rabbit.listener.BlockingQueueConsumer.start(BlockingQueueConsumer.java:642) ~[spring-rabbit-4.0.1.jar:4.0.1]
	at org.springframework.amqp.rabbit.listener.SimpleMessageListenerContainer$AsyncMessageProcessingConsumer.initialize(SimpleMessageListenerContainer.java:1524) ~[spring-rabbit-4.0.1.jar:4.0.1]
	at org.springframework.amqp.rabbit.listener.SimpleMessageListenerContainer$AsyncMessageProcessingConsumer.run(SimpleMessageListenerContainer.java:1356) ~[spring-rabbit-4.0.1.jar:4.0.1]
	at java.base/java.lang.Thread.run(Thread.java:1583) ~[na:na]
Caused by: java.io.IOException
	at com.rabbitmq.client.impl.AMQChannel.wrap(AMQChannel.java:140) ~[amqp-client-5.27.1.jar:5.27.1]
	at com.rabbitmq.client.impl.AMQChannel.wrap(AMQChannel.java:136) ~[amqp-client-5.27.1.jar:5.27.1]
	at com.rabbitmq.client.impl.AMQChannel.exnWrappingRpc(AMQChannel.java:158) ~[amqp-client-5.27.1.jar:5.27.1]
	at com.rabbitmq.client.impl.ChannelN.queueDeclarePassive(ChannelN.java:1044) ~[amqp-client-5.27.1.jar:5.27.1]
	at com.rabbitmq.client.impl.ChannelN.queueDeclarePassive(ChannelN.java:48) ~[amqp-client-5.27.1.jar:5.27.1]
	at java.base/jdk.internal.reflect.DirectMethodHandleAccessor.invoke(DirectMethodHandleAccessor.java:103) ~[na:na]
	at java.base/java.lang.reflect.Method.invoke(Method.java:580) ~[na:na]
	at org.springframework.amqp.rabbit.connection.CachingConnectionFactory$CachedChannelInvocationHandler.invoke(CachingConnectionFactory.java:1220) ~[spring-rabbit-4.0.1.jar:4.0.1]
	at jdk.proxy2/jdk.proxy2.$Proxy87.queueDeclarePassive(Unknown Source) ~[na:na]
	at org.springframework.amqp.rabbit.listener.BlockingQueueConsumer.attemptPassiveDeclarations(BlockingQueueConsumer.java:756) ~[spring-rabbit-4.0.1.jar:4.0.1]
	... 5 common frames omitted
Caused by: com.rabbitmq.client.ShutdownSignalException: channel error; protocol method: #method<channel.close>(reply-code=404, reply-text=NOT_FOUND - no queue 'orders.queue' in vhost '/', class-id=50, method-id=10)
	at com.rabbitmq.utility.ValueOrException.getValue(ValueOrException.java:66) ~[amqp-client-5.27.1.jar:5.27.1]
	at com.rabbitmq.utility.BlockingValueOrException.uninterruptibleGetValue(BlockingValueOrException.java:36) ~[amqp-client-5.27.1.jar:5.27.1]
	at com.rabbitmq.client.impl.AMQChannel$BlockingRpcContinuation.getReply(AMQChannel.java:552) ~[amqp-client-5.27.1.jar:5.27.1]
	at com.rabbitmq.client.impl.AMQChannel.privateRpc(AMQChannel.java:316) ~[amqp-client-5.27.1.jar:5.27.1]
	at com.rabbitmq.client.impl.AMQChannel.exnWrappingRpc(AMQChannel.java:152) ~[amqp-client-5.27.1.jar:5.27.1]
	... 12 common frames omitted
Caused by: com.rabbitmq.client.ShutdownSignalException: channel error; protocol method: #method<channel.close>(reply-code=404, reply-text=NOT_FOUND - no queue 'orders.queue' in vhost '/', class-id=50, method-id=10)
	at com.rabbitmq.client.impl.ChannelN.asyncShutdown(ChannelN.java:529) ~[amqp-client-5.27.1.jar:5.27.1]
	at com.rabbitmq.client.impl.ChannelN.processAsync(ChannelN.java:350) ~[amqp-client-5.27.1.jar:5.27.1]
	at com.rabbitmq.client.impl.AMQChannel.handleCompleteInboundCommand(AMQChannel.java:193) ~[amqp-client-5.27.1.jar:5.27.1]
	at com.rabbitmq.client.impl.AMQChannel.handleFrame(AMQChannel.java:125) ~[amqp-client-5.27.1.jar:5.27.1]
	at com.rabbitmq.client.impl.AMQConnection.readFrame(AMQConnection.java:768) ~[amqp-client-5.27.1.jar:5.27.1]
	at com.rabbitmq.client.impl.AMQConnection.access$400(AMQConnection.java:49) ~[amqp-client-5.27.1.jar:5.27.1]
	at com.rabbitmq.client.impl.AMQConnection$MainLoop.run(AMQConnection.java:695) ~[amqp-client-5.27.1.jar:5.27.1]
	... 1 common frames omitted

2026-01-06T11:41:09.127+06:00  WARN [inventory-service,,] 692178 --- [inventory-service] [tContainer#0-17] o.s.a.r.listener.BlockingQueueConsumer   : Failed to declare queue: orders.queue
2026-01-06T11:41:14.134+06:00 ERROR [inventory-service,,] 692178 --- [inventory-service] [tContainer#0-17] o.s.a.r.l.SimpleMessageListenerContainer : Consumer threw missing queues exception, fatal=false

org.springframework.amqp.rabbit.listener.QueuesNotAvailableException: Cannot prepare queue for listener. Either the queue doesn't exist or the broker will not allow us to use it.
	at org.springframework.amqp.rabbit.listener.BlockingQueueConsumer.handleDeclarationException(BlockingQueueConsumer.java:728) ~[spring-rabbit-4.0.1.jar:4.0.1]
	at org.springframework.amqp.rabbit.listener.BlockingQueueConsumer.passiveDeclarations(BlockingQueueConsumer.java:662) ~[spring-rabbit-4.0.1.jar:4.0.1]
	at org.springframework.amqp.rabbit.listener.BlockingQueueConsumer.start(BlockingQueueConsumer.java:642) ~[spring-rabbit-4.0.1.jar:4.0.1]
	at org.springframework.amqp.rabbit.listener.SimpleMessageListenerContainer$AsyncMessageProcessingConsumer.initialize(SimpleMessageListenerContainer.java:1524) ~[spring-rabbit-4.0.1.jar:4.0.1]
	at org.springframework.amqp.rabbit.listener.SimpleMessageListenerContainer$AsyncMessageProcessingConsumer.run(SimpleMessageListenerContainer.java:1356) ~[spring-rabbit-4.0.1.jar:4.0.1]
	at java.base/java.lang.Thread.run(Thread.java:1583) ~[na:na]
Caused by: org.springframework.amqp.rabbit.listener.BlockingQueueConsumer$DeclarationException: Failed to declare queue(s):[orders.queue]
	at org.springframework.amqp.rabbit.listener.BlockingQueueConsumer.attemptPassiveDeclarations(BlockingQueueConsumer.java:779) ~[spring-rabbit-4.0.1.jar:4.0.1]
	at org.springframework.amqp.rabbit.listener.BlockingQueueConsumer.passiveDeclarations(BlockingQueueConsumer.java:655) ~[spring-rabbit-4.0.1.jar:4.0.1]
	... 4 common frames omitted
Caused by: java.io.IOException
	at com.rabbitmq.client.impl.AMQChannel.wrap(AMQChannel.java:140) ~[amqp-client-5.27.1.jar:5.27.1]
	at com.rabbitmq.client.impl.AMQChannel.wrap(AMQChannel.java:136) ~[amqp-client-5.27.1.jar:5.27.1]
	at com.rabbitmq.client.impl.AMQChannel.exnWrappingRpc(AMQChannel.java:158) ~[amqp-client-5.27.1.jar:5.27.1]
	at com.rabbitmq.client.impl.ChannelN.queueDeclarePassive(ChannelN.java:1044) ~[amqp-client-5.27.1.jar:5.27.1]
	at com.rabbitmq.client.impl.ChannelN.queueDeclarePassive(ChannelN.java:48) ~[amqp-client-5.27.1.jar:5.27.1]
	at java.base/jdk.internal.reflect.DirectMethodHandleAccessor.invoke(DirectMethodHandleAccessor.java:103) ~[na:na]
	at java.base/java.lang.reflect.Method.invoke(Method.java:580) ~[na:na]
	at org.springframework.amqp.rabbit.connection.CachingConnectionFactory$CachedChannelInvocationHandler.invoke(CachingConnectionFactory.java:1220) ~[spring-rabbit-4.0.1.jar:4.0.1]
	at jdk.proxy2/jdk.proxy2.$Proxy87.queueDeclarePassive(Unknown Source) ~[na:na]
	at org.springframework.amqp.rabbit.listener.BlockingQueueConsumer.attemptPassiveDeclarations(BlockingQueueConsumer.java:756) ~[spring-rabbit-4.0.1.jar:4.0.1]
	... 5 common frames omitted
Caused by: com.rabbitmq.client.ShutdownSignalException: channel error; protocol method: #method<channel.close>(reply-code=404, reply-text=NOT_FOUND - no queue 'orders.queue' in vhost '/', class-id=50, method-id=10)
	at com.rabbitmq.utility.ValueOrException.getValue(ValueOrException.java:66) ~[amqp-client-5.27.1.jar:5.27.1]
	at com.rabbitmq.utility.BlockingValueOrException.uninterruptibleGetValue(BlockingValueOrException.java:36) ~[amqp-client-5.27.1.jar:5.27.1]
	at com.rabbitmq.client.impl.AMQChannel$BlockingRpcContinuation.getReply(AMQChannel.java:552) ~[amqp-client-5.27.1.jar:5.27.1]
	at com.rabbitmq.client.impl.AMQChannel.privateRpc(AMQChannel.java:316) ~[amqp-client-5.27.1.jar:5.27.1]
	at com.rabbitmq.client.impl.AMQChannel.exnWrappingRpc(AMQChannel.java:152) ~[amqp-client-5.27.1.jar:5.27.1]
	... 12 common frames omitted
Caused by: com.rabbitmq.client.ShutdownSignalException: channel error; protocol method: #method<channel.close>(reply-code=404, reply-text=NOT_FOUND - no queue 'orders.queue' in vhost '/', class-id=50, method-id=10)
	at com.rabbitmq.client.impl.ChannelN.asyncShutdown(ChannelN.java:529) ~[amqp-client-5.27.1.jar:5.27.1]
	at com.rabbitmq.client.impl.ChannelN.processAsync(ChannelN.java:350) ~[amqp-client-5.27.1.jar:5.27.1]
	at com.rabbitmq.client.impl.AMQChannel.handleCompleteInboundCommand(AMQChannel.java:193) ~[amqp-client-5.27.1.jar:5.27.1]
	at com.rabbitmq.client.impl.AMQChannel.handleFrame(AMQChannel.java:125) ~[amqp-client-5.27.1.jar:5.27.1]
	at com.rabbitmq.client.impl.AMQConnection.readFrame(AMQConnection.java:768) ~[amqp-client-5.27.1.jar:5.27.1]
	at com.rabbitmq.client.impl.AMQConnection.access$400(AMQConnection.java:49) ~[amqp-client-5.27.1.jar:5.27.1]
	at com.rabbitmq.client.impl.AMQConnection$MainLoop.run(AMQConnection.java:695) ~[amqp-client-5.27.1.jar:5.27.1]
	... 1 common frames omitted

2026-01-06T11:41:14.135+06:00  INFO [inventory-service,,] 692178 --- [inventory-service] [tContainer#0-17] o.s.a.r.l.SimpleMessageListenerContainer : Restarting Consumer@a36909d: tags=[[]], channel=Cached Rabbit Channel: AMQChannel(amqp://guest@127.0.0.1:5672/,1), conn: Proxy@7a814310 Shared Rabbit Connection: SimpleConnection@6bb4cc0e [delegate=amqp://guest@127.0.0.1:5672/, localPort=51158], acknowledgeMode=AUTO local queue size=0
2026-01-06T11:41:14.143+06:00  WARN [inventory-service,,] 692178 --- [inventory-service] [tContainer#0-18] o.s.a.r.listener.BlockingQueueConsumer   : Failed to declare queue: orders.queue
2026-01-06T11:41:14.143+06:00  WARN [inventory-service,,] 692178 --- [inventory-service] [tContainer#0-18] o.s.a.r.listener.BlockingQueueConsumer   : Queue declaration failed; retries left=3

org.springframework.amqp.rabbit.listener.BlockingQueueConsumer$DeclarationException: Failed to declare queue(s):[orders.queue]
	at org.springframework.amqp.rabbit.listener.BlockingQueueConsumer.attemptPassiveDeclarations(BlockingQueueConsumer.java:779) ~[spring-rabbit-4.0.1.jar:4.0.1]
	at org.springframework.amqp.rabbit.listener.BlockingQueueConsumer.passiveDeclarations(BlockingQueueConsumer.java:655) ~[spring-rabbit-4.0.1.jar:4.0.1]
	at org.springframework.amqp.rabbit.listener.BlockingQueueConsumer.start(BlockingQueueConsumer.java:642) ~[spring-rabbit-4.0.1.jar:4.0.1]
	at org.springframework.amqp.rabbit.listener.SimpleMessageListenerContainer$AsyncMessageProcessingConsumer.initialize(SimpleMessageListenerContainer.java:1524) ~[spring-rabbit-4.0.1.jar:4.0.1]
	at org.springframework.amqp.rabbit.listener.SimpleMessageListenerContainer$AsyncMessageProcessingConsumer.run(SimpleMessageListenerContainer.java:1356) ~[spring-rabbit-4.0.1.jar:4.0.1]
	at java.base/java.lang.Thread.run(Thread.java:1583) ~[na:na]
Caused by: java.io.IOException
	at com.rabbitmq.client.impl.AMQChannel.wrap(AMQChannel.java:140) ~[amqp-client-5.27.1.jar:5.27.1]
	at com.rabbitmq.client.impl.AMQChannel.wrap(AMQChannel.java:136) ~[amqp-client-5.27.1.jar:5.27.1]
	at com.rabbitmq.client.impl.AMQChannel.exnWrappingRpc(AMQChannel.java:158) ~[amqp-client-5.27.1.jar:5.27.1]
	at com.rabbitmq.client.impl.ChannelN.queueDeclarePassive(ChannelN.java:1044) ~[amqp-client-5.27.1.jar:5.27.1]
	at com.rabbitmq.client.impl.ChannelN.queueDeclarePassive(ChannelN.java:48) ~[amqp-client-5.27.1.jar:5.27.1]
	at java.base/jdk.internal.reflect.DirectMethodHandleAccessor.invoke(DirectMethodHandleAccessor.java:103) ~[na:na]
	at java.base/java.lang.reflect.Method.invoke(Method.java:580) ~[na:na]
	at org.springframework.amqp.rabbit.connection.CachingConnectionFactory$CachedChannelInvocationHandler.invoke(CachingConnectionFactory.java:1220) ~[spring-rabbit-4.0.1.jar:4.0.1]
	at jdk.proxy2/jdk.proxy2.$Proxy87.queueDeclarePassive(Unknown Source) ~[na:na]
	at org.springframework.amqp.rabbit.listener.BlockingQueueConsumer.attemptPassiveDeclarations(BlockingQueueConsumer.java:756) ~[spring-rabbit-4.0.1.jar:4.0.1]
	... 5 common frames omitted
Caused by: com.rabbitmq.client.ShutdownSignalException: channel error; protocol method: #method<channel.close>(reply-code=404, reply-text=NOT_FOUND - no queue 'orders.queue' in vhost '/', class-id=50, method-id=10)
	at com.rabbitmq.utility.ValueOrException.getValue(ValueOrException.java:66) ~[amqp-client-5.27.1.jar:5.27.1]
	at com.rabbitmq.utility.BlockingValueOrException.uninterruptibleGetValue(BlockingValueOrException.java:36) ~[amqp-client-5.27.1.jar:5.27.1]
	at com.rabbitmq.client.impl.AMQChannel$BlockingRpcContinuation.getReply(AMQChannel.java:552) ~[amqp-client-5.27.1.jar:5.27.1]
	at com.rabbitmq.client.impl.AMQChannel.privateRpc(AMQChannel.java:316) ~[amqp-client-5.27.1.jar:5.27.1]
	at com.rabbitmq.client.impl.AMQChannel.exnWrappingRpc(AMQChannel.java:152) ~[amqp-client-5.27.1.jar:5.27.1]
	... 12 common frames omitted
Caused by: com.rabbitmq.client.ShutdownSignalException: channel error; protocol method: #method<channel.close>(reply-code=404, reply-text=NOT_FOUND - no queue 'orders.queue' in vhost '/', class-id=50, method-id=10)
	at com.rabbitmq.client.impl.ChannelN.asyncShutdown(ChannelN.java:529) ~[amqp-client-5.27.1.jar:5.27.1]
	at com.rabbitmq.client.impl.ChannelN.processAsync(ChannelN.java:350) ~[amqp-client-5.27.1.jar:5.27.1]
	at com.rabbitmq.client.impl.AMQChannel.handleCompleteInboundCommand(AMQChannel.java:193) ~[amqp-client-5.27.1.jar:5.27.1]
	at com.rabbitmq.client.impl.AMQChannel.handleFrame(AMQChannel.java:125) ~[amqp-client-5.27.1.jar:5.27.1]
	at com.rabbitmq.client.impl.AMQConnection.readFrame(AMQConnection.java:768) ~[amqp-client-5.27.1.jar:5.27.1]
	at com.rabbitmq.client.impl.AMQConnection.access$400(AMQConnection.java:49) ~[amqp-client-5.27.1.jar:5.27.1]
	at com.rabbitmq.client.impl.AMQConnection$MainLoop.run(AMQConnection.java:695) ~[amqp-client-5.27.1.jar:5.27.1]
	... 1 common frames omitted

2026-01-06T11:41:19.150+06:00  WARN [inventory-service,,] 692178 --- [inventory-service] [tContainer#0-18] o.s.a.r.listener.BlockingQueueConsumer   : Failed to declare queue: orders.queue
2026-01-06T11:41:19.150+06:00  WARN [inventory-service,,] 692178 --- [inventory-service] [tContainer#0-18] o.s.a.r.listener.BlockingQueueConsumer   : Queue declaration failed; retries left=2

org.springframework.amqp.rabbit.listener.BlockingQueueConsumer$DeclarationException: Failed to declare queue(s):[orders.queue]
	at org.springframework.amqp.rabbit.listener.BlockingQueueConsumer.attemptPassiveDeclarations(BlockingQueueConsumer.java:779) ~[spring-rabbit-4.0.1.jar:4.0.1]
	at org.springframework.amqp.rabbit.listener.BlockingQueueConsumer.passiveDeclarations(BlockingQueueConsumer.java:655) ~[spring-rabbit-4.0.1.jar:4.0.1]
	at org.springframework.amqp.rabbit.listener.BlockingQueueConsumer.start(BlockingQueueConsumer.java:642) ~[spring-rabbit-4.0.1.jar:4.0.1]
	at org.springframework.amqp.rabbit.listener.SimpleMessageListenerContainer$AsyncMessageProcessingConsumer.initialize(SimpleMessageListenerContainer.java:1524) ~[spring-rabbit-4.0.1.jar:4.0.1]
	at org.springframework.amqp.rabbit.listener.SimpleMessageListenerContainer$AsyncMessageProcessingConsumer.run(SimpleMessageListenerContainer.java:1356) ~[spring-rabbit-4.0.1.jar:4.0.1]
	at java.base/java.lang.Thread.run(Thread.java:1583) ~[na:na]
Caused by: java.io.IOException
	at com.rabbitmq.client.impl.AMQChannel.wrap(AMQChannel.java:140) ~[amqp-client-5.27.1.jar:5.27.1]
	at com.rabbitmq.client.impl.AMQChannel.wrap(AMQChannel.java:136) ~[amqp-client-5.27.1.jar:5.27.1]
	at com.rabbitmq.client.impl.AMQChannel.exnWrappingRpc(AMQChannel.java:158) ~[amqp-client-5.27.1.jar:5.27.1]
	at com.rabbitmq.client.impl.ChannelN.queueDeclarePassive(ChannelN.java:1044) ~[amqp-client-5.27.1.jar:5.27.1]
	at com.rabbitmq.client.impl.ChannelN.queueDeclarePassive(ChannelN.java:48) ~[amqp-client-5.27.1.jar:5.27.1]
	at java.base/jdk.internal.reflect.DirectMethodHandleAccessor.invoke(DirectMethodHandleAccessor.java:103) ~[na:na]
	at java.base/java.lang.reflect.Method.invoke(Method.java:580) ~[na:na]
	at org.springframework.amqp.rabbit.connection.CachingConnectionFactory$CachedChannelInvocationHandler.invoke(CachingConnectionFactory.java:1220) ~[spring-rabbit-4.0.1.jar:4.0.1]
	at jdk.proxy2/jdk.proxy2.$Proxy87.queueDeclarePassive(Unknown Source) ~[na:na]
	at org.springframework.amqp.rabbit.listener.BlockingQueueConsumer.attemptPassiveDeclarations(BlockingQueueConsumer.java:756) ~[spring-rabbit-4.0.1.jar:4.0.1]
	... 5 common frames omitted
Caused by: com.rabbitmq.client.ShutdownSignalException: channel error; protocol method: #method<channel.close>(reply-code=404, reply-text=NOT_FOUND - no queue 'orders.queue' in vhost '/', class-id=50, method-id=10)
	at com.rabbitmq.utility.ValueOrException.getValue(ValueOrException.java:66) ~[amqp-client-5.27.1.jar:5.27.1]
	at com.rabbitmq.utility.BlockingValueOrException.uninterruptibleGetValue(BlockingValueOrException.java:36) ~[amqp-client-5.27.1.jar:5.27.1]
	at com.rabbitmq.client.impl.AMQChannel$BlockingRpcContinuation.getReply(AMQChannel.java:552) ~[amqp-client-5.27.1.jar:5.27.1]
	at com.rabbitmq.client.impl.AMQChannel.privateRpc(AMQChannel.java:316) ~[amqp-client-5.27.1.jar:5.27.1]
	at com.rabbitmq.client.impl.AMQChannel.exnWrappingRpc(AMQChannel.java:152) ~[amqp-client-5.27.1.jar:5.27.1]
	... 12 common frames omitted
Caused by: com.rabbitmq.client.ShutdownSignalException: channel error; protocol method: #method<channel.close>(reply-code=404, reply-text=NOT_FOUND - no queue 'orders.queue' in vhost '/', class-id=50, method-id=10)
	at com.rabbitmq.client.impl.ChannelN.asyncShutdown(ChannelN.java:529) ~[amqp-client-5.27.1.jar:5.27.1]
	at com.rabbitmq.client.impl.ChannelN.processAsync(ChannelN.java:350) ~[amqp-client-5.27.1.jar:5.27.1]
	at com.rabbitmq.client.impl.AMQChannel.handleCompleteInboundCommand(AMQChannel.java:193) ~[amqp-client-5.27.1.jar:5.27.1]
	at com.rabbitmq.client.impl.AMQChannel.handleFrame(AMQChannel.java:125) ~[amqp-client-5.27.1.jar:5.27.1]
	at com.rabbitmq.client.impl.AMQConnection.readFrame(AMQConnection.java:768) ~[amqp-client-5.27.1.jar:5.27.1]
	at com.rabbitmq.client.impl.AMQConnection.access$400(AMQConnection.java:49) ~[amqp-client-5.27.1.jar:5.27.1]
	at com.rabbitmq.client.impl.AMQConnection$MainLoop.run(AMQConnection.java:695) ~[amqp-client-5.27.1.jar:5.27.1]
	... 1 common frames omitted

2026-01-06T11:41:24.154+06:00  WARN [inventory-service,,] 692178 --- [inventory-service] [tContainer#0-18] o.s.a.r.listener.BlockingQueueConsumer   : Failed to declare queue: orders.queue
2026-01-06T11:41:24.155+06:00  WARN [inventory-service,,] 692178 --- [inventory-service] [tContainer#0-18] o.s.a.r.listener.BlockingQueueConsumer   : Queue declaration failed; retries left=1

org.springframework.amqp.rabbit.listener.BlockingQueueConsumer$DeclarationException: Failed to declare queue(s):[orders.queue]
	at org.springframework.amqp.rabbit.listener.BlockingQueueConsumer.attemptPassiveDeclarations(BlockingQueueConsumer.java:779) ~[spring-rabbit-4.0.1.jar:4.0.1]
	at org.springframework.amqp.rabbit.listener.BlockingQueueConsumer.passiveDeclarations(BlockingQueueConsumer.java:655) ~[spring-rabbit-4.0.1.jar:4.0.1]
	at org.springframework.amqp.rabbit.listener.BlockingQueueConsumer.start(BlockingQueueConsumer.java:642) ~[spring-rabbit-4.0.1.jar:4.0.1]
	at org.springframework.amqp.rabbit.listener.SimpleMessageListenerContainer$AsyncMessageProcessingConsumer.initialize(SimpleMessageListenerContainer.java:1524) ~[spring-rabbit-4.0.1.jar:4.0.1]
	at org.springframework.amqp.rabbit.listener.SimpleMessageListenerContainer$AsyncMessageProcessingConsumer.run(SimpleMessageListenerContainer.java:1356) ~[spring-rabbit-4.0.1.jar:4.0.1]
	at java.base/java.lang.Thread.run(Thread.java:1583) ~[na:na]
Caused by: java.io.IOException
	at com.rabbitmq.client.impl.AMQChannel.wrap(AMQChannel.java:140) ~[amqp-client-5.27.1.jar:5.27.1]
	at com.rabbitmq.client.impl.AMQChannel.wrap(AMQChannel.java:136) ~[amqp-client-5.27.1.jar:5.27.1]
	at com.rabbitmq.client.impl.AMQChannel.exnWrappingRpc(AMQChannel.java:158) ~[amqp-client-5.27.1.jar:5.27.1]
	at com.rabbitmq.client.impl.ChannelN.queueDeclarePassive(ChannelN.java:1044) ~[amqp-client-5.27.1.jar:5.27.1]
	at com.rabbitmq.client.impl.ChannelN.queueDeclarePassive(ChannelN.java:48) ~[amqp-client-5.27.1.jar:5.27.1]
	at java.base/jdk.internal.reflect.DirectMethodHandleAccessor.invoke(DirectMethodHandleAccessor.java:103) ~[na:na]
	at java.base/java.lang.reflect.Method.invoke(Method.java:580) ~[na:na]
	at org.springframework.amqp.rabbit.connection.CachingConnectionFactory$CachedChannelInvocationHandler.invoke(CachingConnectionFactory.java:1220) ~[spring-rabbit-4.0.1.jar:4.0.1]
	at jdk.proxy2/jdk.proxy2.$Proxy87.queueDeclarePassive(Unknown Source) ~[na:na]
	at org.springframework.amqp.rabbit.listener.BlockingQueueConsumer.attemptPassiveDeclarations(BlockingQueueConsumer.java:756) ~[spring-rabbit-4.0.1.jar:4.0.1]
	... 5 common frames omitted
Caused by: com.rabbitmq.client.ShutdownSignalException: channel error; protocol method: #method<channel.close>(reply-code=404, reply-text=NOT_FOUND - no queue 'orders.queue' in vhost '/', class-id=50, method-id=10)
	at com.rabbitmq.utility.ValueOrException.getValue(ValueOrException.java:66) ~[amqp-client-5.27.1.jar:5.27.1]
	at com.rabbitmq.utility.BlockingValueOrException.uninterruptibleGetValue(BlockingValueOrException.java:36) ~[amqp-client-5.27.1.jar:5.27.1]
	at com.rabbitmq.client.impl.AMQChannel$BlockingRpcContinuation.getReply(AMQChannel.java:552) ~[amqp-client-5.27.1.jar:5.27.1]
	at com.rabbitmq.client.impl.AMQChannel.privateRpc(AMQChannel.java:316) ~[amqp-client-5.27.1.jar:5.27.1]
	at com.rabbitmq.client.impl.AMQChannel.exnWrappingRpc(AMQChannel.java:152) ~[amqp-client-5.27.1.jar:5.27.1]
	... 12 common frames omitted
Caused by: com.rabbitmq.client.ShutdownSignalException: channel error; protocol method: #method<channel.close>(reply-code=404, reply-text=NOT_FOUND - no queue 'orders.queue' in vhost '/', class-id=50, method-id=10)
	at com.rabbitmq.client.impl.ChannelN.asyncShutdown(ChannelN.java:529) ~[amqp-client-5.27.1.jar:5.27.1]
	at com.rabbitmq.client.impl.ChannelN.processAsync(ChannelN.java:350) ~[amqp-client-5.27.1.jar:5.27.1]
	at com.rabbitmq.client.impl.AMQChannel.handleCompleteInboundCommand(AMQChannel.java:193) ~[amqp-client-5.27.1.jar:5.27.1]
	at com.rabbitmq.client.impl.AMQChannel.handleFrame(AMQChannel.java:125) ~[amqp-client-5.27.1.jar:5.27.1]
	at com.rabbitmq.client.impl.AMQConnection.readFrame(AMQConnection.java:768) ~[amqp-client-5.27.1.jar:5.27.1]
	at com.rabbitmq.client.impl.AMQConnection.access$400(AMQConnection.java:49) ~[amqp-client-5.27.1.jar:5.27.1]
	at com.rabbitmq.client.impl.AMQConnection$MainLoop.run(AMQConnection.java:695) ~[amqp-client-5.27.1.jar:5.27.1]
	... 1 common frames omitted

2026-01-06T11:41:29.161+06:00  WARN [inventory-service,,] 692178 --- [inventory-service] [tContainer#0-18] o.s.a.r.listener.BlockingQueueConsumer   : Failed to declare queue: orders.queue
2026-01-06T11:41:34.167+06:00 ERROR [inventory-service,,] 692178 --- [inventory-service] [tContainer#0-18] o.s.a.r.l.SimpleMessageListenerContainer : Consumer threw missing queues exception, fatal=false

org.springframework.amqp.rabbit.listener.QueuesNotAvailableException: Cannot prepare queue for listener. Either the queue doesn't exist or the broker will not allow us to use it.
	at org.springframework.amqp.rabbit.listener.BlockingQueueConsumer.handleDeclarationException(BlockingQueueConsumer.java:728) ~[spring-rabbit-4.0.1.jar:4.0.1]
	at org.springframework.amqp.rabbit.listener.BlockingQueueConsumer.passiveDeclarations(BlockingQueueConsumer.java:662) ~[spring-rabbit-4.0.1.jar:4.0.1]
	at org.springframework.amqp.rabbit.listener.BlockingQueueConsumer.start(BlockingQueueConsumer.java:642) ~[spring-rabbit-4.0.1.jar:4.0.1]
	at org.springframework.amqp.rabbit.listener.SimpleMessageListenerContainer$AsyncMessageProcessingConsumer.initialize(SimpleMessageListenerContainer.java:1524) ~[spring-rabbit-4.0.1.jar:4.0.1]
	at org.springframework.amqp.rabbit.listener.SimpleMessageListenerContainer$AsyncMessageProcessingConsumer.run(SimpleMessageListenerContainer.java:1356) ~[spring-rabbit-4.0.1.jar:4.0.1]
	at java.base/java.lang.Thread.run(Thread.java:1583) ~[na:na]
Caused by: org.springframework.amqp.rabbit.listener.BlockingQueueConsumer$DeclarationException: Failed to declare queue(s):[orders.queue]
	at org.springframework.amqp.rabbit.listener.BlockingQueueConsumer.attemptPassiveDeclarations(BlockingQueueConsumer.java:779) ~[spring-rabbit-4.0.1.jar:4.0.1]
	at org.springframework.amqp.rabbit.listener.BlockingQueueConsumer.passiveDeclarations(BlockingQueueConsumer.java:655) ~[spring-rabbit-4.0.1.jar:4.0.1]
	... 4 common frames omitted
Caused by: java.io.IOException
	at com.rabbitmq.client.impl.AMQChannel.wrap(AMQChannel.java:140) ~[amqp-client-5.27.1.jar:5.27.1]
	at com.rabbitmq.client.impl.AMQChannel.wrap(AMQChannel.java:136) ~[amqp-client-5.27.1.jar:5.27.1]
	at com.rabbitmq.client.impl.AMQChannel.exnWrappingRpc(AMQChannel.java:158) ~[amqp-client-5.27.1.jar:5.27.1]
	at com.rabbitmq.client.impl.ChannelN.queueDeclarePassive(ChannelN.java:1044) ~[amqp-client-5.27.1.jar:5.27.1]
	at com.rabbitmq.client.impl.ChannelN.queueDeclarePassive(ChannelN.java:48) ~[amqp-client-5.27.1.jar:5.27.1]
	at java.base/jdk.internal.reflect.DirectMethodHandleAccessor.invoke(DirectMethodHandleAccessor.java:103) ~[na:na]
	at java.base/java.lang.reflect.Method.invoke(Method.java:580) ~[na:na]
	at org.springframework.amqp.rabbit.connection.CachingConnectionFactory$CachedChannelInvocationHandler.invoke(CachingConnectionFactory.java:1220) ~[spring-rabbit-4.0.1.jar:4.0.1]
	at jdk.proxy2/jdk.proxy2.$Proxy87.queueDeclarePassive(Unknown Source) ~[na:na]
	at org.springframework.amqp.rabbit.listener.BlockingQueueConsumer.attemptPassiveDeclarations(BlockingQueueConsumer.java:756) ~[spring-rabbit-4.0.1.jar:4.0.1]
	... 5 common frames omitted
Caused by: com.rabbitmq.client.ShutdownSignalException: channel error; protocol method: #method<channel.close>(reply-code=404, reply-text=NOT_FOUND - no queue 'orders.queue' in vhost '/', class-id=50, method-id=10)
	at com.rabbitmq.utility.ValueOrException.getValue(ValueOrException.java:66) ~[amqp-client-5.27.1.jar:5.27.1]
	at com.rabbitmq.utility.BlockingValueOrException.uninterruptibleGetValue(BlockingValueOrException.java:36) ~[amqp-client-5.27.1.jar:5.27.1]
	at com.rabbitmq.client.impl.AMQChannel$BlockingRpcContinuation.getReply(AMQChannel.java:552) ~[amqp-client-5.27.1.jar:5.27.1]
	at com.rabbitmq.client.impl.AMQChannel.privateRpc(AMQChannel.java:316) ~[amqp-client-5.27.1.jar:5.27.1]
	at com.rabbitmq.client.impl.AMQChannel.exnWrappingRpc(AMQChannel.java:152) ~[amqp-client-5.27.1.jar:5.27.1]
	... 12 common frames omitted
Caused by: com.rabbitmq.client.ShutdownSignalException: channel error; protocol method: #method<channel.close>(reply-code=404, reply-text=NOT_FOUND - no queue 'orders.queue' in vhost '/', class-id=50, method-id=10)
	at com.rabbitmq.client.impl.ChannelN.asyncShutdown(ChannelN.java:529) ~[amqp-client-5.27.1.jar:5.27.1]
	at com.rabbitmq.client.impl.ChannelN.processAsync(ChannelN.java:350) ~[amqp-client-5.27.1.jar:5.27.1]
	at com.rabbitmq.client.impl.AMQChannel.handleCompleteInboundCommand(AMQChannel.java:193) ~[amqp-client-5.27.1.jar:5.27.1]
	at com.rabbitmq.client.impl.AMQChannel.handleFrame(AMQChannel.java:125) ~[amqp-client-5.27.1.jar:5.27.1]
	at com.rabbitmq.client.impl.AMQConnection.readFrame(AMQConnection.java:768) ~[amqp-client-5.27.1.jar:5.27.1]
	at com.rabbitmq.client.impl.AMQConnection.access$400(AMQConnection.java:49) ~[amqp-client-5.27.1.jar:5.27.1]
	at com.rabbitmq.client.impl.AMQConnection$MainLoop.run(AMQConnection.java:695) ~[amqp-client-5.27.1.jar:5.27.1]
	... 1 common frames omitted

2026-01-06T11:41:34.168+06:00  INFO [inventory-service,,] 692178 --- [inventory-service] [tContainer#0-18] o.s.a.r.l.SimpleMessageListenerContainer : Restarting Consumer@6545ae4f: tags=[[]], channel=Cached Rabbit Channel: AMQChannel(amqp://guest@127.0.0.1:5672/,1), conn: Proxy@7a814310 Shared Rabbit Connection: SimpleConnection@6bb4cc0e [delegate=amqp://guest@127.0.0.1:5672/, localPort=51158], acknowledgeMode=AUTO local queue size=0
2026-01-06T11:41:34.176+06:00  WARN [inventory-service,,] 692178 --- [inventory-service] [tContainer#0-19] o.s.a.r.listener.BlockingQueueConsumer   : Failed to declare queue: orders.queue
2026-01-06T11:41:34.177+06:00  WARN [inventory-service,,] 692178 --- [inventory-service] [tContainer#0-19] o.s.a.r.listener.BlockingQueueConsumer   : Queue declaration failed; retries left=3

org.springframework.amqp.rabbit.listener.BlockingQueueConsumer$DeclarationException: Failed to declare queue(s):[orders.queue]
	at org.springframework.amqp.rabbit.listener.BlockingQueueConsumer.attemptPassiveDeclarations(BlockingQueueConsumer.java:779) ~[spring-rabbit-4.0.1.jar:4.0.1]
	at org.springframework.amqp.rabbit.listener.BlockingQueueConsumer.passiveDeclarations(BlockingQueueConsumer.java:655) ~[spring-rabbit-4.0.1.jar:4.0.1]
	at org.springframework.amqp.rabbit.listener.BlockingQueueConsumer.start(BlockingQueueConsumer.java:642) ~[spring-rabbit-4.0.1.jar:4.0.1]
	at org.springframework.amqp.rabbit.listener.SimpleMessageListenerContainer$AsyncMessageProcessingConsumer.initialize(SimpleMessageListenerContainer.java:1524) ~[spring-rabbit-4.0.1.jar:4.0.1]
	at org.springframework.amqp.rabbit.listener.SimpleMessageListenerContainer$AsyncMessageProcessingConsumer.run(SimpleMessageListenerContainer.java:1356) ~[spring-rabbit-4.0.1.jar:4.0.1]
	at java.base/java.lang.Thread.run(Thread.java:1583) ~[na:na]
Caused by: java.io.IOException
	at com.rabbitmq.client.impl.AMQChannel.wrap(AMQChannel.java:140) ~[amqp-client-5.27.1.jar:5.27.1]
	at com.rabbitmq.client.impl.AMQChannel.wrap(AMQChannel.java:136) ~[amqp-client-5.27.1.jar:5.27.1]
	at com.rabbitmq.client.impl.AMQChannel.exnWrappingRpc(AMQChannel.java:158) ~[amqp-client-5.27.1.jar:5.27.1]
	at com.rabbitmq.client.impl.ChannelN.queueDeclarePassive(ChannelN.java:1044) ~[amqp-client-5.27.1.jar:5.27.1]
	at com.rabbitmq.client.impl.ChannelN.queueDeclarePassive(ChannelN.java:48) ~[amqp-client-5.27.1.jar:5.27.1]
	at java.base/jdk.internal.reflect.DirectMethodHandleAccessor.invoke(DirectMethodHandleAccessor.java:103) ~[na:na]
	at java.base/java.lang.reflect.Method.invoke(Method.java:580) ~[na:na]
	at org.springframework.amqp.rabbit.connection.CachingConnectionFactory$CachedChannelInvocationHandler.invoke(CachingConnectionFactory.java:1220) ~[spring-rabbit-4.0.1.jar:4.0.1]
	at jdk.proxy2/jdk.proxy2.$Proxy87.queueDeclarePassive(Unknown Source) ~[na:na]
	at org.springframework.amqp.rabbit.listener.BlockingQueueConsumer.attemptPassiveDeclarations(BlockingQueueConsumer.java:756) ~[spring-rabbit-4.0.1.jar:4.0.1]
	... 5 common frames omitted
Caused by: com.rabbitmq.client.ShutdownSignalException: channel error; protocol method: #method<channel.close>(reply-code=404, reply-text=NOT_FOUND - no queue 'orders.queue' in vhost '/', class-id=50, method-id=10)
	at com.rabbitmq.utility.ValueOrException.getValue(ValueOrException.java:66) ~[amqp-client-5.27.1.jar:5.27.1]
	at com.rabbitmq.utility.BlockingValueOrException.uninterruptibleGetValue(BlockingValueOrException.java:36) ~[amqp-client-5.27.1.jar:5.27.1]
	at com.rabbitmq.client.impl.AMQChannel$BlockingRpcContinuation.getReply(AMQChannel.java:552) ~[amqp-client-5.27.1.jar:5.27.1]
	at com.rabbitmq.client.impl.AMQChannel.privateRpc(AMQChannel.java:316) ~[amqp-client-5.27.1.jar:5.27.1]
	at com.rabbitmq.client.impl.AMQChannel.exnWrappingRpc(AMQChannel.java:152) ~[amqp-client-5.27.1.jar:5.27.1]
	... 12 common frames omitted
Caused by: com.rabbitmq.client.ShutdownSignalException: channel error; protocol method: #method<channel.close>(reply-code=404, reply-text=NOT_FOUND - no queue 'orders.queue' in vhost '/', class-id=50, method-id=10)
	at com.rabbitmq.client.impl.ChannelN.asyncShutdown(ChannelN.java:529) ~[amqp-client-5.27.1.jar:5.27.1]
	at com.rabbitmq.client.impl.ChannelN.processAsync(ChannelN.java:350) ~[amqp-client-5.27.1.jar:5.27.1]
	at com.rabbitmq.client.impl.AMQChannel.handleCompleteInboundCommand(AMQChannel.java:193) ~[amqp-client-5.27.1.jar:5.27.1]
	at com.rabbitmq.client.impl.AMQChannel.handleFrame(AMQChannel.java:125) ~[amqp-client-5.27.1.jar:5.27.1]
	at com.rabbitmq.client.impl.AMQConnection.readFrame(AMQConnection.java:768) ~[amqp-client-5.27.1.jar:5.27.1]
	at com.rabbitmq.client.impl.AMQConnection.access$400(AMQConnection.java:49) ~[amqp-client-5.27.1.jar:5.27.1]
	at com.rabbitmq.client.impl.AMQConnection$MainLoop.run(AMQConnection.java:695) ~[amqp-client-5.27.1.jar:5.27.1]
	... 1 common frames omitted

2026-01-06T11:41:39.183+06:00  WARN [inventory-service,,] 692178 --- [inventory-service] [tContainer#0-19] o.s.a.r.listener.BlockingQueueConsumer   : Failed to declare queue: orders.queue
2026-01-06T11:41:39.183+06:00  WARN [inventory-service,,] 692178 --- [inventory-service] [tContainer#0-19] o.s.a.r.listener.BlockingQueueConsumer   : Queue declaration failed; retries left=2

org.springframework.amqp.rabbit.listener.BlockingQueueConsumer$DeclarationException: Failed to declare queue(s):[orders.queue]
	at org.springframework.amqp.rabbit.listener.BlockingQueueConsumer.attemptPassiveDeclarations(BlockingQueueConsumer.java:779) ~[spring-rabbit-4.0.1.jar:4.0.1]
	at org.springframework.amqp.rabbit.listener.BlockingQueueConsumer.passiveDeclarations(BlockingQueueConsumer.java:655) ~[spring-rabbit-4.0.1.jar:4.0.1]
	at org.springframework.amqp.rabbit.listener.BlockingQueueConsumer.start(BlockingQueueConsumer.java:642) ~[spring-rabbit-4.0.1.jar:4.0.1]
	at org.springframework.amqp.rabbit.listener.SimpleMessageListenerContainer$AsyncMessageProcessingConsumer.initialize(SimpleMessageListenerContainer.java:1524) ~[spring-rabbit-4.0.1.jar:4.0.1]
	at org.springframework.amqp.rabbit.listener.SimpleMessageListenerContainer$AsyncMessageProcessingConsumer.run(SimpleMessageListenerContainer.java:1356) ~[spring-rabbit-4.0.1.jar:4.0.1]
	at java.base/java.lang.Thread.run(Thread.java:1583) ~[na:na]
Caused by: java.io.IOException
	at com.rabbitmq.client.impl.AMQChannel.wrap(AMQChannel.java:140) ~[amqp-client-5.27.1.jar:5.27.1]
	at com.rabbitmq.client.impl.AMQChannel.wrap(AMQChannel.java:136) ~[amqp-client-5.27.1.jar:5.27.1]
	at com.rabbitmq.client.impl.AMQChannel.exnWrappingRpc(AMQChannel.java:158) ~[amqp-client-5.27.1.jar:5.27.1]
	at com.rabbitmq.client.impl.ChannelN.queueDeclarePassive(ChannelN.java:1044) ~[amqp-client-5.27.1.jar:5.27.1]
	at com.rabbitmq.client.impl.ChannelN.queueDeclarePassive(ChannelN.java:48) ~[amqp-client-5.27.1.jar:5.27.1]
	at java.base/jdk.internal.reflect.DirectMethodHandleAccessor.invoke(DirectMethodHandleAccessor.java:103) ~[na:na]
	at java.base/java.lang.reflect.Method.invoke(Method.java:580) ~[na:na]
	at org.springframework.amqp.rabbit.connection.CachingConnectionFactory$CachedChannelInvocationHandler.invoke(CachingConnectionFactory.java:1220) ~[spring-rabbit-4.0.1.jar:4.0.1]
	at jdk.proxy2/jdk.proxy2.$Proxy87.queueDeclarePassive(Unknown Source) ~[na:na]
	at org.springframework.amqp.rabbit.listener.BlockingQueueConsumer.attemptPassiveDeclarations(BlockingQueueConsumer.java:756) ~[spring-rabbit-4.0.1.jar:4.0.1]
	... 5 common frames omitted
Caused by: com.rabbitmq.client.ShutdownSignalException: channel error; protocol method: #method<channel.close>(reply-code=404, reply-text=NOT_FOUND - no queue 'orders.queue' in vhost '/', class-id=50, method-id=10)
	at com.rabbitmq.utility.ValueOrException.getValue(ValueOrException.java:66) ~[amqp-client-5.27.1.jar:5.27.1]
	at com.rabbitmq.utility.BlockingValueOrException.uninterruptibleGetValue(BlockingValueOrException.java:36) ~[amqp-client-5.27.1.jar:5.27.1]
	at com.rabbitmq.client.impl.AMQChannel$BlockingRpcContinuation.getReply(AMQChannel.java:552) ~[amqp-client-5.27.1.jar:5.27.1]
	at com.rabbitmq.client.impl.AMQChannel.privateRpc(AMQChannel.java:316) ~[amqp-client-5.27.1.jar:5.27.1]
	at com.rabbitmq.client.impl.AMQChannel.exnWrappingRpc(AMQChannel.java:152) ~[amqp-client-5.27.1.jar:5.27.1]
	... 12 common frames omitted
Caused by: com.rabbitmq.client.ShutdownSignalException: channel error; protocol method: #method<channel.close>(reply-code=404, reply-text=NOT_FOUND - no queue 'orders.queue' in vhost '/', class-id=50, method-id=10)
	at com.rabbitmq.client.impl.ChannelN.asyncShutdown(ChannelN.java:529) ~[amqp-client-5.27.1.jar:5.27.1]
	at com.rabbitmq.client.impl.ChannelN.processAsync(ChannelN.java:350) ~[amqp-client-5.27.1.jar:5.27.1]
	at com.rabbitmq.client.impl.AMQChannel.handleCompleteInboundCommand(AMQChannel.java:193) ~[amqp-client-5.27.1.jar:5.27.1]
	at com.rabbitmq.client.impl.AMQChannel.handleFrame(AMQChannel.java:125) ~[amqp-client-5.27.1.jar:5.27.1]
	at com.rabbitmq.client.impl.AMQConnection.readFrame(AMQConnection.java:768) ~[amqp-client-5.27.1.jar:5.27.1]
	at com.rabbitmq.client.impl.AMQConnection.access$400(AMQConnection.java:49) ~[amqp-client-5.27.1.jar:5.27.1]
	at com.rabbitmq.client.impl.AMQConnection$MainLoop.run(AMQConnection.java:695) ~[amqp-client-5.27.1.jar:5.27.1]
	... 1 common frames omitted

2026-01-06T11:41:44.189+06:00  WARN [inventory-service,,] 692178 --- [inventory-service] [tContainer#0-19] o.s.a.r.listener.BlockingQueueConsumer   : Failed to declare queue: orders.queue
2026-01-06T11:41:44.189+06:00  WARN [inventory-service,,] 692178 --- [inventory-service] [tContainer#0-19] o.s.a.r.listener.BlockingQueueConsumer   : Queue declaration failed; retries left=1

org.springframework.amqp.rabbit.listener.BlockingQueueConsumer$DeclarationException: Failed to declare queue(s):[orders.queue]
	at org.springframework.amqp.rabbit.listener.BlockingQueueConsumer.attemptPassiveDeclarations(BlockingQueueConsumer.java:779) ~[spring-rabbit-4.0.1.jar:4.0.1]
	at org.springframework.amqp.rabbit.listener.BlockingQueueConsumer.passiveDeclarations(BlockingQueueConsumer.java:655) ~[spring-rabbit-4.0.1.jar:4.0.1]
	at org.springframework.amqp.rabbit.listener.BlockingQueueConsumer.start(BlockingQueueConsumer.java:642) ~[spring-rabbit-4.0.1.jar:4.0.1]
	at org.springframework.amqp.rabbit.listener.SimpleMessageListenerContainer$AsyncMessageProcessingConsumer.initialize(SimpleMessageListenerContainer.java:1524) ~[spring-rabbit-4.0.1.jar:4.0.1]
	at org.springframework.amqp.rabbit.listener.SimpleMessageListenerContainer$AsyncMessageProcessingConsumer.run(SimpleMessageListenerContainer.java:1356) ~[spring-rabbit-4.0.1.jar:4.0.1]
	at java.base/java.lang.Thread.run(Thread.java:1583) ~[na:na]
Caused by: java.io.IOException
	at com.rabbitmq.client.impl.AMQChannel.wrap(AMQChannel.java:140) ~[amqp-client-5.27.1.jar:5.27.1]
	at com.rabbitmq.client.impl.AMQChannel.wrap(AMQChannel.java:136) ~[amqp-client-5.27.1.jar:5.27.1]
	at com.rabbitmq.client.impl.AMQChannel.exnWrappingRpc(AMQChannel.java:158) ~[amqp-client-5.27.1.jar:5.27.1]
	at com.rabbitmq.client.impl.ChannelN.queueDeclarePassive(ChannelN.java:1044) ~[amqp-client-5.27.1.jar:5.27.1]
	at com.rabbitmq.client.impl.ChannelN.queueDeclarePassive(ChannelN.java:48) ~[amqp-client-5.27.1.jar:5.27.1]
	at java.base/jdk.internal.reflect.DirectMethodHandleAccessor.invoke(DirectMethodHandleAccessor.java:103) ~[na:na]
	at java.base/java.lang.reflect.Method.invoke(Method.java:580) ~[na:na]
	at org.springframework.amqp.rabbit.connection.CachingConnectionFactory$CachedChannelInvocationHandler.invoke(CachingConnectionFactory.java:1220) ~[spring-rabbit-4.0.1.jar:4.0.1]
	at jdk.proxy2/jdk.proxy2.$Proxy87.queueDeclarePassive(Unknown Source) ~[na:na]
	at org.springframework.amqp.rabbit.listener.BlockingQueueConsumer.attemptPassiveDeclarations(BlockingQueueConsumer.java:756) ~[spring-rabbit-4.0.1.jar:4.0.1]
	... 5 common frames omitted
Caused by: com.rabbitmq.client.ShutdownSignalException: channel error; protocol method: #method<channel.close>(reply-code=404, reply-text=NOT_FOUND - no queue 'orders.queue' in vhost '/', class-id=50, method-id=10)
	at com.rabbitmq.utility.ValueOrException.getValue(ValueOrException.java:66) ~[amqp-client-5.27.1.jar:5.27.1]
	at com.rabbitmq.utility.BlockingValueOrException.uninterruptibleGetValue(BlockingValueOrException.java:36) ~[amqp-client-5.27.1.jar:5.27.1]
	at com.rabbitmq.client.impl.AMQChannel$BlockingRpcContinuation.getReply(AMQChannel.java:552) ~[amqp-client-5.27.1.jar:5.27.1]
	at com.rabbitmq.client.impl.AMQChannel.privateRpc(AMQChannel.java:316) ~[amqp-client-5.27.1.jar:5.27.1]
	at com.rabbitmq.client.impl.AMQChannel.exnWrappingRpc(AMQChannel.java:152) ~[amqp-client-5.27.1.jar:5.27.1]
	... 12 common frames omitted
Caused by: com.rabbitmq.client.ShutdownSignalException: channel error; protocol method: #method<channel.close>(reply-code=404, reply-text=NOT_FOUND - no queue 'orders.queue' in vhost '/', class-id=50, method-id=10)
	at com.rabbitmq.client.impl.ChannelN.asyncShutdown(ChannelN.java:529) ~[amqp-client-5.27.1.jar:5.27.1]
	at com.rabbitmq.client.impl.ChannelN.processAsync(ChannelN.java:350) ~[amqp-client-5.27.1.jar:5.27.1]
	at com.rabbitmq.client.impl.AMQChannel.handleCompleteInboundCommand(AMQChannel.java:193) ~[amqp-client-5.27.1.jar:5.27.1]
	at com.rabbitmq.client.impl.AMQChannel.handleFrame(AMQChannel.java:125) ~[amqp-client-5.27.1.jar:5.27.1]
	at com.rabbitmq.client.impl.AMQConnection.readFrame(AMQConnection.java:768) ~[amqp-client-5.27.1.jar:5.27.1]
	at com.rabbitmq.client.impl.AMQConnection.access$400(AMQConnection.java:49) ~[amqp-client-5.27.1.jar:5.27.1]
	at com.rabbitmq.client.impl.AMQConnection$MainLoop.run(AMQConnection.java:695) ~[amqp-client-5.27.1.jar:5.27.1]
	... 1 common frames omitted

2026-01-06T11:41:49.195+06:00  WARN [inventory-service,,] 692178 --- [inventory-service] [tContainer#0-19] o.s.a.r.listener.BlockingQueueConsumer   : Failed to declare queue: orders.queue
2026-01-06T11:41:54.202+06:00 ERROR [inventory-service,,] 692178 --- [inventory-service] [tContainer#0-19] o.s.a.r.l.SimpleMessageListenerContainer : Consumer threw missing queues exception, fatal=false

org.springframework.amqp.rabbit.listener.QueuesNotAvailableException: Cannot prepare queue for listener. Either the queue doesn't exist or the broker will not allow us to use it.
	at org.springframework.amqp.rabbit.listener.BlockingQueueConsumer.handleDeclarationException(BlockingQueueConsumer.java:728) ~[spring-rabbit-4.0.1.jar:4.0.1]
	at org.springframework.amqp.rabbit.listener.BlockingQueueConsumer.passiveDeclarations(BlockingQueueConsumer.java:662) ~[spring-rabbit-4.0.1.jar:4.0.1]
	at org.springframework.amqp.rabbit.listener.BlockingQueueConsumer.start(BlockingQueueConsumer.java:642) ~[spring-rabbit-4.0.1.jar:4.0.1]
	at org.springframework.amqp.rabbit.listener.SimpleMessageListenerContainer$AsyncMessageProcessingConsumer.initialize(SimpleMessageListenerContainer.java:1524) ~[spring-rabbit-4.0.1.jar:4.0.1]
	at org.springframework.amqp.rabbit.listener.SimpleMessageListenerContainer$AsyncMessageProcessingConsumer.run(SimpleMessageListenerContainer.java:1356) ~[spring-rabbit-4.0.1.jar:4.0.1]
	at java.base/java.lang.Thread.run(Thread.java:1583) ~[na:na]
Caused by: org.springframework.amqp.rabbit.listener.BlockingQueueConsumer$DeclarationException: Failed to declare queue(s):[orders.queue]
	at org.springframework.amqp.rabbit.listener.BlockingQueueConsumer.attemptPassiveDeclarations(BlockingQueueConsumer.java:779) ~[spring-rabbit-4.0.1.jar:4.0.1]
	at org.springframework.amqp.rabbit.listener.BlockingQueueConsumer.passiveDeclarations(BlockingQueueConsumer.java:655) ~[spring-rabbit-4.0.1.jar:4.0.1]
	... 4 common frames omitted
Caused by: java.io.IOException
	at com.rabbitmq.client.impl.AMQChannel.wrap(AMQChannel.java:140) ~[amqp-client-5.27.1.jar:5.27.1]
	at com.rabbitmq.client.impl.AMQChannel.wrap(AMQChannel.java:136) ~[amqp-client-5.27.1.jar:5.27.1]
	at com.rabbitmq.client.impl.AMQChannel.exnWrappingRpc(AMQChannel.java:158) ~[amqp-client-5.27.1.jar:5.27.1]
	at com.rabbitmq.client.impl.ChannelN.queueDeclarePassive(ChannelN.java:1044) ~[amqp-client-5.27.1.jar:5.27.1]
	at com.rabbitmq.client.impl.ChannelN.queueDeclarePassive(ChannelN.java:48) ~[amqp-client-5.27.1.jar:5.27.1]
	at java.base/jdk.internal.reflect.DirectMethodHandleAccessor.invoke(DirectMethodHandleAccessor.java:103) ~[na:na]
	at java.base/java.lang.reflect.Method.invoke(Method.java:580) ~[na:na]
	at org.springframework.amqp.rabbit.connection.CachingConnectionFactory$CachedChannelInvocationHandler.invoke(CachingConnectionFactory.java:1220) ~[spring-rabbit-4.0.1.jar:4.0.1]
	at jdk.proxy2/jdk.proxy2.$Proxy87.queueDeclarePassive(Unknown Source) ~[na:na]
	at org.springframework.amqp.rabbit.listener.BlockingQueueConsumer.attemptPassiveDeclarations(BlockingQueueConsumer.java:756) ~[spring-rabbit-4.0.1.jar:4.0.1]
	... 5 common frames omitted
Caused by: com.rabbitmq.client.ShutdownSignalException: channel error; protocol method: #method<channel.close>(reply-code=404, reply-text=NOT_FOUND - no queue 'orders.queue' in vhost '/', class-id=50, method-id=10)
	at com.rabbitmq.utility.ValueOrException.getValue(ValueOrException.java:66) ~[amqp-client-5.27.1.jar:5.27.1]
	at com.rabbitmq.utility.BlockingValueOrException.uninterruptibleGetValue(BlockingValueOrException.java:36) ~[amqp-client-5.27.1.jar:5.27.1]
	at com.rabbitmq.client.impl.AMQChannel$BlockingRpcContinuation.getReply(AMQChannel.java:552) ~[amqp-client-5.27.1.jar:5.27.1]
	at com.rabbitmq.client.impl.AMQChannel.privateRpc(AMQChannel.java:316) ~[amqp-client-5.27.1.jar:5.27.1]
	at com.rabbitmq.client.impl.AMQChannel.exnWrappingRpc(AMQChannel.java:152) ~[amqp-client-5.27.1.jar:5.27.1]
	... 12 common frames omitted
Caused by: com.rabbitmq.client.ShutdownSignalException: channel error; protocol method: #method<channel.close>(reply-code=404, reply-text=NOT_FOUND - no queue 'orders.queue' in vhost '/', class-id=50, method-id=10)
	at com.rabbitmq.client.impl.ChannelN.asyncShutdown(ChannelN.java:529) ~[amqp-client-5.27.1.jar:5.27.1]
	at com.rabbitmq.client.impl.ChannelN.processAsync(ChannelN.java:350) ~[amqp-client-5.27.1.jar:5.27.1]
	at com.rabbitmq.client.impl.AMQChannel.handleCompleteInboundCommand(AMQChannel.java:193) ~[amqp-client-5.27.1.jar:5.27.1]
	at com.rabbitmq.client.impl.AMQChannel.handleFrame(AMQChannel.java:125) ~[amqp-client-5.27.1.jar:5.27.1]
	at com.rabbitmq.client.impl.AMQConnection.readFrame(AMQConnection.java:768) ~[amqp-client-5.27.1.jar:5.27.1]
	at com.rabbitmq.client.impl.AMQConnection.access$400(AMQConnection.java:49) ~[amqp-client-5.27.1.jar:5.27.1]
	at com.rabbitmq.client.impl.AMQConnection$MainLoop.run(AMQConnection.java:695) ~[amqp-client-5.27.1.jar:5.27.1]
	... 1 common frames omitted

2026-01-06T11:41:54.204+06:00  INFO [inventory-service,,] 692178 --- [inventory-service] [tContainer#0-19] o.s.a.r.l.SimpleMessageListenerContainer : Restarting Consumer@29e183f8: tags=[[]], channel=Cached Rabbit Channel: AMQChannel(amqp://guest@127.0.0.1:5672/,1), conn: Proxy@7a814310 Shared Rabbit Connection: SimpleConnection@6bb4cc0e [delegate=amqp://guest@127.0.0.1:5672/, localPort=51158], acknowledgeMode=AUTO local queue size=0
2026-01-06T11:41:54.212+06:00  WARN [inventory-service,,] 692178 --- [inventory-service] [tContainer#0-20] o.s.a.r.listener.BlockingQueueConsumer   : Failed to declare queue: orders.queue
2026-01-06T11:41:54.213+06:00  WARN [inventory-service,,] 692178 --- [inventory-service] [tContainer#0-20] o.s.a.r.listener.BlockingQueueConsumer   : Queue declaration failed; retries left=3

org.springframework.amqp.rabbit.listener.BlockingQueueConsumer$DeclarationException: Failed to declare queue(s):[orders.queue]
	at org.springframework.amqp.rabbit.listener.BlockingQueueConsumer.attemptPassiveDeclarations(BlockingQueueConsumer.java:779) ~[spring-rabbit-4.0.1.jar:4.0.1]
	at org.springframework.amqp.rabbit.listener.BlockingQueueConsumer.passiveDeclarations(BlockingQueueConsumer.java:655) ~[spring-rabbit-4.0.1.jar:4.0.1]
	at org.springframework.amqp.rabbit.listener.BlockingQueueConsumer.start(BlockingQueueConsumer.java:642) ~[spring-rabbit-4.0.1.jar:4.0.1]
	at org.springframework.amqp.rabbit.listener.SimpleMessageListenerContainer$AsyncMessageProcessingConsumer.initialize(SimpleMessageListenerContainer.java:1524) ~[spring-rabbit-4.0.1.jar:4.0.1]
	at org.springframework.amqp.rabbit.listener.SimpleMessageListenerContainer$AsyncMessageProcessingConsumer.run(SimpleMessageListenerContainer.java:1356) ~[spring-rabbit-4.0.1.jar:4.0.1]
	at java.base/java.lang.Thread.run(Thread.java:1583) ~[na:na]
Caused by: java.io.IOException
	at com.rabbitmq.client.impl.AMQChannel.wrap(AMQChannel.java:140) ~[amqp-client-5.27.1.jar:5.27.1]
	at com.rabbitmq.client.impl.AMQChannel.wrap(AMQChannel.java:136) ~[amqp-client-5.27.1.jar:5.27.1]
	at com.rabbitmq.client.impl.AMQChannel.exnWrappingRpc(AMQChannel.java:158) ~[amqp-client-5.27.1.jar:5.27.1]
	at com.rabbitmq.client.impl.ChannelN.queueDeclarePassive(ChannelN.java:1044) ~[amqp-client-5.27.1.jar:5.27.1]
	at com.rabbitmq.client.impl.ChannelN.queueDeclarePassive(ChannelN.java:48) ~[amqp-client-5.27.1.jar:5.27.1]
	at java.base/jdk.internal.reflect.DirectMethodHandleAccessor.invoke(DirectMethodHandleAccessor.java:103) ~[na:na]
	at java.base/java.lang.reflect.Method.invoke(Method.java:580) ~[na:na]
	at org.springframework.amqp.rabbit.connection.CachingConnectionFactory$CachedChannelInvocationHandler.invoke(CachingConnectionFactory.java:1220) ~[spring-rabbit-4.0.1.jar:4.0.1]
	at jdk.proxy2/jdk.proxy2.$Proxy87.queueDeclarePassive(Unknown Source) ~[na:na]
	at org.springframework.amqp.rabbit.listener.BlockingQueueConsumer.attemptPassiveDeclarations(BlockingQueueConsumer.java:756) ~[spring-rabbit-4.0.1.jar:4.0.1]
	... 5 common frames omitted
Caused by: com.rabbitmq.client.ShutdownSignalException: channel error; protocol method: #method<channel.close>(reply-code=404, reply-text=NOT_FOUND - no queue 'orders.queue' in vhost '/', class-id=50, method-id=10)
	at com.rabbitmq.utility.ValueOrException.getValue(ValueOrException.java:66) ~[amqp-client-5.27.1.jar:5.27.1]
	at com.rabbitmq.utility.BlockingValueOrException.uninterruptibleGetValue(BlockingValueOrException.java:36) ~[amqp-client-5.27.1.jar:5.27.1]
	at com.rabbitmq.client.impl.AMQChannel$BlockingRpcContinuation.getReply(AMQChannel.java:552) ~[amqp-client-5.27.1.jar:5.27.1]
	at com.rabbitmq.client.impl.AMQChannel.privateRpc(AMQChannel.java:316) ~[amqp-client-5.27.1.jar:5.27.1]
	at com.rabbitmq.client.impl.AMQChannel.exnWrappingRpc(AMQChannel.java:152) ~[amqp-client-5.27.1.jar:5.27.1]
	... 12 common frames omitted
Caused by: com.rabbitmq.client.ShutdownSignalException: channel error; protocol method: #method<channel.close>(reply-code=404, reply-text=NOT_FOUND - no queue 'orders.queue' in vhost '/', class-id=50, method-id=10)
	at com.rabbitmq.client.impl.ChannelN.asyncShutdown(ChannelN.java:529) ~[amqp-client-5.27.1.jar:5.27.1]
	at com.rabbitmq.client.impl.ChannelN.processAsync(ChannelN.java:350) ~[amqp-client-5.27.1.jar:5.27.1]
	at com.rabbitmq.client.impl.AMQChannel.handleCompleteInboundCommand(AMQChannel.java:193) ~[amqp-client-5.27.1.jar:5.27.1]
	at com.rabbitmq.client.impl.AMQChannel.handleFrame(AMQChannel.java:125) ~[amqp-client-5.27.1.jar:5.27.1]
	at com.rabbitmq.client.impl.AMQConnection.readFrame(AMQConnection.java:768) ~[amqp-client-5.27.1.jar:5.27.1]
	at com.rabbitmq.client.impl.AMQConnection.access$400(AMQConnection.java:49) ~[amqp-client-5.27.1.jar:5.27.1]
	at com.rabbitmq.client.impl.AMQConnection$MainLoop.run(AMQConnection.java:695) ~[amqp-client-5.27.1.jar:5.27.1]
	... 1 common frames omitted

2026-01-06T11:41:59.217+06:00  WARN [inventory-service,,] 692178 --- [inventory-service] [tContainer#0-20] o.s.a.r.listener.BlockingQueueConsumer   : Failed to declare queue: orders.queue
2026-01-06T11:41:59.218+06:00  WARN [inventory-service,,] 692178 --- [inventory-service] [tContainer#0-20] o.s.a.r.listener.BlockingQueueConsumer   : Queue declaration failed; retries left=2

org.springframework.amqp.rabbit.listener.BlockingQueueConsumer$DeclarationException: Failed to declare queue(s):[orders.queue]
	at org.springframework.amqp.rabbit.listener.BlockingQueueConsumer.attemptPassiveDeclarations(BlockingQueueConsumer.java:779) ~[spring-rabbit-4.0.1.jar:4.0.1]
	at org.springframework.amqp.rabbit.listener.BlockingQueueConsumer.passiveDeclarations(BlockingQueueConsumer.java:655) ~[spring-rabbit-4.0.1.jar:4.0.1]
	at org.springframework.amqp.rabbit.listener.BlockingQueueConsumer.start(BlockingQueueConsumer.java:642) ~[spring-rabbit-4.0.1.jar:4.0.1]
	at org.springframework.amqp.rabbit.listener.SimpleMessageListenerContainer$AsyncMessageProcessingConsumer.initialize(SimpleMessageListenerContainer.java:1524) ~[spring-rabbit-4.0.1.jar:4.0.1]
	at org.springframework.amqp.rabbit.listener.SimpleMessageListenerContainer$AsyncMessageProcessingConsumer.run(SimpleMessageListenerContainer.java:1356) ~[spring-rabbit-4.0.1.jar:4.0.1]
	at java.base/java.lang.Thread.run(Thread.java:1583) ~[na:na]
Caused by: java.io.IOException
	at com.rabbitmq.client.impl.AMQChannel.wrap(AMQChannel.java:140) ~[amqp-client-5.27.1.jar:5.27.1]
	at com.rabbitmq.client.impl.AMQChannel.wrap(AMQChannel.java:136) ~[amqp-client-5.27.1.jar:5.27.1]
	at com.rabbitmq.client.impl.AMQChannel.exnWrappingRpc(AMQChannel.java:158) ~[amqp-client-5.27.1.jar:5.27.1]
	at com.rabbitmq.client.impl.ChannelN.queueDeclarePassive(ChannelN.java:1044) ~[amqp-client-5.27.1.jar:5.27.1]
	at com.rabbitmq.client.impl.ChannelN.queueDeclarePassive(ChannelN.java:48) ~[amqp-client-5.27.1.jar:5.27.1]
	at java.base/jdk.internal.reflect.DirectMethodHandleAccessor.invoke(DirectMethodHandleAccessor.java:103) ~[na:na]
	at java.base/java.lang.reflect.Method.invoke(Method.java:580) ~[na:na]
	at org.springframework.amqp.rabbit.connection.CachingConnectionFactory$CachedChannelInvocationHandler.invoke(CachingConnectionFactory.java:1220) ~[spring-rabbit-4.0.1.jar:4.0.1]
	at jdk.proxy2/jdk.proxy2.$Proxy87.queueDeclarePassive(Unknown Source) ~[na:na]
	at org.springframework.amqp.rabbit.listener.BlockingQueueConsumer.attemptPassiveDeclarations(BlockingQueueConsumer.java:756) ~[spring-rabbit-4.0.1.jar:4.0.1]
	... 5 common frames omitted
Caused by: com.rabbitmq.client.ShutdownSignalException: channel error; protocol method: #method<channel.close>(reply-code=404, reply-text=NOT_FOUND - no queue 'orders.queue' in vhost '/', class-id=50, method-id=10)
	at com.rabbitmq.utility.ValueOrException.getValue(ValueOrException.java:66) ~[amqp-client-5.27.1.jar:5.27.1]
	at com.rabbitmq.utility.BlockingValueOrException.uninterruptibleGetValue(BlockingValueOrException.java:36) ~[amqp-client-5.27.1.jar:5.27.1]
	at com.rabbitmq.client.impl.AMQChannel$BlockingRpcContinuation.getReply(AMQChannel.java:552) ~[amqp-client-5.27.1.jar:5.27.1]
	at com.rabbitmq.client.impl.AMQChannel.privateRpc(AMQChannel.java:316) ~[amqp-client-5.27.1.jar:5.27.1]
	at com.rabbitmq.client.impl.AMQChannel.exnWrappingRpc(AMQChannel.java:152) ~[amqp-client-5.27.1.jar:5.27.1]
	... 12 common frames omitted
Caused by: com.rabbitmq.client.ShutdownSignalException: channel error; protocol method: #method<channel.close>(reply-code=404, reply-text=NOT_FOUND - no queue 'orders.queue' in vhost '/', class-id=50, method-id=10)
	at com.rabbitmq.client.impl.ChannelN.asyncShutdown(ChannelN.java:529) ~[amqp-client-5.27.1.jar:5.27.1]
	at com.rabbitmq.client.impl.ChannelN.processAsync(ChannelN.java:350) ~[amqp-client-5.27.1.jar:5.27.1]
	at com.rabbitmq.client.impl.AMQChannel.handleCompleteInboundCommand(AMQChannel.java:193) ~[amqp-client-5.27.1.jar:5.27.1]
	at com.rabbitmq.client.impl.AMQChannel.handleFrame(AMQChannel.java:125) ~[amqp-client-5.27.1.jar:5.27.1]
	at com.rabbitmq.client.impl.AMQConnection.readFrame(AMQConnection.java:768) ~[amqp-client-5.27.1.jar:5.27.1]
	at com.rabbitmq.client.impl.AMQConnection.access$400(AMQConnection.java:49) ~[amqp-client-5.27.1.jar:5.27.1]
	at com.rabbitmq.client.impl.AMQConnection$MainLoop.run(AMQConnection.java:695) ~[amqp-client-5.27.1.jar:5.27.1]
	... 1 common frames omitted

2026-01-06T11:42:04.225+06:00  WARN [inventory-service,,] 692178 --- [inventory-service] [tContainer#0-20] o.s.a.r.listener.BlockingQueueConsumer   : Failed to declare queue: orders.queue
2026-01-06T11:42:04.225+06:00  WARN [inventory-service,,] 692178 --- [inventory-service] [tContainer#0-20] o.s.a.r.listener.BlockingQueueConsumer   : Queue declaration failed; retries left=1

org.springframework.amqp.rabbit.listener.BlockingQueueConsumer$DeclarationException: Failed to declare queue(s):[orders.queue]
	at org.springframework.amqp.rabbit.listener.BlockingQueueConsumer.attemptPassiveDeclarations(BlockingQueueConsumer.java:779) ~[spring-rabbit-4.0.1.jar:4.0.1]
	at org.springframework.amqp.rabbit.listener.BlockingQueueConsumer.passiveDeclarations(BlockingQueueConsumer.java:655) ~[spring-rabbit-4.0.1.jar:4.0.1]
	at org.springframework.amqp.rabbit.listener.BlockingQueueConsumer.start(BlockingQueueConsumer.java:642) ~[spring-rabbit-4.0.1.jar:4.0.1]
	at org.springframework.amqp.rabbit.listener.SimpleMessageListenerContainer$AsyncMessageProcessingConsumer.initialize(SimpleMessageListenerContainer.java:1524) ~[spring-rabbit-4.0.1.jar:4.0.1]
	at org.springframework.amqp.rabbit.listener.SimpleMessageListenerContainer$AsyncMessageProcessingConsumer.run(SimpleMessageListenerContainer.java:1356) ~[spring-rabbit-4.0.1.jar:4.0.1]
	at java.base/java.lang.Thread.run(Thread.java:1583) ~[na:na]
Caused by: java.io.IOException
	at com.rabbitmq.client.impl.AMQChannel.wrap(AMQChannel.java:140) ~[amqp-client-5.27.1.jar:5.27.1]
	at com.rabbitmq.client.impl.AMQChannel.wrap(AMQChannel.java:136) ~[amqp-client-5.27.1.jar:5.27.1]
	at com.rabbitmq.client.impl.AMQChannel.exnWrappingRpc(AMQChannel.java:158) ~[amqp-client-5.27.1.jar:5.27.1]
	at com.rabbitmq.client.impl.ChannelN.queueDeclarePassive(ChannelN.java:1044) ~[amqp-client-5.27.1.jar:5.27.1]
	at com.rabbitmq.client.impl.ChannelN.queueDeclarePassive(ChannelN.java:48) ~[amqp-client-5.27.1.jar:5.27.1]
	at java.base/jdk.internal.reflect.DirectMethodHandleAccessor.invoke(DirectMethodHandleAccessor.java:103) ~[na:na]
	at java.base/java.lang.reflect.Method.invoke(Method.java:580) ~[na:na]
	at org.springframework.amqp.rabbit.connection.CachingConnectionFactory$CachedChannelInvocationHandler.invoke(CachingConnectionFactory.java:1220) ~[spring-rabbit-4.0.1.jar:4.0.1]
	at jdk.proxy2/jdk.proxy2.$Proxy87.queueDeclarePassive(Unknown Source) ~[na:na]
	at org.springframework.amqp.rabbit.listener.BlockingQueueConsumer.attemptPassiveDeclarations(BlockingQueueConsumer.java:756) ~[spring-rabbit-4.0.1.jar:4.0.1]
	... 5 common frames omitted
Caused by: com.rabbitmq.client.ShutdownSignalException: channel error; protocol method: #method<channel.close>(reply-code=404, reply-text=NOT_FOUND - no queue 'orders.queue' in vhost '/', class-id=50, method-id=10)
	at com.rabbitmq.utility.ValueOrException.getValue(ValueOrException.java:66) ~[amqp-client-5.27.1.jar:5.27.1]
	at com.rabbitmq.utility.BlockingValueOrException.uninterruptibleGetValue(BlockingValueOrException.java:36) ~[amqp-client-5.27.1.jar:5.27.1]
	at com.rabbitmq.client.impl.AMQChannel$BlockingRpcContinuation.getReply(AMQChannel.java:552) ~[amqp-client-5.27.1.jar:5.27.1]
	at com.rabbitmq.client.impl.AMQChannel.privateRpc(AMQChannel.java:316) ~[amqp-client-5.27.1.jar:5.27.1]
	at com.rabbitmq.client.impl.AMQChannel.exnWrappingRpc(AMQChannel.java:152) ~[amqp-client-5.27.1.jar:5.27.1]
	... 12 common frames omitted
Caused by: com.rabbitmq.client.ShutdownSignalException: channel error; protocol method: #method<channel.close>(reply-code=404, reply-text=NOT_FOUND - no queue 'orders.queue' in vhost '/', class-id=50, method-id=10)
	at com.rabbitmq.client.impl.ChannelN.asyncShutdown(ChannelN.java:529) ~[amqp-client-5.27.1.jar:5.27.1]
	at com.rabbitmq.client.impl.ChannelN.processAsync(ChannelN.java:350) ~[amqp-client-5.27.1.jar:5.27.1]
	at com.rabbitmq.client.impl.AMQChannel.handleCompleteInboundCommand(AMQChannel.java:193) ~[amqp-client-5.27.1.jar:5.27.1]
	at com.rabbitmq.client.impl.AMQChannel.handleFrame(AMQChannel.java:125) ~[amqp-client-5.27.1.jar:5.27.1]
	at com.rabbitmq.client.impl.AMQConnection.readFrame(AMQConnection.java:768) ~[amqp-client-5.27.1.jar:5.27.1]
	at com.rabbitmq.client.impl.AMQConnection.access$400(AMQConnection.java:49) ~[amqp-client-5.27.1.jar:5.27.1]
	at com.rabbitmq.client.impl.AMQConnection$MainLoop.run(AMQConnection.java:695) ~[amqp-client-5.27.1.jar:5.27.1]
	... 1 common frames omitted

2026-01-06T11:42:09.231+06:00  WARN [inventory-service,,] 692178 --- [inventory-service] [tContainer#0-20] o.s.a.r.listener.BlockingQueueConsumer   : Failed to declare queue: orders.queue
2026-01-06T11:42:14.237+06:00 ERROR [inventory-service,,] 692178 --- [inventory-service] [tContainer#0-20] o.s.a.r.l.SimpleMessageListenerContainer : Consumer threw missing queues exception, fatal=false

org.springframework.amqp.rabbit.listener.QueuesNotAvailableException: Cannot prepare queue for listener. Either the queue doesn't exist or the broker will not allow us to use it.
	at org.springframework.amqp.rabbit.listener.BlockingQueueConsumer.handleDeclarationException(BlockingQueueConsumer.java:728) ~[spring-rabbit-4.0.1.jar:4.0.1]
	at org.springframework.amqp.rabbit.listener.BlockingQueueConsumer.passiveDeclarations(BlockingQueueConsumer.java:662) ~[spring-rabbit-4.0.1.jar:4.0.1]
	at org.springframework.amqp.rabbit.listener.BlockingQueueConsumer.start(BlockingQueueConsumer.java:642) ~[spring-rabbit-4.0.1.jar:4.0.1]
	at org.springframework.amqp.rabbit.listener.SimpleMessageListenerContainer$AsyncMessageProcessingConsumer.initialize(SimpleMessageListenerContainer.java:1524) ~[spring-rabbit-4.0.1.jar:4.0.1]
	at org.springframework.amqp.rabbit.listener.SimpleMessageListenerContainer$AsyncMessageProcessingConsumer.run(SimpleMessageListenerContainer.java:1356) ~[spring-rabbit-4.0.1.jar:4.0.1]
	at java.base/java.lang.Thread.run(Thread.java:1583) ~[na:na]
Caused by: org.springframework.amqp.rabbit.listener.BlockingQueueConsumer$DeclarationException: Failed to declare queue(s):[orders.queue]
	at org.springframework.amqp.rabbit.listener.BlockingQueueConsumer.attemptPassiveDeclarations(BlockingQueueConsumer.java:779) ~[spring-rabbit-4.0.1.jar:4.0.1]
	at org.springframework.amqp.rabbit.listener.BlockingQueueConsumer.passiveDeclarations(BlockingQueueConsumer.java:655) ~[spring-rabbit-4.0.1.jar:4.0.1]
	... 4 common frames omitted
Caused by: java.io.IOException
	at com.rabbitmq.client.impl.AMQChannel.wrap(AMQChannel.java:140) ~[amqp-client-5.27.1.jar:5.27.1]
	at com.rabbitmq.client.impl.AMQChannel.wrap(AMQChannel.java:136) ~[amqp-client-5.27.1.jar:5.27.1]
	at com.rabbitmq.client.impl.AMQChannel.exnWrappingRpc(AMQChannel.java:158) ~[amqp-client-5.27.1.jar:5.27.1]
	at com.rabbitmq.client.impl.ChannelN.queueDeclarePassive(ChannelN.java:1044) ~[amqp-client-5.27.1.jar:5.27.1]
	at com.rabbitmq.client.impl.ChannelN.queueDeclarePassive(ChannelN.java:48) ~[amqp-client-5.27.1.jar:5.27.1]
	at java.base/jdk.internal.reflect.DirectMethodHandleAccessor.invoke(DirectMethodHandleAccessor.java:103) ~[na:na]
	at java.base/java.lang.reflect.Method.invoke(Method.java:580) ~[na:na]
	at org.springframework.amqp.rabbit.connection.CachingConnectionFactory$CachedChannelInvocationHandler.invoke(CachingConnectionFactory.java:1220) ~[spring-rabbit-4.0.1.jar:4.0.1]
	at jdk.proxy2/jdk.proxy2.$Proxy87.queueDeclarePassive(Unknown Source) ~[na:na]
	at org.springframework.amqp.rabbit.listener.BlockingQueueConsumer.attemptPassiveDeclarations(BlockingQueueConsumer.java:756) ~[spring-rabbit-4.0.1.jar:4.0.1]
	... 5 common frames omitted
Caused by: com.rabbitmq.client.ShutdownSignalException: channel error; protocol method: #method<channel.close>(reply-code=404, reply-text=NOT_FOUND - no queue 'orders.queue' in vhost '/', class-id=50, method-id=10)
	at com.rabbitmq.utility.ValueOrException.getValue(ValueOrException.java:66) ~[amqp-client-5.27.1.jar:5.27.1]
	at com.rabbitmq.utility.BlockingValueOrException.uninterruptibleGetValue(BlockingValueOrException.java:36) ~[amqp-client-5.27.1.jar:5.27.1]
	at com.rabbitmq.client.impl.AMQChannel$BlockingRpcContinuation.getReply(AMQChannel.java:552) ~[amqp-client-5.27.1.jar:5.27.1]
	at com.rabbitmq.client.impl.AMQChannel.privateRpc(AMQChannel.java:316) ~[amqp-client-5.27.1.jar:5.27.1]
	at com.rabbitmq.client.impl.AMQChannel.exnWrappingRpc(AMQChannel.java:152) ~[amqp-client-5.27.1.jar:5.27.1]
	... 12 common frames omitted
Caused by: com.rabbitmq.client.ShutdownSignalException: channel error; protocol method: #method<channel.close>(reply-code=404, reply-text=NOT_FOUND - no queue 'orders.queue' in vhost '/', class-id=50, method-id=10)
	at com.rabbitmq.client.impl.ChannelN.asyncShutdown(ChannelN.java:529) ~[amqp-client-5.27.1.jar:5.27.1]
	at com.rabbitmq.client.impl.ChannelN.processAsync(ChannelN.java:350) ~[amqp-client-5.27.1.jar:5.27.1]
	at com.rabbitmq.client.impl.AMQChannel.handleCompleteInboundCommand(AMQChannel.java:193) ~[amqp-client-5.27.1.jar:5.27.1]
	at com.rabbitmq.client.impl.AMQChannel.handleFrame(AMQChannel.java:125) ~[amqp-client-5.27.1.jar:5.27.1]
	at com.rabbitmq.client.impl.AMQConnection.readFrame(AMQConnection.java:768) ~[amqp-client-5.27.1.jar:5.27.1]
	at com.rabbitmq.client.impl.AMQConnection.access$400(AMQConnection.java:49) ~[amqp-client-5.27.1.jar:5.27.1]
	at com.rabbitmq.client.impl.AMQConnection$MainLoop.run(AMQConnection.java:695) ~[amqp-client-5.27.1.jar:5.27.1]
	... 1 common frames omitted

2026-01-06T11:42:14.239+06:00  INFO [inventory-service,,] 692178 --- [inventory-service] [tContainer#0-20] o.s.a.r.l.SimpleMessageListenerContainer : Restarting Consumer@52874d46: tags=[[]], channel=Cached Rabbit Channel: AMQChannel(amqp://guest@127.0.0.1:5672/,1), conn: Proxy@7a814310 Shared Rabbit Connection: SimpleConnection@6bb4cc0e [delegate=amqp://guest@127.0.0.1:5672/, localPort=51158], acknowledgeMode=AUTO local queue size=0
2026-01-06T11:42:14.248+06:00  WARN [inventory-service,,] 692178 --- [inventory-service] [tContainer#0-21] o.s.a.r.listener.BlockingQueueConsumer   : Failed to declare queue: orders.queue
2026-01-06T11:42:14.248+06:00  WARN [inventory-service,,] 692178 --- [inventory-service] [tContainer#0-21] o.s.a.r.listener.BlockingQueueConsumer   : Queue declaration failed; retries left=3

org.springframework.amqp.rabbit.listener.BlockingQueueConsumer$DeclarationException: Failed to declare queue(s):[orders.queue]
	at org.springframework.amqp.rabbit.listener.BlockingQueueConsumer.attemptPassiveDeclarations(BlockingQueueConsumer.java:779) ~[spring-rabbit-4.0.1.jar:4.0.1]
	at org.springframework.amqp.rabbit.listener.BlockingQueueConsumer.passiveDeclarations(BlockingQueueConsumer.java:655) ~[spring-rabbit-4.0.1.jar:4.0.1]
	at org.springframework.amqp.rabbit.listener.BlockingQueueConsumer.start(BlockingQueueConsumer.java:642) ~[spring-rabbit-4.0.1.jar:4.0.1]
	at org.springframework.amqp.rabbit.listener.SimpleMessageListenerContainer$AsyncMessageProcessingConsumer.initialize(SimpleMessageListenerContainer.java:1524) ~[spring-rabbit-4.0.1.jar:4.0.1]
	at org.springframework.amqp.rabbit.listener.SimpleMessageListenerContainer$AsyncMessageProcessingConsumer.run(SimpleMessageListenerContainer.java:1356) ~[spring-rabbit-4.0.1.jar:4.0.1]
	at java.base/java.lang.Thread.run(Thread.java:1583) ~[na:na]
Caused by: java.io.IOException
	at com.rabbitmq.client.impl.AMQChannel.wrap(AMQChannel.java:140) ~[amqp-client-5.27.1.jar:5.27.1]
	at com.rabbitmq.client.impl.AMQChannel.wrap(AMQChannel.java:136) ~[amqp-client-5.27.1.jar:5.27.1]
	at com.rabbitmq.client.impl.AMQChannel.exnWrappingRpc(AMQChannel.java:158) ~[amqp-client-5.27.1.jar:5.27.1]
	at com.rabbitmq.client.impl.ChannelN.queueDeclarePassive(ChannelN.java:1044) ~[amqp-client-5.27.1.jar:5.27.1]
	at com.rabbitmq.client.impl.ChannelN.queueDeclarePassive(ChannelN.java:48) ~[amqp-client-5.27.1.jar:5.27.1]
	at java.base/jdk.internal.reflect.DirectMethodHandleAccessor.invoke(DirectMethodHandleAccessor.java:103) ~[na:na]
	at java.base/java.lang.reflect.Method.invoke(Method.java:580) ~[na:na]
	at org.springframework.amqp.rabbit.connection.CachingConnectionFactory$CachedChannelInvocationHandler.invoke(CachingConnectionFactory.java:1220) ~[spring-rabbit-4.0.1.jar:4.0.1]
	at jdk.proxy2/jdk.proxy2.$Proxy87.queueDeclarePassive(Unknown Source) ~[na:na]
	at org.springframework.amqp.rabbit.listener.BlockingQueueConsumer.attemptPassiveDeclarations(BlockingQueueConsumer.java:756) ~[spring-rabbit-4.0.1.jar:4.0.1]
	... 5 common frames omitted
Caused by: com.rabbitmq.client.ShutdownSignalException: channel error; protocol method: #method<channel.close>(reply-code=404, reply-text=NOT_FOUND - no queue 'orders.queue' in vhost '/', class-id=50, method-id=10)
	at com.rabbitmq.utility.ValueOrException.getValue(ValueOrException.java:66) ~[amqp-client-5.27.1.jar:5.27.1]
	at com.rabbitmq.utility.BlockingValueOrException.uninterruptibleGetValue(BlockingValueOrException.java:36) ~[amqp-client-5.27.1.jar:5.27.1]
	at com.rabbitmq.client.impl.AMQChannel$BlockingRpcContinuation.getReply(AMQChannel.java:552) ~[amqp-client-5.27.1.jar:5.27.1]
	at com.rabbitmq.client.impl.AMQChannel.privateRpc(AMQChannel.java:316) ~[amqp-client-5.27.1.jar:5.27.1]
	at com.rabbitmq.client.impl.AMQChannel.exnWrappingRpc(AMQChannel.java:152) ~[amqp-client-5.27.1.jar:5.27.1]
	... 12 common frames omitted
Caused by: com.rabbitmq.client.ShutdownSignalException: channel error; protocol method: #method<channel.close>(reply-code=404, reply-text=NOT_FOUND - no queue 'orders.queue' in vhost '/', class-id=50, method-id=10)
	at com.rabbitmq.client.impl.ChannelN.asyncShutdown(ChannelN.java:529) ~[amqp-client-5.27.1.jar:5.27.1]
	at com.rabbitmq.client.impl.ChannelN.processAsync(ChannelN.java:350) ~[amqp-client-5.27.1.jar:5.27.1]
	at com.rabbitmq.client.impl.AMQChannel.handleCompleteInboundCommand(AMQChannel.java:193) ~[amqp-client-5.27.1.jar:5.27.1]
	at com.rabbitmq.client.impl.AMQChannel.handleFrame(AMQChannel.java:125) ~[amqp-client-5.27.1.jar:5.27.1]
	at com.rabbitmq.client.impl.AMQConnection.readFrame(AMQConnection.java:768) ~[amqp-client-5.27.1.jar:5.27.1]
	at com.rabbitmq.client.impl.AMQConnection.access$400(AMQConnection.java:49) ~[amqp-client-5.27.1.jar:5.27.1]
	at com.rabbitmq.client.impl.AMQConnection$MainLoop.run(AMQConnection.java:695) ~[amqp-client-5.27.1.jar:5.27.1]
	... 1 common frames omitted

2026-01-06T11:42:19.255+06:00  WARN [inventory-service,,] 692178 --- [inventory-service] [tContainer#0-21] o.s.a.r.listener.BlockingQueueConsumer   : Failed to declare queue: orders.queue
2026-01-06T11:42:19.256+06:00  WARN [inventory-service,,] 692178 --- [inventory-service] [tContainer#0-21] o.s.a.r.listener.BlockingQueueConsumer   : Queue declaration failed; retries left=2

org.springframework.amqp.rabbit.listener.BlockingQueueConsumer$DeclarationException: Failed to declare queue(s):[orders.queue]
	at org.springframework.amqp.rabbit.listener.BlockingQueueConsumer.attemptPassiveDeclarations(BlockingQueueConsumer.java:779) ~[spring-rabbit-4.0.1.jar:4.0.1]
	at org.springframework.amqp.rabbit.listener.BlockingQueueConsumer.passiveDeclarations(BlockingQueueConsumer.java:655) ~[spring-rabbit-4.0.1.jar:4.0.1]
	at org.springframework.amqp.rabbit.listener.BlockingQueueConsumer.start(BlockingQueueConsumer.java:642) ~[spring-rabbit-4.0.1.jar:4.0.1]
	at org.springframework.amqp.rabbit.listener.SimpleMessageListenerContainer$AsyncMessageProcessingConsumer.initialize(SimpleMessageListenerContainer.java:1524) ~[spring-rabbit-4.0.1.jar:4.0.1]
	at org.springframework.amqp.rabbit.listener.SimpleMessageListenerContainer$AsyncMessageProcessingConsumer.run(SimpleMessageListenerContainer.java:1356) ~[spring-rabbit-4.0.1.jar:4.0.1]
	at java.base/java.lang.Thread.run(Thread.java:1583) ~[na:na]
Caused by: java.io.IOException
	at com.rabbitmq.client.impl.AMQChannel.wrap(AMQChannel.java:140) ~[amqp-client-5.27.1.jar:5.27.1]
	at com.rabbitmq.client.impl.AMQChannel.wrap(AMQChannel.java:136) ~[amqp-client-5.27.1.jar:5.27.1]
	at com.rabbitmq.client.impl.AMQChannel.exnWrappingRpc(AMQChannel.java:158) ~[amqp-client-5.27.1.jar:5.27.1]
	at com.rabbitmq.client.impl.ChannelN.queueDeclarePassive(ChannelN.java:1044) ~[amqp-client-5.27.1.jar:5.27.1]
	at com.rabbitmq.client.impl.ChannelN.queueDeclarePassive(ChannelN.java:48) ~[amqp-client-5.27.1.jar:5.27.1]
	at java.base/jdk.internal.reflect.DirectMethodHandleAccessor.invoke(DirectMethodHandleAccessor.java:103) ~[na:na]
	at java.base/java.lang.reflect.Method.invoke(Method.java:580) ~[na:na]
	at org.springframework.amqp.rabbit.connection.CachingConnectionFactory$CachedChannelInvocationHandler.invoke(CachingConnectionFactory.java:1220) ~[spring-rabbit-4.0.1.jar:4.0.1]
	at jdk.proxy2/jdk.proxy2.$Proxy87.queueDeclarePassive(Unknown Source) ~[na:na]
	at org.springframework.amqp.rabbit.listener.BlockingQueueConsumer.attemptPassiveDeclarations(BlockingQueueConsumer.java:756) ~[spring-rabbit-4.0.1.jar:4.0.1]
	... 5 common frames omitted
Caused by: com.rabbitmq.client.ShutdownSignalException: channel error; protocol method: #method<channel.close>(reply-code=404, reply-text=NOT_FOUND - no queue 'orders.queue' in vhost '/', class-id=50, method-id=10)
	at com.rabbitmq.utility.ValueOrException.getValue(ValueOrException.java:66) ~[amqp-client-5.27.1.jar:5.27.1]
	at com.rabbitmq.utility.BlockingValueOrException.uninterruptibleGetValue(BlockingValueOrException.java:36) ~[amqp-client-5.27.1.jar:5.27.1]
	at com.rabbitmq.client.impl.AMQChannel$BlockingRpcContinuation.getReply(AMQChannel.java:552) ~[amqp-client-5.27.1.jar:5.27.1]
	at com.rabbitmq.client.impl.AMQChannel.privateRpc(AMQChannel.java:316) ~[amqp-client-5.27.1.jar:5.27.1]
	at com.rabbitmq.client.impl.AMQChannel.exnWrappingRpc(AMQChannel.java:152) ~[amqp-client-5.27.1.jar:5.27.1]
	... 12 common frames omitted
Caused by: com.rabbitmq.client.ShutdownSignalException: channel error; protocol method: #method<channel.close>(reply-code=404, reply-text=NOT_FOUND - no queue 'orders.queue' in vhost '/', class-id=50, method-id=10)
	at com.rabbitmq.client.impl.ChannelN.asyncShutdown(ChannelN.java:529) ~[amqp-client-5.27.1.jar:5.27.1]
	at com.rabbitmq.client.impl.ChannelN.processAsync(ChannelN.java:350) ~[amqp-client-5.27.1.jar:5.27.1]
	at com.rabbitmq.client.impl.AMQChannel.handleCompleteInboundCommand(AMQChannel.java:193) ~[amqp-client-5.27.1.jar:5.27.1]
	at com.rabbitmq.client.impl.AMQChannel.handleFrame(AMQChannel.java:125) ~[amqp-client-5.27.1.jar:5.27.1]
	at com.rabbitmq.client.impl.AMQConnection.readFrame(AMQConnection.java:768) ~[amqp-client-5.27.1.jar:5.27.1]
	at com.rabbitmq.client.impl.AMQConnection.access$400(AMQConnection.java:49) ~[amqp-client-5.27.1.jar:5.27.1]
	at com.rabbitmq.client.impl.AMQConnection$MainLoop.run(AMQConnection.java:695) ~[amqp-client-5.27.1.jar:5.27.1]
	... 1 common frames omitted

2026-01-06T11:42:24.262+06:00  WARN [inventory-service,,] 692178 --- [inventory-service] [tContainer#0-21] o.s.a.r.listener.BlockingQueueConsumer   : Failed to declare queue: orders.queue
2026-01-06T11:42:24.262+06:00  WARN [inventory-service,,] 692178 --- [inventory-service] [tContainer#0-21] o.s.a.r.listener.BlockingQueueConsumer   : Queue declaration failed; retries left=1

org.springframework.amqp.rabbit.listener.BlockingQueueConsumer$DeclarationException: Failed to declare queue(s):[orders.queue]
	at org.springframework.amqp.rabbit.listener.BlockingQueueConsumer.attemptPassiveDeclarations(BlockingQueueConsumer.java:779) ~[spring-rabbit-4.0.1.jar:4.0.1]
	at org.springframework.amqp.rabbit.listener.BlockingQueueConsumer.passiveDeclarations(BlockingQueueConsumer.java:655) ~[spring-rabbit-4.0.1.jar:4.0.1]
	at org.springframework.amqp.rabbit.listener.BlockingQueueConsumer.start(BlockingQueueConsumer.java:642) ~[spring-rabbit-4.0.1.jar:4.0.1]
	at org.springframework.amqp.rabbit.listener.SimpleMessageListenerContainer$AsyncMessageProcessingConsumer.initialize(SimpleMessageListenerContainer.java:1524) ~[spring-rabbit-4.0.1.jar:4.0.1]
	at org.springframework.amqp.rabbit.listener.SimpleMessageListenerContainer$AsyncMessageProcessingConsumer.run(SimpleMessageListenerContainer.java:1356) ~[spring-rabbit-4.0.1.jar:4.0.1]
	at java.base/java.lang.Thread.run(Thread.java:1583) ~[na:na]
Caused by: java.io.IOException
	at com.rabbitmq.client.impl.AMQChannel.wrap(AMQChannel.java:140) ~[amqp-client-5.27.1.jar:5.27.1]
	at com.rabbitmq.client.impl.AMQChannel.wrap(AMQChannel.java:136) ~[amqp-client-5.27.1.jar:5.27.1]
	at com.rabbitmq.client.impl.AMQChannel.exnWrappingRpc(AMQChannel.java:158) ~[amqp-client-5.27.1.jar:5.27.1]
	at com.rabbitmq.client.impl.ChannelN.queueDeclarePassive(ChannelN.java:1044) ~[amqp-client-5.27.1.jar:5.27.1]
	at com.rabbitmq.client.impl.ChannelN.queueDeclarePassive(ChannelN.java:48) ~[amqp-client-5.27.1.jar:5.27.1]
	at java.base/jdk.internal.reflect.DirectMethodHandleAccessor.invoke(DirectMethodHandleAccessor.java:103) ~[na:na]
	at java.base/java.lang.reflect.Method.invoke(Method.java:580) ~[na:na]
	at org.springframework.amqp.rabbit.connection.CachingConnectionFactory$CachedChannelInvocationHandler.invoke(CachingConnectionFactory.java:1220) ~[spring-rabbit-4.0.1.jar:4.0.1]
	at jdk.proxy2/jdk.proxy2.$Proxy87.queueDeclarePassive(Unknown Source) ~[na:na]
	at org.springframework.amqp.rabbit.listener.BlockingQueueConsumer.attemptPassiveDeclarations(BlockingQueueConsumer.java:756) ~[spring-rabbit-4.0.1.jar:4.0.1]
	... 5 common frames omitted
Caused by: com.rabbitmq.client.ShutdownSignalException: channel error; protocol method: #method<channel.close>(reply-code=404, reply-text=NOT_FOUND - no queue 'orders.queue' in vhost '/', class-id=50, method-id=10)
	at com.rabbitmq.utility.ValueOrException.getValue(ValueOrException.java:66) ~[amqp-client-5.27.1.jar:5.27.1]
	at com.rabbitmq.utility.BlockingValueOrException.uninterruptibleGetValue(BlockingValueOrException.java:36) ~[amqp-client-5.27.1.jar:5.27.1]
	at com.rabbitmq.client.impl.AMQChannel$BlockingRpcContinuation.getReply(AMQChannel.java:552) ~[amqp-client-5.27.1.jar:5.27.1]
	at com.rabbitmq.client.impl.AMQChannel.privateRpc(AMQChannel.java:316) ~[amqp-client-5.27.1.jar:5.27.1]
	at com.rabbitmq.client.impl.AMQChannel.exnWrappingRpc(AMQChannel.java:152) ~[amqp-client-5.27.1.jar:5.27.1]
	... 12 common frames omitted
Caused by: com.rabbitmq.client.ShutdownSignalException: channel error; protocol method: #method<channel.close>(reply-code=404, reply-text=NOT_FOUND - no queue 'orders.queue' in vhost '/', class-id=50, method-id=10)
	at com.rabbitmq.client.impl.ChannelN.asyncShutdown(ChannelN.java:529) ~[amqp-client-5.27.1.jar:5.27.1]
	at com.rabbitmq.client.impl.ChannelN.processAsync(ChannelN.java:350) ~[amqp-client-5.27.1.jar:5.27.1]
	at com.rabbitmq.client.impl.AMQChannel.handleCompleteInboundCommand(AMQChannel.java:193) ~[amqp-client-5.27.1.jar:5.27.1]
	at com.rabbitmq.client.impl.AMQChannel.handleFrame(AMQChannel.java:125) ~[amqp-client-5.27.1.jar:5.27.1]
	at com.rabbitmq.client.impl.AMQConnection.readFrame(AMQConnection.java:768) ~[amqp-client-5.27.1.jar:5.27.1]
	at com.rabbitmq.client.impl.AMQConnection.access$400(AMQConnection.java:49) ~[amqp-client-5.27.1.jar:5.27.1]
	at com.rabbitmq.client.impl.AMQConnection$MainLoop.run(AMQConnection.java:695) ~[amqp-client-5.27.1.jar:5.27.1]
	... 1 common frames omitted

2026-01-06T11:42:29.266+06:00  WARN [inventory-service,,] 692178 --- [inventory-service] [tContainer#0-21] o.s.a.r.listener.BlockingQueueConsumer   : Failed to declare queue: orders.queue
2026-01-06T11:42:34.273+06:00 ERROR [inventory-service,,] 692178 --- [inventory-service] [tContainer#0-21] o.s.a.r.l.SimpleMessageListenerContainer : Consumer threw missing queues exception, fatal=false

org.springframework.amqp.rabbit.listener.QueuesNotAvailableException: Cannot prepare queue for listener. Either the queue doesn't exist or the broker will not allow us to use it.
	at org.springframework.amqp.rabbit.listener.BlockingQueueConsumer.handleDeclarationException(BlockingQueueConsumer.java:728) ~[spring-rabbit-4.0.1.jar:4.0.1]
	at org.springframework.amqp.rabbit.listener.BlockingQueueConsumer.passiveDeclarations(BlockingQueueConsumer.java:662) ~[spring-rabbit-4.0.1.jar:4.0.1]
	at org.springframework.amqp.rabbit.listener.BlockingQueueConsumer.start(BlockingQueueConsumer.java:642) ~[spring-rabbit-4.0.1.jar:4.0.1]
	at org.springframework.amqp.rabbit.listener.SimpleMessageListenerContainer$AsyncMessageProcessingConsumer.initialize(SimpleMessageListenerContainer.java:1524) ~[spring-rabbit-4.0.1.jar:4.0.1]
	at org.springframework.amqp.rabbit.listener.SimpleMessageListenerContainer$AsyncMessageProcessingConsumer.run(SimpleMessageListenerContainer.java:1356) ~[spring-rabbit-4.0.1.jar:4.0.1]
	at java.base/java.lang.Thread.run(Thread.java:1583) ~[na:na]
Caused by: org.springframework.amqp.rabbit.listener.BlockingQueueConsumer$DeclarationException: Failed to declare queue(s):[orders.queue]
	at org.springframework.amqp.rabbit.listener.BlockingQueueConsumer.attemptPassiveDeclarations(BlockingQueueConsumer.java:779) ~[spring-rabbit-4.0.1.jar:4.0.1]
	at org.springframework.amqp.rabbit.listener.BlockingQueueConsumer.passiveDeclarations(BlockingQueueConsumer.java:655) ~[spring-rabbit-4.0.1.jar:4.0.1]
	... 4 common frames omitted
Caused by: java.io.IOException
	at com.rabbitmq.client.impl.AMQChannel.wrap(AMQChannel.java:140) ~[amqp-client-5.27.1.jar:5.27.1]
	at com.rabbitmq.client.impl.AMQChannel.wrap(AMQChannel.java:136) ~[amqp-client-5.27.1.jar:5.27.1]
	at com.rabbitmq.client.impl.AMQChannel.exnWrappingRpc(AMQChannel.java:158) ~[amqp-client-5.27.1.jar:5.27.1]
	at com.rabbitmq.client.impl.ChannelN.queueDeclarePassive(ChannelN.java:1044) ~[amqp-client-5.27.1.jar:5.27.1]
	at com.rabbitmq.client.impl.ChannelN.queueDeclarePassive(ChannelN.java:48) ~[amqp-client-5.27.1.jar:5.27.1]
	at java.base/jdk.internal.reflect.DirectMethodHandleAccessor.invoke(DirectMethodHandleAccessor.java:103) ~[na:na]
	at java.base/java.lang.reflect.Method.invoke(Method.java:580) ~[na:na]
	at org.springframework.amqp.rabbit.connection.CachingConnectionFactory$CachedChannelInvocationHandler.invoke(CachingConnectionFactory.java:1220) ~[spring-rabbit-4.0.1.jar:4.0.1]
	at jdk.proxy2/jdk.proxy2.$Proxy87.queueDeclarePassive(Unknown Source) ~[na:na]
	at org.springframework.amqp.rabbit.listener.BlockingQueueConsumer.attemptPassiveDeclarations(BlockingQueueConsumer.java:756) ~[spring-rabbit-4.0.1.jar:4.0.1]
	... 5 common frames omitted
Caused by: com.rabbitmq.client.ShutdownSignalException: channel error; protocol method: #method<channel.close>(reply-code=404, reply-text=NOT_FOUND - no queue 'orders.queue' in vhost '/', class-id=50, method-id=10)
	at com.rabbitmq.utility.ValueOrException.getValue(ValueOrException.java:66) ~[amqp-client-5.27.1.jar:5.27.1]
	at com.rabbitmq.utility.BlockingValueOrException.uninterruptibleGetValue(BlockingValueOrException.java:36) ~[amqp-client-5.27.1.jar:5.27.1]
	at com.rabbitmq.client.impl.AMQChannel$BlockingRpcContinuation.getReply(AMQChannel.java:552) ~[amqp-client-5.27.1.jar:5.27.1]
	at com.rabbitmq.client.impl.AMQChannel.privateRpc(AMQChannel.java:316) ~[amqp-client-5.27.1.jar:5.27.1]
	at com.rabbitmq.client.impl.AMQChannel.exnWrappingRpc(AMQChannel.java:152) ~[amqp-client-5.27.1.jar:5.27.1]
	... 12 common frames omitted
Caused by: com.rabbitmq.client.ShutdownSignalException: channel error; protocol method: #method<channel.close>(reply-code=404, reply-text=NOT_FOUND - no queue 'orders.queue' in vhost '/', class-id=50, method-id=10)
	at com.rabbitmq.client.impl.ChannelN.asyncShutdown(ChannelN.java:529) ~[amqp-client-5.27.1.jar:5.27.1]
	at com.rabbitmq.client.impl.ChannelN.processAsync(ChannelN.java:350) ~[amqp-client-5.27.1.jar:5.27.1]
	at com.rabbitmq.client.impl.AMQChannel.handleCompleteInboundCommand(AMQChannel.java:193) ~[amqp-client-5.27.1.jar:5.27.1]
	at com.rabbitmq.client.impl.AMQChannel.handleFrame(AMQChannel.java:125) ~[amqp-client-5.27.1.jar:5.27.1]
	at com.rabbitmq.client.impl.AMQConnection.readFrame(AMQConnection.java:768) ~[amqp-client-5.27.1.jar:5.27.1]
	at com.rabbitmq.client.impl.AMQConnection.access$400(AMQConnection.java:49) ~[amqp-client-5.27.1.jar:5.27.1]
	at com.rabbitmq.client.impl.AMQConnection$MainLoop.run(AMQConnection.java:695) ~[amqp-client-5.27.1.jar:5.27.1]
	... 1 common frames omitted

2026-01-06T11:42:34.275+06:00  INFO [inventory-service,,] 692178 --- [inventory-service] [tContainer#0-21] o.s.a.r.l.SimpleMessageListenerContainer : Restarting Consumer@648eb999: tags=[[]], channel=Cached Rabbit Channel: AMQChannel(amqp://guest@127.0.0.1:5672/,1), conn: Proxy@7a814310 Shared Rabbit Connection: SimpleConnection@6bb4cc0e [delegate=amqp://guest@127.0.0.1:5672/, localPort=51158], acknowledgeMode=AUTO local queue size=0
2026-01-06T11:42:34.284+06:00  WARN [inventory-service,,] 692178 --- [inventory-service] [tContainer#0-22] o.s.a.r.listener.BlockingQueueConsumer   : Failed to declare queue: orders.queue
2026-01-06T11:42:34.284+06:00  WARN [inventory-service,,] 692178 --- [inventory-service] [tContainer#0-22] o.s.a.r.listener.BlockingQueueConsumer   : Queue declaration failed; retries left=3

org.springframework.amqp.rabbit.listener.BlockingQueueConsumer$DeclarationException: Failed to declare queue(s):[orders.queue]
	at org.springframework.amqp.rabbit.listener.BlockingQueueConsumer.attemptPassiveDeclarations(BlockingQueueConsumer.java:779) ~[spring-rabbit-4.0.1.jar:4.0.1]
	at org.springframework.amqp.rabbit.listener.BlockingQueueConsumer.passiveDeclarations(BlockingQueueConsumer.java:655) ~[spring-rabbit-4.0.1.jar:4.0.1]
	at org.springframework.amqp.rabbit.listener.BlockingQueueConsumer.start(BlockingQueueConsumer.java:642) ~[spring-rabbit-4.0.1.jar:4.0.1]
	at org.springframework.amqp.rabbit.listener.SimpleMessageListenerContainer$AsyncMessageProcessingConsumer.initialize(SimpleMessageListenerContainer.java:1524) ~[spring-rabbit-4.0.1.jar:4.0.1]
	at org.springframework.amqp.rabbit.listener.SimpleMessageListenerContainer$AsyncMessageProcessingConsumer.run(SimpleMessageListenerContainer.java:1356) ~[spring-rabbit-4.0.1.jar:4.0.1]
	at java.base/java.lang.Thread.run(Thread.java:1583) ~[na:na]
Caused by: java.io.IOException
	at com.rabbitmq.client.impl.AMQChannel.wrap(AMQChannel.java:140) ~[amqp-client-5.27.1.jar:5.27.1]
	at com.rabbitmq.client.impl.AMQChannel.wrap(AMQChannel.java:136) ~[amqp-client-5.27.1.jar:5.27.1]
	at com.rabbitmq.client.impl.AMQChannel.exnWrappingRpc(AMQChannel.java:158) ~[amqp-client-5.27.1.jar:5.27.1]
	at com.rabbitmq.client.impl.ChannelN.queueDeclarePassive(ChannelN.java:1044) ~[amqp-client-5.27.1.jar:5.27.1]
	at com.rabbitmq.client.impl.ChannelN.queueDeclarePassive(ChannelN.java:48) ~[amqp-client-5.27.1.jar:5.27.1]
	at java.base/jdk.internal.reflect.DirectMethodHandleAccessor.invoke(DirectMethodHandleAccessor.java:103) ~[na:na]
	at java.base/java.lang.reflect.Method.invoke(Method.java:580) ~[na:na]
	at org.springframework.amqp.rabbit.connection.CachingConnectionFactory$CachedChannelInvocationHandler.invoke(CachingConnectionFactory.java:1220) ~[spring-rabbit-4.0.1.jar:4.0.1]
	at jdk.proxy2/jdk.proxy2.$Proxy87.queueDeclarePassive(Unknown Source) ~[na:na]
	at org.springframework.amqp.rabbit.listener.BlockingQueueConsumer.attemptPassiveDeclarations(BlockingQueueConsumer.java:756) ~[spring-rabbit-4.0.1.jar:4.0.1]
	... 5 common frames omitted
Caused by: com.rabbitmq.client.ShutdownSignalException: channel error; protocol method: #method<channel.close>(reply-code=404, reply-text=NOT_FOUND - no queue 'orders.queue' in vhost '/', class-id=50, method-id=10)
	at com.rabbitmq.utility.ValueOrException.getValue(ValueOrException.java:66) ~[amqp-client-5.27.1.jar:5.27.1]
	at com.rabbitmq.utility.BlockingValueOrException.uninterruptibleGetValue(BlockingValueOrException.java:36) ~[amqp-client-5.27.1.jar:5.27.1]
	at com.rabbitmq.client.impl.AMQChannel$BlockingRpcContinuation.getReply(AMQChannel.java:552) ~[amqp-client-5.27.1.jar:5.27.1]
	at com.rabbitmq.client.impl.AMQChannel.privateRpc(AMQChannel.java:316) ~[amqp-client-5.27.1.jar:5.27.1]
	at com.rabbitmq.client.impl.AMQChannel.exnWrappingRpc(AMQChannel.java:152) ~[amqp-client-5.27.1.jar:5.27.1]
	... 12 common frames omitted
Caused by: com.rabbitmq.client.ShutdownSignalException: channel error; protocol method: #method<channel.close>(reply-code=404, reply-text=NOT_FOUND - no queue 'orders.queue' in vhost '/', class-id=50, method-id=10)
	at com.rabbitmq.client.impl.ChannelN.asyncShutdown(ChannelN.java:529) ~[amqp-client-5.27.1.jar:5.27.1]
	at com.rabbitmq.client.impl.ChannelN.processAsync(ChannelN.java:350) ~[amqp-client-5.27.1.jar:5.27.1]
	at com.rabbitmq.client.impl.AMQChannel.handleCompleteInboundCommand(AMQChannel.java:193) ~[amqp-client-5.27.1.jar:5.27.1]
	at com.rabbitmq.client.impl.AMQChannel.handleFrame(AMQChannel.java:125) ~[amqp-client-5.27.1.jar:5.27.1]
	at com.rabbitmq.client.impl.AMQConnection.readFrame(AMQConnection.java:768) ~[amqp-client-5.27.1.jar:5.27.1]
	at com.rabbitmq.client.impl.AMQConnection.access$400(AMQConnection.java:49) ~[amqp-client-5.27.1.jar:5.27.1]
	at com.rabbitmq.client.impl.AMQConnection$MainLoop.run(AMQConnection.java:695) ~[amqp-client-5.27.1.jar:5.27.1]
	... 1 common frames omitted

2026-01-06T11:42:39.290+06:00  WARN [inventory-service,,] 692178 --- [inventory-service] [tContainer#0-22] o.s.a.r.listener.BlockingQueueConsumer   : Failed to declare queue: orders.queue
2026-01-06T11:42:39.291+06:00  WARN [inventory-service,,] 692178 --- [inventory-service] [tContainer#0-22] o.s.a.r.listener.BlockingQueueConsumer   : Queue declaration failed; retries left=2

org.springframework.amqp.rabbit.listener.BlockingQueueConsumer$DeclarationException: Failed to declare queue(s):[orders.queue]
	at org.springframework.amqp.rabbit.listener.BlockingQueueConsumer.attemptPassiveDeclarations(BlockingQueueConsumer.java:779) ~[spring-rabbit-4.0.1.jar:4.0.1]
	at org.springframework.amqp.rabbit.listener.BlockingQueueConsumer.passiveDeclarations(BlockingQueueConsumer.java:655) ~[spring-rabbit-4.0.1.jar:4.0.1]
	at org.springframework.amqp.rabbit.listener.BlockingQueueConsumer.start(BlockingQueueConsumer.java:642) ~[spring-rabbit-4.0.1.jar:4.0.1]
	at org.springframework.amqp.rabbit.listener.SimpleMessageListenerContainer$AsyncMessageProcessingConsumer.initialize(SimpleMessageListenerContainer.java:1524) ~[spring-rabbit-4.0.1.jar:4.0.1]
	at org.springframework.amqp.rabbit.listener.SimpleMessageListenerContainer$AsyncMessageProcessingConsumer.run(SimpleMessageListenerContainer.java:1356) ~[spring-rabbit-4.0.1.jar:4.0.1]
	at java.base/java.lang.Thread.run(Thread.java:1583) ~[na:na]
Caused by: java.io.IOException
	at com.rabbitmq.client.impl.AMQChannel.wrap(AMQChannel.java:140) ~[amqp-client-5.27.1.jar:5.27.1]
	at com.rabbitmq.client.impl.AMQChannel.wrap(AMQChannel.java:136) ~[amqp-client-5.27.1.jar:5.27.1]
	at com.rabbitmq.client.impl.AMQChannel.exnWrappingRpc(AMQChannel.java:158) ~[amqp-client-5.27.1.jar:5.27.1]
	at com.rabbitmq.client.impl.ChannelN.queueDeclarePassive(ChannelN.java:1044) ~[amqp-client-5.27.1.jar:5.27.1]
	at com.rabbitmq.client.impl.ChannelN.queueDeclarePassive(ChannelN.java:48) ~[amqp-client-5.27.1.jar:5.27.1]
	at java.base/jdk.internal.reflect.DirectMethodHandleAccessor.invoke(DirectMethodHandleAccessor.java:103) ~[na:na]
	at java.base/java.lang.reflect.Method.invoke(Method.java:580) ~[na:na]
	at org.springframework.amqp.rabbit.connection.CachingConnectionFactory$CachedChannelInvocationHandler.invoke(CachingConnectionFactory.java:1220) ~[spring-rabbit-4.0.1.jar:4.0.1]
	at jdk.proxy2/jdk.proxy2.$Proxy87.queueDeclarePassive(Unknown Source) ~[na:na]
	at org.springframework.amqp.rabbit.listener.BlockingQueueConsumer.attemptPassiveDeclarations(BlockingQueueConsumer.java:756) ~[spring-rabbit-4.0.1.jar:4.0.1]
	... 5 common frames omitted
Caused by: com.rabbitmq.client.ShutdownSignalException: channel error; protocol method: #method<channel.close>(reply-code=404, reply-text=NOT_FOUND - no queue 'orders.queue' in vhost '/', class-id=50, method-id=10)
	at com.rabbitmq.utility.ValueOrException.getValue(ValueOrException.java:66) ~[amqp-client-5.27.1.jar:5.27.1]
	at com.rabbitmq.utility.BlockingValueOrException.uninterruptibleGetValue(BlockingValueOrException.java:36) ~[amqp-client-5.27.1.jar:5.27.1]
	at com.rabbitmq.client.impl.AMQChannel$BlockingRpcContinuation.getReply(AMQChannel.java:552) ~[amqp-client-5.27.1.jar:5.27.1]
	at com.rabbitmq.client.impl.AMQChannel.privateRpc(AMQChannel.java:316) ~[amqp-client-5.27.1.jar:5.27.1]
	at com.rabbitmq.client.impl.AMQChannel.exnWrappingRpc(AMQChannel.java:152) ~[amqp-client-5.27.1.jar:5.27.1]
	... 12 common frames omitted
Caused by: com.rabbitmq.client.ShutdownSignalException: channel error; protocol method: #method<channel.close>(reply-code=404, reply-text=NOT_FOUND - no queue 'orders.queue' in vhost '/', class-id=50, method-id=10)
	at com.rabbitmq.client.impl.ChannelN.asyncShutdown(ChannelN.java:529) ~[amqp-client-5.27.1.jar:5.27.1]
	at com.rabbitmq.client.impl.ChannelN.processAsync(ChannelN.java:350) ~[amqp-client-5.27.1.jar:5.27.1]
	at com.rabbitmq.client.impl.AMQChannel.handleCompleteInboundCommand(AMQChannel.java:193) ~[amqp-client-5.27.1.jar:5.27.1]
	at com.rabbitmq.client.impl.AMQChannel.handleFrame(AMQChannel.java:125) ~[amqp-client-5.27.1.jar:5.27.1]
	at com.rabbitmq.client.impl.AMQConnection.readFrame(AMQConnection.java:768) ~[amqp-client-5.27.1.jar:5.27.1]
	at com.rabbitmq.client.impl.AMQConnection.access$400(AMQConnection.java:49) ~[amqp-client-5.27.1.jar:5.27.1]
	at com.rabbitmq.client.impl.AMQConnection$MainLoop.run(AMQConnection.java:695) ~[amqp-client-5.27.1.jar:5.27.1]
	... 1 common frames omitted

2026-01-06T11:42:44.295+06:00  WARN [inventory-service,,] 692178 --- [inventory-service] [tContainer#0-22] o.s.a.r.listener.BlockingQueueConsumer   : Failed to declare queue: orders.queue
2026-01-06T11:42:44.296+06:00  WARN [inventory-service,,] 692178 --- [inventory-service] [tContainer#0-22] o.s.a.r.listener.BlockingQueueConsumer   : Queue declaration failed; retries left=1

org.springframework.amqp.rabbit.listener.BlockingQueueConsumer$DeclarationException: Failed to declare queue(s):[orders.queue]
	at org.springframework.amqp.rabbit.listener.BlockingQueueConsumer.attemptPassiveDeclarations(BlockingQueueConsumer.java:779) ~[spring-rabbit-4.0.1.jar:4.0.1]
	at org.springframework.amqp.rabbit.listener.BlockingQueueConsumer.passiveDeclarations(BlockingQueueConsumer.java:655) ~[spring-rabbit-4.0.1.jar:4.0.1]
	at org.springframework.amqp.rabbit.listener.BlockingQueueConsumer.start(BlockingQueueConsumer.java:642) ~[spring-rabbit-4.0.1.jar:4.0.1]
	at org.springframework.amqp.rabbit.listener.SimpleMessageListenerContainer$AsyncMessageProcessingConsumer.initialize(SimpleMessageListenerContainer.java:1524) ~[spring-rabbit-4.0.1.jar:4.0.1]
	at org.springframework.amqp.rabbit.listener.SimpleMessageListenerContainer$AsyncMessageProcessingConsumer.run(SimpleMessageListenerContainer.java:1356) ~[spring-rabbit-4.0.1.jar:4.0.1]
	at java.base/java.lang.Thread.run(Thread.java:1583) ~[na:na]
Caused by: java.io.IOException
	at com.rabbitmq.client.impl.AMQChannel.wrap(AMQChannel.java:140) ~[amqp-client-5.27.1.jar:5.27.1]
	at com.rabbitmq.client.impl.AMQChannel.wrap(AMQChannel.java:136) ~[amqp-client-5.27.1.jar:5.27.1]
	at com.rabbitmq.client.impl.AMQChannel.exnWrappingRpc(AMQChannel.java:158) ~[amqp-client-5.27.1.jar:5.27.1]
	at com.rabbitmq.client.impl.ChannelN.queueDeclarePassive(ChannelN.java:1044) ~[amqp-client-5.27.1.jar:5.27.1]
	at com.rabbitmq.client.impl.ChannelN.queueDeclarePassive(ChannelN.java:48) ~[amqp-client-5.27.1.jar:5.27.1]
	at java.base/jdk.internal.reflect.DirectMethodHandleAccessor.invoke(DirectMethodHandleAccessor.java:103) ~[na:na]
	at java.base/java.lang.reflect.Method.invoke(Method.java:580) ~[na:na]
	at org.springframework.amqp.rabbit.connection.CachingConnectionFactory$CachedChannelInvocationHandler.invoke(CachingConnectionFactory.java:1220) ~[spring-rabbit-4.0.1.jar:4.0.1]
	at jdk.proxy2/jdk.proxy2.$Proxy87.queueDeclarePassive(Unknown Source) ~[na:na]
	at org.springframework.amqp.rabbit.listener.BlockingQueueConsumer.attemptPassiveDeclarations(BlockingQueueConsumer.java:756) ~[spring-rabbit-4.0.1.jar:4.0.1]
	... 5 common frames omitted
Caused by: com.rabbitmq.client.ShutdownSignalException: channel error; protocol method: #method<channel.close>(reply-code=404, reply-text=NOT_FOUND - no queue 'orders.queue' in vhost '/', class-id=50, method-id=10)
	at com.rabbitmq.utility.ValueOrException.getValue(ValueOrException.java:66) ~[amqp-client-5.27.1.jar:5.27.1]
	at com.rabbitmq.utility.BlockingValueOrException.uninterruptibleGetValue(BlockingValueOrException.java:36) ~[amqp-client-5.27.1.jar:5.27.1]
	at com.rabbitmq.client.impl.AMQChannel$BlockingRpcContinuation.getReply(AMQChannel.java:552) ~[amqp-client-5.27.1.jar:5.27.1]
	at com.rabbitmq.client.impl.AMQChannel.privateRpc(AMQChannel.java:316) ~[amqp-client-5.27.1.jar:5.27.1]
	at com.rabbitmq.client.impl.AMQChannel.exnWrappingRpc(AMQChannel.java:152) ~[amqp-client-5.27.1.jar:5.27.1]
	... 12 common frames omitted
Caused by: com.rabbitmq.client.ShutdownSignalException: channel error; protocol method: #method<channel.close>(reply-code=404, reply-text=NOT_FOUND - no queue 'orders.queue' in vhost '/', class-id=50, method-id=10)
	at com.rabbitmq.client.impl.ChannelN.asyncShutdown(ChannelN.java:529) ~[amqp-client-5.27.1.jar:5.27.1]
	at com.rabbitmq.client.impl.ChannelN.processAsync(ChannelN.java:350) ~[amqp-client-5.27.1.jar:5.27.1]
	at com.rabbitmq.client.impl.AMQChannel.handleCompleteInboundCommand(AMQChannel.java:193) ~[amqp-client-5.27.1.jar:5.27.1]
	at com.rabbitmq.client.impl.AMQChannel.handleFrame(AMQChannel.java:125) ~[amqp-client-5.27.1.jar:5.27.1]
	at com.rabbitmq.client.impl.AMQConnection.readFrame(AMQConnection.java:768) ~[amqp-client-5.27.1.jar:5.27.1]
	at com.rabbitmq.client.impl.AMQConnection.access$400(AMQConnection.java:49) ~[amqp-client-5.27.1.jar:5.27.1]
	at com.rabbitmq.client.impl.AMQConnection$MainLoop.run(AMQConnection.java:695) ~[amqp-client-5.27.1.jar:5.27.1]
	... 1 common frames omitted

2026-01-06T11:42:49.302+06:00  WARN [inventory-service,,] 692178 --- [inventory-service] [tContainer#0-22] o.s.a.r.listener.BlockingQueueConsumer   : Failed to declare queue: orders.queue
2026-01-06T11:42:54.306+06:00 ERROR [inventory-service,,] 692178 --- [inventory-service] [tContainer#0-22] o.s.a.r.l.SimpleMessageListenerContainer : Consumer threw missing queues exception, fatal=false

org.springframework.amqp.rabbit.listener.QueuesNotAvailableException: Cannot prepare queue for listener. Either the queue doesn't exist or the broker will not allow us to use it.
	at org.springframework.amqp.rabbit.listener.BlockingQueueConsumer.handleDeclarationException(BlockingQueueConsumer.java:728) ~[spring-rabbit-4.0.1.jar:4.0.1]
	at org.springframework.amqp.rabbit.listener.BlockingQueueConsumer.passiveDeclarations(BlockingQueueConsumer.java:662) ~[spring-rabbit-4.0.1.jar:4.0.1]
	at org.springframework.amqp.rabbit.listener.BlockingQueueConsumer.start(BlockingQueueConsumer.java:642) ~[spring-rabbit-4.0.1.jar:4.0.1]
	at org.springframework.amqp.rabbit.listener.SimpleMessageListenerContainer$AsyncMessageProcessingConsumer.initialize(SimpleMessageListenerContainer.java:1524) ~[spring-rabbit-4.0.1.jar:4.0.1]
	at org.springframework.amqp.rabbit.listener.SimpleMessageListenerContainer$AsyncMessageProcessingConsumer.run(SimpleMessageListenerContainer.java:1356) ~[spring-rabbit-4.0.1.jar:4.0.1]
	at java.base/java.lang.Thread.run(Thread.java:1583) ~[na:na]
Caused by: org.springframework.amqp.rabbit.listener.BlockingQueueConsumer$DeclarationException: Failed to declare queue(s):[orders.queue]
	at org.springframework.amqp.rabbit.listener.BlockingQueueConsumer.attemptPassiveDeclarations(BlockingQueueConsumer.java:779) ~[spring-rabbit-4.0.1.jar:4.0.1]
	at org.springframework.amqp.rabbit.listener.BlockingQueueConsumer.passiveDeclarations(BlockingQueueConsumer.java:655) ~[spring-rabbit-4.0.1.jar:4.0.1]
	... 4 common frames omitted
Caused by: java.io.IOException
	at com.rabbitmq.client.impl.AMQChannel.wrap(AMQChannel.java:140) ~[amqp-client-5.27.1.jar:5.27.1]
	at com.rabbitmq.client.impl.AMQChannel.wrap(AMQChannel.java:136) ~[amqp-client-5.27.1.jar:5.27.1]
	at com.rabbitmq.client.impl.AMQChannel.exnWrappingRpc(AMQChannel.java:158) ~[amqp-client-5.27.1.jar:5.27.1]
	at com.rabbitmq.client.impl.ChannelN.queueDeclarePassive(ChannelN.java:1044) ~[amqp-client-5.27.1.jar:5.27.1]
	at com.rabbitmq.client.impl.ChannelN.queueDeclarePassive(ChannelN.java:48) ~[amqp-client-5.27.1.jar:5.27.1]
	at java.base/jdk.internal.reflect.DirectMethodHandleAccessor.invoke(DirectMethodHandleAccessor.java:103) ~[na:na]
	at java.base/java.lang.reflect.Method.invoke(Method.java:580) ~[na:na]
	at org.springframework.amqp.rabbit.connection.CachingConnectionFactory$CachedChannelInvocationHandler.invoke(CachingConnectionFactory.java:1220) ~[spring-rabbit-4.0.1.jar:4.0.1]
	at jdk.proxy2/jdk.proxy2.$Proxy87.queueDeclarePassive(Unknown Source) ~[na:na]
	at org.springframework.amqp.rabbit.listener.BlockingQueueConsumer.attemptPassiveDeclarations(BlockingQueueConsumer.java:756) ~[spring-rabbit-4.0.1.jar:4.0.1]
	... 5 common frames omitted
Caused by: com.rabbitmq.client.ShutdownSignalException: channel error; protocol method: #method<channel.close>(reply-code=404, reply-text=NOT_FOUND - no queue 'orders.queue' in vhost '/', class-id=50, method-id=10)
	at com.rabbitmq.utility.ValueOrException.getValue(ValueOrException.java:66) ~[amqp-client-5.27.1.jar:5.27.1]
	at com.rabbitmq.utility.BlockingValueOrException.uninterruptibleGetValue(BlockingValueOrException.java:36) ~[amqp-client-5.27.1.jar:5.27.1]
	at com.rabbitmq.client.impl.AMQChannel$BlockingRpcContinuation.getReply(AMQChannel.java:552) ~[amqp-client-5.27.1.jar:5.27.1]
	at com.rabbitmq.client.impl.AMQChannel.privateRpc(AMQChannel.java:316) ~[amqp-client-5.27.1.jar:5.27.1]
	at com.rabbitmq.client.impl.AMQChannel.exnWrappingRpc(AMQChannel.java:152) ~[amqp-client-5.27.1.jar:5.27.1]
	... 12 common frames omitted
Caused by: com.rabbitmq.client.ShutdownSignalException: channel error; protocol method: #method<channel.close>(reply-code=404, reply-text=NOT_FOUND - no queue 'orders.queue' in vhost '/', class-id=50, method-id=10)
	at com.rabbitmq.client.impl.ChannelN.asyncShutdown(ChannelN.java:529) ~[amqp-client-5.27.1.jar:5.27.1]
	at com.rabbitmq.client.impl.ChannelN.processAsync(ChannelN.java:350) ~[amqp-client-5.27.1.jar:5.27.1]
	at com.rabbitmq.client.impl.AMQChannel.handleCompleteInboundCommand(AMQChannel.java:193) ~[amqp-client-5.27.1.jar:5.27.1]
	at com.rabbitmq.client.impl.AMQChannel.handleFrame(AMQChannel.java:125) ~[amqp-client-5.27.1.jar:5.27.1]
	at com.rabbitmq.client.impl.AMQConnection.readFrame(AMQConnection.java:768) ~[amqp-client-5.27.1.jar:5.27.1]
	at com.rabbitmq.client.impl.AMQConnection.access$400(AMQConnection.java:49) ~[amqp-client-5.27.1.jar:5.27.1]
	at com.rabbitmq.client.impl.AMQConnection$MainLoop.run(AMQConnection.java:695) ~[amqp-client-5.27.1.jar:5.27.1]
	... 1 common frames omitted

2026-01-06T11:42:54.308+06:00  INFO [inventory-service,,] 692178 --- [inventory-service] [tContainer#0-22] o.s.a.r.l.SimpleMessageListenerContainer : Restarting Consumer@6ac809d6: tags=[[]], channel=Cached Rabbit Channel: AMQChannel(amqp://guest@127.0.0.1:5672/,1), conn: Proxy@7a814310 Shared Rabbit Connection: SimpleConnection@6bb4cc0e [delegate=amqp://guest@127.0.0.1:5672/, localPort=51158], acknowledgeMode=AUTO local queue size=0
2026-01-06T11:42:54.315+06:00  WARN [inventory-service,,] 692178 --- [inventory-service] [tContainer#0-23] o.s.a.r.listener.BlockingQueueConsumer   : Failed to declare queue: orders.queue
2026-01-06T11:42:54.316+06:00  WARN [inventory-service,,] 692178 --- [inventory-service] [tContainer#0-23] o.s.a.r.listener.BlockingQueueConsumer   : Queue declaration failed; retries left=3

org.springframework.amqp.rabbit.listener.BlockingQueueConsumer$DeclarationException: Failed to declare queue(s):[orders.queue]
	at org.springframework.amqp.rabbit.listener.BlockingQueueConsumer.attemptPassiveDeclarations(BlockingQueueConsumer.java:779) ~[spring-rabbit-4.0.1.jar:4.0.1]
	at org.springframework.amqp.rabbit.listener.BlockingQueueConsumer.passiveDeclarations(BlockingQueueConsumer.java:655) ~[spring-rabbit-4.0.1.jar:4.0.1]
	at org.springframework.amqp.rabbit.listener.BlockingQueueConsumer.start(BlockingQueueConsumer.java:642) ~[spring-rabbit-4.0.1.jar:4.0.1]
	at org.springframework.amqp.rabbit.listener.SimpleMessageListenerContainer$AsyncMessageProcessingConsumer.initialize(SimpleMessageListenerContainer.java:1524) ~[spring-rabbit-4.0.1.jar:4.0.1]
	at org.springframework.amqp.rabbit.listener.SimpleMessageListenerContainer$AsyncMessageProcessingConsumer.run(SimpleMessageListenerContainer.java:1356) ~[spring-rabbit-4.0.1.jar:4.0.1]
	at java.base/java.lang.Thread.run(Thread.java:1583) ~[na:na]
Caused by: java.io.IOException
	at com.rabbitmq.client.impl.AMQChannel.wrap(AMQChannel.java:140) ~[amqp-client-5.27.1.jar:5.27.1]
	at com.rabbitmq.client.impl.AMQChannel.wrap(AMQChannel.java:136) ~[amqp-client-5.27.1.jar:5.27.1]
	at com.rabbitmq.client.impl.AMQChannel.exnWrappingRpc(AMQChannel.java:158) ~[amqp-client-5.27.1.jar:5.27.1]
	at com.rabbitmq.client.impl.ChannelN.queueDeclarePassive(ChannelN.java:1044) ~[amqp-client-5.27.1.jar:5.27.1]
	at com.rabbitmq.client.impl.ChannelN.queueDeclarePassive(ChannelN.java:48) ~[amqp-client-5.27.1.jar:5.27.1]
	at java.base/jdk.internal.reflect.DirectMethodHandleAccessor.invoke(DirectMethodHandleAccessor.java:103) ~[na:na]
	at java.base/java.lang.reflect.Method.invoke(Method.java:580) ~[na:na]
	at org.springframework.amqp.rabbit.connection.CachingConnectionFactory$CachedChannelInvocationHandler.invoke(CachingConnectionFactory.java:1220) ~[spring-rabbit-4.0.1.jar:4.0.1]
	at jdk.proxy2/jdk.proxy2.$Proxy87.queueDeclarePassive(Unknown Source) ~[na:na]
	at org.springframework.amqp.rabbit.listener.BlockingQueueConsumer.attemptPassiveDeclarations(BlockingQueueConsumer.java:756) ~[spring-rabbit-4.0.1.jar:4.0.1]
	... 5 common frames omitted
Caused by: com.rabbitmq.client.ShutdownSignalException: channel error; protocol method: #method<channel.close>(reply-code=404, reply-text=NOT_FOUND - no queue 'orders.queue' in vhost '/', class-id=50, method-id=10)
	at com.rabbitmq.utility.ValueOrException.getValue(ValueOrException.java:66) ~[amqp-client-5.27.1.jar:5.27.1]
	at com.rabbitmq.utility.BlockingValueOrException.uninterruptibleGetValue(BlockingValueOrException.java:36) ~[amqp-client-5.27.1.jar:5.27.1]
	at com.rabbitmq.client.impl.AMQChannel$BlockingRpcContinuation.getReply(AMQChannel.java:552) ~[amqp-client-5.27.1.jar:5.27.1]
	at com.rabbitmq.client.impl.AMQChannel.privateRpc(AMQChannel.java:316) ~[amqp-client-5.27.1.jar:5.27.1]
	at com.rabbitmq.client.impl.AMQChannel.exnWrappingRpc(AMQChannel.java:152) ~[amqp-client-5.27.1.jar:5.27.1]
	... 12 common frames omitted
Caused by: com.rabbitmq.client.ShutdownSignalException: channel error; protocol method: #method<channel.close>(reply-code=404, reply-text=NOT_FOUND - no queue 'orders.queue' in vhost '/', class-id=50, method-id=10)
	at com.rabbitmq.client.impl.ChannelN.asyncShutdown(ChannelN.java:529) ~[amqp-client-5.27.1.jar:5.27.1]
	at com.rabbitmq.client.impl.ChannelN.processAsync(ChannelN.java:350) ~[amqp-client-5.27.1.jar:5.27.1]
	at com.rabbitmq.client.impl.AMQChannel.handleCompleteInboundCommand(AMQChannel.java:193) ~[amqp-client-5.27.1.jar:5.27.1]
	at com.rabbitmq.client.impl.AMQChannel.handleFrame(AMQChannel.java:125) ~[amqp-client-5.27.1.jar:5.27.1]
	at com.rabbitmq.client.impl.AMQConnection.readFrame(AMQConnection.java:768) ~[amqp-client-5.27.1.jar:5.27.1]
	at com.rabbitmq.client.impl.AMQConnection.access$400(AMQConnection.java:49) ~[amqp-client-5.27.1.jar:5.27.1]
	at com.rabbitmq.client.impl.AMQConnection$MainLoop.run(AMQConnection.java:695) ~[amqp-client-5.27.1.jar:5.27.1]
	... 1 common frames omitted

2026-01-06T11:42:59.321+06:00  WARN [inventory-service,,] 692178 --- [inventory-service] [tContainer#0-23] o.s.a.r.listener.BlockingQueueConsumer   : Failed to declare queue: orders.queue
2026-01-06T11:42:59.321+06:00  WARN [inventory-service,,] 692178 --- [inventory-service] [tContainer#0-23] o.s.a.r.listener.BlockingQueueConsumer   : Queue declaration failed; retries left=2

org.springframework.amqp.rabbit.listener.BlockingQueueConsumer$DeclarationException: Failed to declare queue(s):[orders.queue]
	at org.springframework.amqp.rabbit.listener.BlockingQueueConsumer.attemptPassiveDeclarations(BlockingQueueConsumer.java:779) ~[spring-rabbit-4.0.1.jar:4.0.1]
	at org.springframework.amqp.rabbit.listener.BlockingQueueConsumer.passiveDeclarations(BlockingQueueConsumer.java:655) ~[spring-rabbit-4.0.1.jar:4.0.1]
	at org.springframework.amqp.rabbit.listener.BlockingQueueConsumer.start(BlockingQueueConsumer.java:642) ~[spring-rabbit-4.0.1.jar:4.0.1]
	at org.springframework.amqp.rabbit.listener.SimpleMessageListenerContainer$AsyncMessageProcessingConsumer.initialize(SimpleMessageListenerContainer.java:1524) ~[spring-rabbit-4.0.1.jar:4.0.1]
	at org.springframework.amqp.rabbit.listener.SimpleMessageListenerContainer$AsyncMessageProcessingConsumer.run(SimpleMessageListenerContainer.java:1356) ~[spring-rabbit-4.0.1.jar:4.0.1]
	at java.base/java.lang.Thread.run(Thread.java:1583) ~[na:na]
Caused by: java.io.IOException
	at com.rabbitmq.client.impl.AMQChannel.wrap(AMQChannel.java:140) ~[amqp-client-5.27.1.jar:5.27.1]
	at com.rabbitmq.client.impl.AMQChannel.wrap(AMQChannel.java:136) ~[amqp-client-5.27.1.jar:5.27.1]
	at com.rabbitmq.client.impl.AMQChannel.exnWrappingRpc(AMQChannel.java:158) ~[amqp-client-5.27.1.jar:5.27.1]
	at com.rabbitmq.client.impl.ChannelN.queueDeclarePassive(ChannelN.java:1044) ~[amqp-client-5.27.1.jar:5.27.1]
	at com.rabbitmq.client.impl.ChannelN.queueDeclarePassive(ChannelN.java:48) ~[amqp-client-5.27.1.jar:5.27.1]
	at java.base/jdk.internal.reflect.DirectMethodHandleAccessor.invoke(DirectMethodHandleAccessor.java:103) ~[na:na]
	at java.base/java.lang.reflect.Method.invoke(Method.java:580) ~[na:na]
	at org.springframework.amqp.rabbit.connection.CachingConnectionFactory$CachedChannelInvocationHandler.invoke(CachingConnectionFactory.java:1220) ~[spring-rabbit-4.0.1.jar:4.0.1]
	at jdk.proxy2/jdk.proxy2.$Proxy87.queueDeclarePassive(Unknown Source) ~[na:na]
	at org.springframework.amqp.rabbit.listener.BlockingQueueConsumer.attemptPassiveDeclarations(BlockingQueueConsumer.java:756) ~[spring-rabbit-4.0.1.jar:4.0.1]
	... 5 common frames omitted
Caused by: com.rabbitmq.client.ShutdownSignalException: channel error; protocol method: #method<channel.close>(reply-code=404, reply-text=NOT_FOUND - no queue 'orders.queue' in vhost '/', class-id=50, method-id=10)
	at com.rabbitmq.utility.ValueOrException.getValue(ValueOrException.java:66) ~[amqp-client-5.27.1.jar:5.27.1]
	at com.rabbitmq.utility.BlockingValueOrException.uninterruptibleGetValue(BlockingValueOrException.java:36) ~[amqp-client-5.27.1.jar:5.27.1]
	at com.rabbitmq.client.impl.AMQChannel$BlockingRpcContinuation.getReply(AMQChannel.java:552) ~[amqp-client-5.27.1.jar:5.27.1]
	at com.rabbitmq.client.impl.AMQChannel.privateRpc(AMQChannel.java:316) ~[amqp-client-5.27.1.jar:5.27.1]
	at com.rabbitmq.client.impl.AMQChannel.exnWrappingRpc(AMQChannel.java:152) ~[amqp-client-5.27.1.jar:5.27.1]
	... 12 common frames omitted
Caused by: com.rabbitmq.client.ShutdownSignalException: channel error; protocol method: #method<channel.close>(reply-code=404, reply-text=NOT_FOUND - no queue 'orders.queue' in vhost '/', class-id=50, method-id=10)
	at com.rabbitmq.client.impl.ChannelN.asyncShutdown(ChannelN.java:529) ~[amqp-client-5.27.1.jar:5.27.1]
	at com.rabbitmq.client.impl.ChannelN.processAsync(ChannelN.java:350) ~[amqp-client-5.27.1.jar:5.27.1]
	at com.rabbitmq.client.impl.AMQChannel.handleCompleteInboundCommand(AMQChannel.java:193) ~[amqp-client-5.27.1.jar:5.27.1]
	at com.rabbitmq.client.impl.AMQChannel.handleFrame(AMQChannel.java:125) ~[amqp-client-5.27.1.jar:5.27.1]
	at com.rabbitmq.client.impl.AMQConnection.readFrame(AMQConnection.java:768) ~[amqp-client-5.27.1.jar:5.27.1]
	at com.rabbitmq.client.impl.AMQConnection.access$400(AMQConnection.java:49) ~[amqp-client-5.27.1.jar:5.27.1]
	at com.rabbitmq.client.impl.AMQConnection$MainLoop.run(AMQConnection.java:695) ~[amqp-client-5.27.1.jar:5.27.1]
	... 1 common frames omitted

2026-01-06T11:43:04.328+06:00  WARN [inventory-service,,] 692178 --- [inventory-service] [tContainer#0-23] o.s.a.r.listener.BlockingQueueConsumer   : Failed to declare queue: orders.queue
2026-01-06T11:43:04.328+06:00  WARN [inventory-service,,] 692178 --- [inventory-service] [tContainer#0-23] o.s.a.r.listener.BlockingQueueConsumer   : Queue declaration failed; retries left=1

org.springframework.amqp.rabbit.listener.BlockingQueueConsumer$DeclarationException: Failed to declare queue(s):[orders.queue]
	at org.springframework.amqp.rabbit.listener.BlockingQueueConsumer.attemptPassiveDeclarations(BlockingQueueConsumer.java:779) ~[spring-rabbit-4.0.1.jar:4.0.1]
	at org.springframework.amqp.rabbit.listener.BlockingQueueConsumer.passiveDeclarations(BlockingQueueConsumer.java:655) ~[spring-rabbit-4.0.1.jar:4.0.1]
	at org.springframework.amqp.rabbit.listener.BlockingQueueConsumer.start(BlockingQueueConsumer.java:642) ~[spring-rabbit-4.0.1.jar:4.0.1]
	at org.springframework.amqp.rabbit.listener.SimpleMessageListenerContainer$AsyncMessageProcessingConsumer.initialize(SimpleMessageListenerContainer.java:1524) ~[spring-rabbit-4.0.1.jar:4.0.1]
	at org.springframework.amqp.rabbit.listener.SimpleMessageListenerContainer$AsyncMessageProcessingConsumer.run(SimpleMessageListenerContainer.java:1356) ~[spring-rabbit-4.0.1.jar:4.0.1]
	at java.base/java.lang.Thread.run(Thread.java:1583) ~[na:na]
Caused by: java.io.IOException
	at com.rabbitmq.client.impl.AMQChannel.wrap(AMQChannel.java:140) ~[amqp-client-5.27.1.jar:5.27.1]
	at com.rabbitmq.client.impl.AMQChannel.wrap(AMQChannel.java:136) ~[amqp-client-5.27.1.jar:5.27.1]
	at com.rabbitmq.client.impl.AMQChannel.exnWrappingRpc(AMQChannel.java:158) ~[amqp-client-5.27.1.jar:5.27.1]
	at com.rabbitmq.client.impl.ChannelN.queueDeclarePassive(ChannelN.java:1044) ~[amqp-client-5.27.1.jar:5.27.1]
	at com.rabbitmq.client.impl.ChannelN.queueDeclarePassive(ChannelN.java:48) ~[amqp-client-5.27.1.jar:5.27.1]
	at java.base/jdk.internal.reflect.DirectMethodHandleAccessor.invoke(DirectMethodHandleAccessor.java:103) ~[na:na]
	at java.base/java.lang.reflect.Method.invoke(Method.java:580) ~[na:na]
	at org.springframework.amqp.rabbit.connection.CachingConnectionFactory$CachedChannelInvocationHandler.invoke(CachingConnectionFactory.java:1220) ~[spring-rabbit-4.0.1.jar:4.0.1]
	at jdk.proxy2/jdk.proxy2.$Proxy87.queueDeclarePassive(Unknown Source) ~[na:na]
	at org.springframework.amqp.rabbit.listener.BlockingQueueConsumer.attemptPassiveDeclarations(BlockingQueueConsumer.java:756) ~[spring-rabbit-4.0.1.jar:4.0.1]
	... 5 common frames omitted
Caused by: com.rabbitmq.client.ShutdownSignalException: channel error; protocol method: #method<channel.close>(reply-code=404, reply-text=NOT_FOUND - no queue 'orders.queue' in vhost '/', class-id=50, method-id=10)
	at com.rabbitmq.utility.ValueOrException.getValue(ValueOrException.java:66) ~[amqp-client-5.27.1.jar:5.27.1]
	at com.rabbitmq.utility.BlockingValueOrException.uninterruptibleGetValue(BlockingValueOrException.java:36) ~[amqp-client-5.27.1.jar:5.27.1]
	at com.rabbitmq.client.impl.AMQChannel$BlockingRpcContinuation.getReply(AMQChannel.java:552) ~[amqp-client-5.27.1.jar:5.27.1]
	at com.rabbitmq.client.impl.AMQChannel.privateRpc(AMQChannel.java:316) ~[amqp-client-5.27.1.jar:5.27.1]
	at com.rabbitmq.client.impl.AMQChannel.exnWrappingRpc(AMQChannel.java:152) ~[amqp-client-5.27.1.jar:5.27.1]
	... 12 common frames omitted
Caused by: com.rabbitmq.client.ShutdownSignalException: channel error; protocol method: #method<channel.close>(reply-code=404, reply-text=NOT_FOUND - no queue 'orders.queue' in vhost '/', class-id=50, method-id=10)
	at com.rabbitmq.client.impl.ChannelN.asyncShutdown(ChannelN.java:529) ~[amqp-client-5.27.1.jar:5.27.1]
	at com.rabbitmq.client.impl.ChannelN.processAsync(ChannelN.java:350) ~[amqp-client-5.27.1.jar:5.27.1]
	at com.rabbitmq.client.impl.AMQChannel.handleCompleteInboundCommand(AMQChannel.java:193) ~[amqp-client-5.27.1.jar:5.27.1]
	at com.rabbitmq.client.impl.AMQChannel.handleFrame(AMQChannel.java:125) ~[amqp-client-5.27.1.jar:5.27.1]
	at com.rabbitmq.client.impl.AMQConnection.readFrame(AMQConnection.java:768) ~[amqp-client-5.27.1.jar:5.27.1]
	at com.rabbitmq.client.impl.AMQConnection.access$400(AMQConnection.java:49) ~[amqp-client-5.27.1.jar:5.27.1]
	at com.rabbitmq.client.impl.AMQConnection$MainLoop.run(AMQConnection.java:695) ~[amqp-client-5.27.1.jar:5.27.1]
	... 1 common frames omitted

2026-01-06T11:43:09.334+06:00  WARN [inventory-service,,] 692178 --- [inventory-service] [tContainer#0-23] o.s.a.r.listener.BlockingQueueConsumer   : Failed to declare queue: orders.queue
2026-01-06T11:43:14.340+06:00 ERROR [inventory-service,,] 692178 --- [inventory-service] [tContainer#0-23] o.s.a.r.l.SimpleMessageListenerContainer : Consumer threw missing queues exception, fatal=false

org.springframework.amqp.rabbit.listener.QueuesNotAvailableException: Cannot prepare queue for listener. Either the queue doesn't exist or the broker will not allow us to use it.
	at org.springframework.amqp.rabbit.listener.BlockingQueueConsumer.handleDeclarationException(BlockingQueueConsumer.java:728) ~[spring-rabbit-4.0.1.jar:4.0.1]
	at org.springframework.amqp.rabbit.listener.BlockingQueueConsumer.passiveDeclarations(BlockingQueueConsumer.java:662) ~[spring-rabbit-4.0.1.jar:4.0.1]
	at org.springframework.amqp.rabbit.listener.BlockingQueueConsumer.start(BlockingQueueConsumer.java:642) ~[spring-rabbit-4.0.1.jar:4.0.1]
	at org.springframework.amqp.rabbit.listener.SimpleMessageListenerContainer$AsyncMessageProcessingConsumer.initialize(SimpleMessageListenerContainer.java:1524) ~[spring-rabbit-4.0.1.jar:4.0.1]
	at org.springframework.amqp.rabbit.listener.SimpleMessageListenerContainer$AsyncMessageProcessingConsumer.run(SimpleMessageListenerContainer.java:1356) ~[spring-rabbit-4.0.1.jar:4.0.1]
	at java.base/java.lang.Thread.run(Thread.java:1583) ~[na:na]
Caused by: org.springframework.amqp.rabbit.listener.BlockingQueueConsumer$DeclarationException: Failed to declare queue(s):[orders.queue]
	at org.springframework.amqp.rabbit.listener.BlockingQueueConsumer.attemptPassiveDeclarations(BlockingQueueConsumer.java:779) ~[spring-rabbit-4.0.1.jar:4.0.1]
	at org.springframework.amqp.rabbit.listener.BlockingQueueConsumer.passiveDeclarations(BlockingQueueConsumer.java:655) ~[spring-rabbit-4.0.1.jar:4.0.1]
	... 4 common frames omitted
Caused by: java.io.IOException
	at com.rabbitmq.client.impl.AMQChannel.wrap(AMQChannel.java:140) ~[amqp-client-5.27.1.jar:5.27.1]
	at com.rabbitmq.client.impl.AMQChannel.wrap(AMQChannel.java:136) ~[amqp-client-5.27.1.jar:5.27.1]
	at com.rabbitmq.client.impl.AMQChannel.exnWrappingRpc(AMQChannel.java:158) ~[amqp-client-5.27.1.jar:5.27.1]
	at com.rabbitmq.client.impl.ChannelN.queueDeclarePassive(ChannelN.java:1044) ~[amqp-client-5.27.1.jar:5.27.1]
	at com.rabbitmq.client.impl.ChannelN.queueDeclarePassive(ChannelN.java:48) ~[amqp-client-5.27.1.jar:5.27.1]
	at java.base/jdk.internal.reflect.DirectMethodHandleAccessor.invoke(DirectMethodHandleAccessor.java:103) ~[na:na]
	at java.base/java.lang.reflect.Method.invoke(Method.java:580) ~[na:na]
	at org.springframework.amqp.rabbit.connection.CachingConnectionFactory$CachedChannelInvocationHandler.invoke(CachingConnectionFactory.java:1220) ~[spring-rabbit-4.0.1.jar:4.0.1]
	at jdk.proxy2/jdk.proxy2.$Proxy87.queueDeclarePassive(Unknown Source) ~[na:na]
	at org.springframework.amqp.rabbit.listener.BlockingQueueConsumer.attemptPassiveDeclarations(BlockingQueueConsumer.java:756) ~[spring-rabbit-4.0.1.jar:4.0.1]
	... 5 common frames omitted
Caused by: com.rabbitmq.client.ShutdownSignalException: channel error; protocol method: #method<channel.close>(reply-code=404, reply-text=NOT_FOUND - no queue 'orders.queue' in vhost '/', class-id=50, method-id=10)
	at com.rabbitmq.utility.ValueOrException.getValue(ValueOrException.java:66) ~[amqp-client-5.27.1.jar:5.27.1]
	at com.rabbitmq.utility.BlockingValueOrException.uninterruptibleGetValue(BlockingValueOrException.java:36) ~[amqp-client-5.27.1.jar:5.27.1]
	at com.rabbitmq.client.impl.AMQChannel$BlockingRpcContinuation.getReply(AMQChannel.java:552) ~[amqp-client-5.27.1.jar:5.27.1]
	at com.rabbitmq.client.impl.AMQChannel.privateRpc(AMQChannel.java:316) ~[amqp-client-5.27.1.jar:5.27.1]
	at com.rabbitmq.client.impl.AMQChannel.exnWrappingRpc(AMQChannel.java:152) ~[amqp-client-5.27.1.jar:5.27.1]
	... 12 common frames omitted
Caused by: com.rabbitmq.client.ShutdownSignalException: channel error; protocol method: #method<channel.close>(reply-code=404, reply-text=NOT_FOUND - no queue 'orders.queue' in vhost '/', class-id=50, method-id=10)
	at com.rabbitmq.client.impl.ChannelN.asyncShutdown(ChannelN.java:529) ~[amqp-client-5.27.1.jar:5.27.1]
	at com.rabbitmq.client.impl.ChannelN.processAsync(ChannelN.java:350) ~[amqp-client-5.27.1.jar:5.27.1]
	at com.rabbitmq.client.impl.AMQChannel.handleCompleteInboundCommand(AMQChannel.java:193) ~[amqp-client-5.27.1.jar:5.27.1]
	at com.rabbitmq.client.impl.AMQChannel.handleFrame(AMQChannel.java:125) ~[amqp-client-5.27.1.jar:5.27.1]
	at com.rabbitmq.client.impl.AMQConnection.readFrame(AMQConnection.java:768) ~[amqp-client-5.27.1.jar:5.27.1]
	at com.rabbitmq.client.impl.AMQConnection.access$400(AMQConnection.java:49) ~[amqp-client-5.27.1.jar:5.27.1]
	at com.rabbitmq.client.impl.AMQConnection$MainLoop.run(AMQConnection.java:695) ~[amqp-client-5.27.1.jar:5.27.1]
	... 1 common frames omitted

2026-01-06T11:43:14.341+06:00  INFO [inventory-service,,] 692178 --- [inventory-service] [tContainer#0-23] o.s.a.r.l.SimpleMessageListenerContainer : Restarting Consumer@18ef53c4: tags=[[]], channel=Cached Rabbit Channel: AMQChannel(amqp://guest@127.0.0.1:5672/,1), conn: Proxy@7a814310 Shared Rabbit Connection: SimpleConnection@6bb4cc0e [delegate=amqp://guest@127.0.0.1:5672/, localPort=51158], acknowledgeMode=AUTO local queue size=0
2026-01-06T11:43:14.348+06:00  WARN [inventory-service,,] 692178 --- [inventory-service] [tContainer#0-24] o.s.a.r.listener.BlockingQueueConsumer   : Failed to declare queue: orders.queue
2026-01-06T11:43:14.348+06:00  WARN [inventory-service,,] 692178 --- [inventory-service] [tContainer#0-24] o.s.a.r.listener.BlockingQueueConsumer   : Queue declaration failed; retries left=3

org.springframework.amqp.rabbit.listener.BlockingQueueConsumer$DeclarationException: Failed to declare queue(s):[orders.queue]
	at org.springframework.amqp.rabbit.listener.BlockingQueueConsumer.attemptPassiveDeclarations(BlockingQueueConsumer.java:779) ~[spring-rabbit-4.0.1.jar:4.0.1]
	at org.springframework.amqp.rabbit.listener.BlockingQueueConsumer.passiveDeclarations(BlockingQueueConsumer.java:655) ~[spring-rabbit-4.0.1.jar:4.0.1]
	at org.springframework.amqp.rabbit.listener.BlockingQueueConsumer.start(BlockingQueueConsumer.java:642) ~[spring-rabbit-4.0.1.jar:4.0.1]
	at org.springframework.amqp.rabbit.listener.SimpleMessageListenerContainer$AsyncMessageProcessingConsumer.initialize(SimpleMessageListenerContainer.java:1524) ~[spring-rabbit-4.0.1.jar:4.0.1]
	at org.springframework.amqp.rabbit.listener.SimpleMessageListenerContainer$AsyncMessageProcessingConsumer.run(SimpleMessageListenerContainer.java:1356) ~[spring-rabbit-4.0.1.jar:4.0.1]
	at java.base/java.lang.Thread.run(Thread.java:1583) ~[na:na]
Caused by: java.io.IOException
	at com.rabbitmq.client.impl.AMQChannel.wrap(AMQChannel.java:140) ~[amqp-client-5.27.1.jar:5.27.1]
	at com.rabbitmq.client.impl.AMQChannel.wrap(AMQChannel.java:136) ~[amqp-client-5.27.1.jar:5.27.1]
	at com.rabbitmq.client.impl.AMQChannel.exnWrappingRpc(AMQChannel.java:158) ~[amqp-client-5.27.1.jar:5.27.1]
	at com.rabbitmq.client.impl.ChannelN.queueDeclarePassive(ChannelN.java:1044) ~[amqp-client-5.27.1.jar:5.27.1]
	at com.rabbitmq.client.impl.ChannelN.queueDeclarePassive(ChannelN.java:48) ~[amqp-client-5.27.1.jar:5.27.1]
	at java.base/jdk.internal.reflect.DirectMethodHandleAccessor.invoke(DirectMethodHandleAccessor.java:103) ~[na:na]
	at java.base/java.lang.reflect.Method.invoke(Method.java:580) ~[na:na]
	at org.springframework.amqp.rabbit.connection.CachingConnectionFactory$CachedChannelInvocationHandler.invoke(CachingConnectionFactory.java:1220) ~[spring-rabbit-4.0.1.jar:4.0.1]
	at jdk.proxy2/jdk.proxy2.$Proxy87.queueDeclarePassive(Unknown Source) ~[na:na]
	at org.springframework.amqp.rabbit.listener.BlockingQueueConsumer.attemptPassiveDeclarations(BlockingQueueConsumer.java:756) ~[spring-rabbit-4.0.1.jar:4.0.1]
	... 5 common frames omitted
Caused by: com.rabbitmq.client.ShutdownSignalException: channel error; protocol method: #method<channel.close>(reply-code=404, reply-text=NOT_FOUND - no queue 'orders.queue' in vhost '/', class-id=50, method-id=10)
	at com.rabbitmq.utility.ValueOrException.getValue(ValueOrException.java:66) ~[amqp-client-5.27.1.jar:5.27.1]
	at com.rabbitmq.utility.BlockingValueOrException.uninterruptibleGetValue(BlockingValueOrException.java:36) ~[amqp-client-5.27.1.jar:5.27.1]
	at com.rabbitmq.client.impl.AMQChannel$BlockingRpcContinuation.getReply(AMQChannel.java:552) ~[amqp-client-5.27.1.jar:5.27.1]
	at com.rabbitmq.client.impl.AMQChannel.privateRpc(AMQChannel.java:316) ~[amqp-client-5.27.1.jar:5.27.1]
	at com.rabbitmq.client.impl.AMQChannel.exnWrappingRpc(AMQChannel.java:152) ~[amqp-client-5.27.1.jar:5.27.1]
	... 12 common frames omitted
Caused by: com.rabbitmq.client.ShutdownSignalException: channel error; protocol method: #method<channel.close>(reply-code=404, reply-text=NOT_FOUND - no queue 'orders.queue' in vhost '/', class-id=50, method-id=10)
	at com.rabbitmq.client.impl.ChannelN.asyncShutdown(ChannelN.java:529) ~[amqp-client-5.27.1.jar:5.27.1]
	at com.rabbitmq.client.impl.ChannelN.processAsync(ChannelN.java:350) ~[amqp-client-5.27.1.jar:5.27.1]
	at com.rabbitmq.client.impl.AMQChannel.handleCompleteInboundCommand(AMQChannel.java:193) ~[amqp-client-5.27.1.jar:5.27.1]
	at com.rabbitmq.client.impl.AMQChannel.handleFrame(AMQChannel.java:125) ~[amqp-client-5.27.1.jar:5.27.1]
	at com.rabbitmq.client.impl.AMQConnection.readFrame(AMQConnection.java:768) ~[amqp-client-5.27.1.jar:5.27.1]
	at com.rabbitmq.client.impl.AMQConnection.access$400(AMQConnection.java:49) ~[amqp-client-5.27.1.jar:5.27.1]
	at com.rabbitmq.client.impl.AMQConnection$MainLoop.run(AMQConnection.java:695) ~[amqp-client-5.27.1.jar:5.27.1]
	... 1 common frames omitted

2026-01-06T11:43:19.351+06:00  WARN [inventory-service,,] 692178 --- [inventory-service] [tContainer#0-24] o.s.a.r.listener.BlockingQueueConsumer   : Failed to declare queue: orders.queue
2026-01-06T11:43:19.352+06:00  WARN [inventory-service,,] 692178 --- [inventory-service] [tContainer#0-24] o.s.a.r.listener.BlockingQueueConsumer   : Queue declaration failed; retries left=2

org.springframework.amqp.rabbit.listener.BlockingQueueConsumer$DeclarationException: Failed to declare queue(s):[orders.queue]
	at org.springframework.amqp.rabbit.listener.BlockingQueueConsumer.attemptPassiveDeclarations(BlockingQueueConsumer.java:779) ~[spring-rabbit-4.0.1.jar:4.0.1]
	at org.springframework.amqp.rabbit.listener.BlockingQueueConsumer.passiveDeclarations(BlockingQueueConsumer.java:655) ~[spring-rabbit-4.0.1.jar:4.0.1]
	at org.springframework.amqp.rabbit.listener.BlockingQueueConsumer.start(BlockingQueueConsumer.java:642) ~[spring-rabbit-4.0.1.jar:4.0.1]
	at org.springframework.amqp.rabbit.listener.SimpleMessageListenerContainer$AsyncMessageProcessingConsumer.initialize(SimpleMessageListenerContainer.java:1524) ~[spring-rabbit-4.0.1.jar:4.0.1]
	at org.springframework.amqp.rabbit.listener.SimpleMessageListenerContainer$AsyncMessageProcessingConsumer.run(SimpleMessageListenerContainer.java:1356) ~[spring-rabbit-4.0.1.jar:4.0.1]
	at java.base/java.lang.Thread.run(Thread.java:1583) ~[na:na]
Caused by: java.io.IOException
	at com.rabbitmq.client.impl.AMQChannel.wrap(AMQChannel.java:140) ~[amqp-client-5.27.1.jar:5.27.1]
	at com.rabbitmq.client.impl.AMQChannel.wrap(AMQChannel.java:136) ~[amqp-client-5.27.1.jar:5.27.1]
	at com.rabbitmq.client.impl.AMQChannel.exnWrappingRpc(AMQChannel.java:158) ~[amqp-client-5.27.1.jar:5.27.1]
	at com.rabbitmq.client.impl.ChannelN.queueDeclarePassive(ChannelN.java:1044) ~[amqp-client-5.27.1.jar:5.27.1]
	at com.rabbitmq.client.impl.ChannelN.queueDeclarePassive(ChannelN.java:48) ~[amqp-client-5.27.1.jar:5.27.1]
	at java.base/jdk.internal.reflect.DirectMethodHandleAccessor.invoke(DirectMethodHandleAccessor.java:103) ~[na:na]
	at java.base/java.lang.reflect.Method.invoke(Method.java:580) ~[na:na]
	at org.springframework.amqp.rabbit.connection.CachingConnectionFactory$CachedChannelInvocationHandler.invoke(CachingConnectionFactory.java:1220) ~[spring-rabbit-4.0.1.jar:4.0.1]
	at jdk.proxy2/jdk.proxy2.$Proxy87.queueDeclarePassive(Unknown Source) ~[na:na]
	at org.springframework.amqp.rabbit.listener.BlockingQueueConsumer.attemptPassiveDeclarations(BlockingQueueConsumer.java:756) ~[spring-rabbit-4.0.1.jar:4.0.1]
	... 5 common frames omitted
Caused by: com.rabbitmq.client.ShutdownSignalException: channel error; protocol method: #method<channel.close>(reply-code=404, reply-text=NOT_FOUND - no queue 'orders.queue' in vhost '/', class-id=50, method-id=10)
	at com.rabbitmq.utility.ValueOrException.getValue(ValueOrException.java:66) ~[amqp-client-5.27.1.jar:5.27.1]
	at com.rabbitmq.utility.BlockingValueOrException.uninterruptibleGetValue(BlockingValueOrException.java:36) ~[amqp-client-5.27.1.jar:5.27.1]
	at com.rabbitmq.client.impl.AMQChannel$BlockingRpcContinuation.getReply(AMQChannel.java:552) ~[amqp-client-5.27.1.jar:5.27.1]
	at com.rabbitmq.client.impl.AMQChannel.privateRpc(AMQChannel.java:316) ~[amqp-client-5.27.1.jar:5.27.1]
	at com.rabbitmq.client.impl.AMQChannel.exnWrappingRpc(AMQChannel.java:152) ~[amqp-client-5.27.1.jar:5.27.1]
	... 12 common frames omitted
Caused by: com.rabbitmq.client.ShutdownSignalException: channel error; protocol method: #method<channel.close>(reply-code=404, reply-text=NOT_FOUND - no queue 'orders.queue' in vhost '/', class-id=50, method-id=10)
	at com.rabbitmq.client.impl.ChannelN.asyncShutdown(ChannelN.java:529) ~[amqp-client-5.27.1.jar:5.27.1]
	at com.rabbitmq.client.impl.ChannelN.processAsync(ChannelN.java:350) ~[amqp-client-5.27.1.jar:5.27.1]
	at com.rabbitmq.client.impl.AMQChannel.handleCompleteInboundCommand(AMQChannel.java:193) ~[amqp-client-5.27.1.jar:5.27.1]
	at com.rabbitmq.client.impl.AMQChannel.handleFrame(AMQChannel.java:125) ~[amqp-client-5.27.1.jar:5.27.1]
	at com.rabbitmq.client.impl.AMQConnection.readFrame(AMQConnection.java:768) ~[amqp-client-5.27.1.jar:5.27.1]
	at com.rabbitmq.client.impl.AMQConnection.access$400(AMQConnection.java:49) ~[amqp-client-5.27.1.jar:5.27.1]
	at com.rabbitmq.client.impl.AMQConnection$MainLoop.run(AMQConnection.java:695) ~[amqp-client-5.27.1.jar:5.27.1]
	... 1 common frames omitted

2026-01-06T11:43:24.358+06:00  WARN [inventory-service,,] 692178 --- [inventory-service] [tContainer#0-24] o.s.a.r.listener.BlockingQueueConsumer   : Failed to declare queue: orders.queue
2026-01-06T11:43:24.358+06:00  WARN [inventory-service,,] 692178 --- [inventory-service] [tContainer#0-24] o.s.a.r.listener.BlockingQueueConsumer   : Queue declaration failed; retries left=1

org.springframework.amqp.rabbit.listener.BlockingQueueConsumer$DeclarationException: Failed to declare queue(s):[orders.queue]
	at org.springframework.amqp.rabbit.listener.BlockingQueueConsumer.attemptPassiveDeclarations(BlockingQueueConsumer.java:779) ~[spring-rabbit-4.0.1.jar:4.0.1]
	at org.springframework.amqp.rabbit.listener.BlockingQueueConsumer.passiveDeclarations(BlockingQueueConsumer.java:655) ~[spring-rabbit-4.0.1.jar:4.0.1]
	at org.springframework.amqp.rabbit.listener.BlockingQueueConsumer.start(BlockingQueueConsumer.java:642) ~[spring-rabbit-4.0.1.jar:4.0.1]
	at org.springframework.amqp.rabbit.listener.SimpleMessageListenerContainer$AsyncMessageProcessingConsumer.initialize(SimpleMessageListenerContainer.java:1524) ~[spring-rabbit-4.0.1.jar:4.0.1]
	at org.springframework.amqp.rabbit.listener.SimpleMessageListenerContainer$AsyncMessageProcessingConsumer.run(SimpleMessageListenerContainer.java:1356) ~[spring-rabbit-4.0.1.jar:4.0.1]
	at java.base/java.lang.Thread.run(Thread.java:1583) ~[na:na]
Caused by: java.io.IOException
	at com.rabbitmq.client.impl.AMQChannel.wrap(AMQChannel.java:140) ~[amqp-client-5.27.1.jar:5.27.1]
	at com.rabbitmq.client.impl.AMQChannel.wrap(AMQChannel.java:136) ~[amqp-client-5.27.1.jar:5.27.1]
	at com.rabbitmq.client.impl.AMQChannel.exnWrappingRpc(AMQChannel.java:158) ~[amqp-client-5.27.1.jar:5.27.1]
	at com.rabbitmq.client.impl.ChannelN.queueDeclarePassive(ChannelN.java:1044) ~[amqp-client-5.27.1.jar:5.27.1]
	at com.rabbitmq.client.impl.ChannelN.queueDeclarePassive(ChannelN.java:48) ~[amqp-client-5.27.1.jar:5.27.1]
	at java.base/jdk.internal.reflect.DirectMethodHandleAccessor.invoke(DirectMethodHandleAccessor.java:103) ~[na:na]
	at java.base/java.lang.reflect.Method.invoke(Method.java:580) ~[na:na]
	at org.springframework.amqp.rabbit.connection.CachingConnectionFactory$CachedChannelInvocationHandler.invoke(CachingConnectionFactory.java:1220) ~[spring-rabbit-4.0.1.jar:4.0.1]
	at jdk.proxy2/jdk.proxy2.$Proxy87.queueDeclarePassive(Unknown Source) ~[na:na]
	at org.springframework.amqp.rabbit.listener.BlockingQueueConsumer.attemptPassiveDeclarations(BlockingQueueConsumer.java:756) ~[spring-rabbit-4.0.1.jar:4.0.1]
	... 5 common frames omitted
Caused by: com.rabbitmq.client.ShutdownSignalException: channel error; protocol method: #method<channel.close>(reply-code=404, reply-text=NOT_FOUND - no queue 'orders.queue' in vhost '/', class-id=50, method-id=10)
	at com.rabbitmq.utility.ValueOrException.getValue(ValueOrException.java:66) ~[amqp-client-5.27.1.jar:5.27.1]
	at com.rabbitmq.utility.BlockingValueOrException.uninterruptibleGetValue(BlockingValueOrException.java:36) ~[amqp-client-5.27.1.jar:5.27.1]
	at com.rabbitmq.client.impl.AMQChannel$BlockingRpcContinuation.getReply(AMQChannel.java:552) ~[amqp-client-5.27.1.jar:5.27.1]
	at com.rabbitmq.client.impl.AMQChannel.privateRpc(AMQChannel.java:316) ~[amqp-client-5.27.1.jar:5.27.1]
	at com.rabbitmq.client.impl.AMQChannel.exnWrappingRpc(AMQChannel.java:152) ~[amqp-client-5.27.1.jar:5.27.1]
	... 12 common frames omitted
Caused by: com.rabbitmq.client.ShutdownSignalException: channel error; protocol method: #method<channel.close>(reply-code=404, reply-text=NOT_FOUND - no queue 'orders.queue' in vhost '/', class-id=50, method-id=10)
	at com.rabbitmq.client.impl.ChannelN.asyncShutdown(ChannelN.java:529) ~[amqp-client-5.27.1.jar:5.27.1]
	at com.rabbitmq.client.impl.ChannelN.processAsync(ChannelN.java:350) ~[amqp-client-5.27.1.jar:5.27.1]
	at com.rabbitmq.client.impl.AMQChannel.handleCompleteInboundCommand(AMQChannel.java:193) ~[amqp-client-5.27.1.jar:5.27.1]
	at com.rabbitmq.client.impl.AMQChannel.handleFrame(AMQChannel.java:125) ~[amqp-client-5.27.1.jar:5.27.1]
	at com.rabbitmq.client.impl.AMQConnection.readFrame(AMQConnection.java:768) ~[amqp-client-5.27.1.jar:5.27.1]
	at com.rabbitmq.client.impl.AMQConnection.access$400(AMQConnection.java:49) ~[amqp-client-5.27.1.jar:5.27.1]
	at com.rabbitmq.client.impl.AMQConnection$MainLoop.run(AMQConnection.java:695) ~[amqp-client-5.27.1.jar:5.27.1]
	... 1 common frames omitted

2026-01-06T11:43:29.362+06:00  WARN [inventory-service,,] 692178 --- [inventory-service] [tContainer#0-24] o.s.a.r.listener.BlockingQueueConsumer   : Failed to declare queue: orders.queue
2026-01-06T11:43:34.367+06:00 ERROR [inventory-service,,] 692178 --- [inventory-service] [tContainer#0-24] o.s.a.r.l.SimpleMessageListenerContainer : Consumer threw missing queues exception, fatal=false

org.springframework.amqp.rabbit.listener.QueuesNotAvailableException: Cannot prepare queue for listener. Either the queue doesn't exist or the broker will not allow us to use it.
	at org.springframework.amqp.rabbit.listener.BlockingQueueConsumer.handleDeclarationException(BlockingQueueConsumer.java:728) ~[spring-rabbit-4.0.1.jar:4.0.1]
	at org.springframework.amqp.rabbit.listener.BlockingQueueConsumer.passiveDeclarations(BlockingQueueConsumer.java:662) ~[spring-rabbit-4.0.1.jar:4.0.1]
	at org.springframework.amqp.rabbit.listener.BlockingQueueConsumer.start(BlockingQueueConsumer.java:642) ~[spring-rabbit-4.0.1.jar:4.0.1]
	at org.springframework.amqp.rabbit.listener.SimpleMessageListenerContainer$AsyncMessageProcessingConsumer.initialize(SimpleMessageListenerContainer.java:1524) ~[spring-rabbit-4.0.1.jar:4.0.1]
	at org.springframework.amqp.rabbit.listener.SimpleMessageListenerContainer$AsyncMessageProcessingConsumer.run(SimpleMessageListenerContainer.java:1356) ~[spring-rabbit-4.0.1.jar:4.0.1]
	at java.base/java.lang.Thread.run(Thread.java:1583) ~[na:na]
Caused by: org.springframework.amqp.rabbit.listener.BlockingQueueConsumer$DeclarationException: Failed to declare queue(s):[orders.queue]
	at org.springframework.amqp.rabbit.listener.BlockingQueueConsumer.attemptPassiveDeclarations(BlockingQueueConsumer.java:779) ~[spring-rabbit-4.0.1.jar:4.0.1]
	at org.springframework.amqp.rabbit.listener.BlockingQueueConsumer.passiveDeclarations(BlockingQueueConsumer.java:655) ~[spring-rabbit-4.0.1.jar:4.0.1]
	... 4 common frames omitted
Caused by: java.io.IOException
	at com.rabbitmq.client.impl.AMQChannel.wrap(AMQChannel.java:140) ~[amqp-client-5.27.1.jar:5.27.1]
	at com.rabbitmq.client.impl.AMQChannel.wrap(AMQChannel.java:136) ~[amqp-client-5.27.1.jar:5.27.1]
	at com.rabbitmq.client.impl.AMQChannel.exnWrappingRpc(AMQChannel.java:158) ~[amqp-client-5.27.1.jar:5.27.1]
	at com.rabbitmq.client.impl.ChannelN.queueDeclarePassive(ChannelN.java:1044) ~[amqp-client-5.27.1.jar:5.27.1]
	at com.rabbitmq.client.impl.ChannelN.queueDeclarePassive(ChannelN.java:48) ~[amqp-client-5.27.1.jar:5.27.1]
	at java.base/jdk.internal.reflect.DirectMethodHandleAccessor.invoke(DirectMethodHandleAccessor.java:103) ~[na:na]
	at java.base/java.lang.reflect.Method.invoke(Method.java:580) ~[na:na]
	at org.springframework.amqp.rabbit.connection.CachingConnectionFactory$CachedChannelInvocationHandler.invoke(CachingConnectionFactory.java:1220) ~[spring-rabbit-4.0.1.jar:4.0.1]
	at jdk.proxy2/jdk.proxy2.$Proxy87.queueDeclarePassive(Unknown Source) ~[na:na]
	at org.springframework.amqp.rabbit.listener.BlockingQueueConsumer.attemptPassiveDeclarations(BlockingQueueConsumer.java:756) ~[spring-rabbit-4.0.1.jar:4.0.1]
	... 5 common frames omitted
Caused by: com.rabbitmq.client.ShutdownSignalException: channel error; protocol method: #method<channel.close>(reply-code=404, reply-text=NOT_FOUND - no queue 'orders.queue' in vhost '/', class-id=50, method-id=10)
	at com.rabbitmq.utility.ValueOrException.getValue(ValueOrException.java:66) ~[amqp-client-5.27.1.jar:5.27.1]
	at com.rabbitmq.utility.BlockingValueOrException.uninterruptibleGetValue(BlockingValueOrException.java:36) ~[amqp-client-5.27.1.jar:5.27.1]
	at com.rabbitmq.client.impl.AMQChannel$BlockingRpcContinuation.getReply(AMQChannel.java:552) ~[amqp-client-5.27.1.jar:5.27.1]
	at com.rabbitmq.client.impl.AMQChannel.privateRpc(AMQChannel.java:316) ~[amqp-client-5.27.1.jar:5.27.1]
	at com.rabbitmq.client.impl.AMQChannel.exnWrappingRpc(AMQChannel.java:152) ~[amqp-client-5.27.1.jar:5.27.1]
	... 12 common frames omitted
Caused by: com.rabbitmq.client.ShutdownSignalException: channel error; protocol method: #method<channel.close>(reply-code=404, reply-text=NOT_FOUND - no queue 'orders.queue' in vhost '/', class-id=50, method-id=10)
	at com.rabbitmq.client.impl.ChannelN.asyncShutdown(ChannelN.java:529) ~[amqp-client-5.27.1.jar:5.27.1]
	at com.rabbitmq.client.impl.ChannelN.processAsync(ChannelN.java:350) ~[amqp-client-5.27.1.jar:5.27.1]
	at com.rabbitmq.client.impl.AMQChannel.handleCompleteInboundCommand(AMQChannel.java:193) ~[amqp-client-5.27.1.jar:5.27.1]
	at com.rabbitmq.client.impl.AMQChannel.handleFrame(AMQChannel.java:125) ~[amqp-client-5.27.1.jar:5.27.1]
	at com.rabbitmq.client.impl.AMQConnection.readFrame(AMQConnection.java:768) ~[amqp-client-5.27.1.jar:5.27.1]
	at com.rabbitmq.client.impl.AMQConnection.access$400(AMQConnection.java:49) ~[amqp-client-5.27.1.jar:5.27.1]
	at com.rabbitmq.client.impl.AMQConnection$MainLoop.run(AMQConnection.java:695) ~[amqp-client-5.27.1.jar:5.27.1]
	... 1 common frames omitted

2026-01-06T11:43:34.369+06:00  INFO [inventory-service,,] 692178 --- [inventory-service] [tContainer#0-24] o.s.a.r.l.SimpleMessageListenerContainer : Restarting Consumer@4e8c48e9: tags=[[]], channel=Cached Rabbit Channel: AMQChannel(amqp://guest@127.0.0.1:5672/,1), conn: Proxy@7a814310 Shared Rabbit Connection: SimpleConnection@6bb4cc0e [delegate=amqp://guest@127.0.0.1:5672/, localPort=51158], acknowledgeMode=AUTO local queue size=0
2026-01-06T11:43:34.377+06:00  WARN [inventory-service,,] 692178 --- [inventory-service] [tContainer#0-25] o.s.a.r.listener.BlockingQueueConsumer   : Failed to declare queue: orders.queue
2026-01-06T11:43:34.378+06:00  WARN [inventory-service,,] 692178 --- [inventory-service] [tContainer#0-25] o.s.a.r.listener.BlockingQueueConsumer   : Queue declaration failed; retries left=3

org.springframework.amqp.rabbit.listener.BlockingQueueConsumer$DeclarationException: Failed to declare queue(s):[orders.queue]
	at org.springframework.amqp.rabbit.listener.BlockingQueueConsumer.attemptPassiveDeclarations(BlockingQueueConsumer.java:779) ~[spring-rabbit-4.0.1.jar:4.0.1]
	at org.springframework.amqp.rabbit.listener.BlockingQueueConsumer.passiveDeclarations(BlockingQueueConsumer.java:655) ~[spring-rabbit-4.0.1.jar:4.0.1]
	at org.springframework.amqp.rabbit.listener.BlockingQueueConsumer.start(BlockingQueueConsumer.java:642) ~[spring-rabbit-4.0.1.jar:4.0.1]
	at org.springframework.amqp.rabbit.listener.SimpleMessageListenerContainer$AsyncMessageProcessingConsumer.initialize(SimpleMessageListenerContainer.java:1524) ~[spring-rabbit-4.0.1.jar:4.0.1]
	at org.springframework.amqp.rabbit.listener.SimpleMessageListenerContainer$AsyncMessageProcessingConsumer.run(SimpleMessageListenerContainer.java:1356) ~[spring-rabbit-4.0.1.jar:4.0.1]
	at java.base/java.lang.Thread.run(Thread.java:1583) ~[na:na]
Caused by: java.io.IOException
	at com.rabbitmq.client.impl.AMQChannel.wrap(AMQChannel.java:140) ~[amqp-client-5.27.1.jar:5.27.1]
	at com.rabbitmq.client.impl.AMQChannel.wrap(AMQChannel.java:136) ~[amqp-client-5.27.1.jar:5.27.1]
	at com.rabbitmq.client.impl.AMQChannel.exnWrappingRpc(AMQChannel.java:158) ~[amqp-client-5.27.1.jar:5.27.1]
	at com.rabbitmq.client.impl.ChannelN.queueDeclarePassive(ChannelN.java:1044) ~[amqp-client-5.27.1.jar:5.27.1]
	at com.rabbitmq.client.impl.ChannelN.queueDeclarePassive(ChannelN.java:48) ~[amqp-client-5.27.1.jar:5.27.1]
	at java.base/jdk.internal.reflect.DirectMethodHandleAccessor.invoke(DirectMethodHandleAccessor.java:103) ~[na:na]
	at java.base/java.lang.reflect.Method.invoke(Method.java:580) ~[na:na]
	at org.springframework.amqp.rabbit.connection.CachingConnectionFactory$CachedChannelInvocationHandler.invoke(CachingConnectionFactory.java:1220) ~[spring-rabbit-4.0.1.jar:4.0.1]
	at jdk.proxy2/jdk.proxy2.$Proxy87.queueDeclarePassive(Unknown Source) ~[na:na]
	at org.springframework.amqp.rabbit.listener.BlockingQueueConsumer.attemptPassiveDeclarations(BlockingQueueConsumer.java:756) ~[spring-rabbit-4.0.1.jar:4.0.1]
	... 5 common frames omitted
Caused by: com.rabbitmq.client.ShutdownSignalException: channel error; protocol method: #method<channel.close>(reply-code=404, reply-text=NOT_FOUND - no queue 'orders.queue' in vhost '/', class-id=50, method-id=10)
	at com.rabbitmq.utility.ValueOrException.getValue(ValueOrException.java:66) ~[amqp-client-5.27.1.jar:5.27.1]
	at com.rabbitmq.utility.BlockingValueOrException.uninterruptibleGetValue(BlockingValueOrException.java:36) ~[amqp-client-5.27.1.jar:5.27.1]
	at com.rabbitmq.client.impl.AMQChannel$BlockingRpcContinuation.getReply(AMQChannel.java:552) ~[amqp-client-5.27.1.jar:5.27.1]
	at com.rabbitmq.client.impl.AMQChannel.privateRpc(AMQChannel.java:316) ~[amqp-client-5.27.1.jar:5.27.1]
	at com.rabbitmq.client.impl.AMQChannel.exnWrappingRpc(AMQChannel.java:152) ~[amqp-client-5.27.1.jar:5.27.1]
	... 12 common frames omitted
Caused by: com.rabbitmq.client.ShutdownSignalException: channel error; protocol method: #method<channel.close>(reply-code=404, reply-text=NOT_FOUND - no queue 'orders.queue' in vhost '/', class-id=50, method-id=10)
	at com.rabbitmq.client.impl.ChannelN.asyncShutdown(ChannelN.java:529) ~[amqp-client-5.27.1.jar:5.27.1]
	at com.rabbitmq.client.impl.ChannelN.processAsync(ChannelN.java:350) ~[amqp-client-5.27.1.jar:5.27.1]
	at com.rabbitmq.client.impl.AMQChannel.handleCompleteInboundCommand(AMQChannel.java:193) ~[amqp-client-5.27.1.jar:5.27.1]
	at com.rabbitmq.client.impl.AMQChannel.handleFrame(AMQChannel.java:125) ~[amqp-client-5.27.1.jar:5.27.1]
	at com.rabbitmq.client.impl.AMQConnection.readFrame(AMQConnection.java:768) ~[amqp-client-5.27.1.jar:5.27.1]
	at com.rabbitmq.client.impl.AMQConnection.access$400(AMQConnection.java:49) ~[amqp-client-5.27.1.jar:5.27.1]
	at com.rabbitmq.client.impl.AMQConnection$MainLoop.run(AMQConnection.java:695) ~[amqp-client-5.27.1.jar:5.27.1]
	... 1 common frames omitted

2026-01-06T11:43:39.384+06:00  WARN [inventory-service,,] 692178 --- [inventory-service] [tContainer#0-25] o.s.a.r.listener.BlockingQueueConsumer   : Failed to declare queue: orders.queue
2026-01-06T11:43:39.384+06:00  WARN [inventory-service,,] 692178 --- [inventory-service] [tContainer#0-25] o.s.a.r.listener.BlockingQueueConsumer   : Queue declaration failed; retries left=2

org.springframework.amqp.rabbit.listener.BlockingQueueConsumer$DeclarationException: Failed to declare queue(s):[orders.queue]
	at org.springframework.amqp.rabbit.listener.BlockingQueueConsumer.attemptPassiveDeclarations(BlockingQueueConsumer.java:779) ~[spring-rabbit-4.0.1.jar:4.0.1]
	at org.springframework.amqp.rabbit.listener.BlockingQueueConsumer.passiveDeclarations(BlockingQueueConsumer.java:655) ~[spring-rabbit-4.0.1.jar:4.0.1]
	at org.springframework.amqp.rabbit.listener.BlockingQueueConsumer.start(BlockingQueueConsumer.java:642) ~[spring-rabbit-4.0.1.jar:4.0.1]
	at org.springframework.amqp.rabbit.listener.SimpleMessageListenerContainer$AsyncMessageProcessingConsumer.initialize(SimpleMessageListenerContainer.java:1524) ~[spring-rabbit-4.0.1.jar:4.0.1]
	at org.springframework.amqp.rabbit.listener.SimpleMessageListenerContainer$AsyncMessageProcessingConsumer.run(SimpleMessageListenerContainer.java:1356) ~[spring-rabbit-4.0.1.jar:4.0.1]
	at java.base/java.lang.Thread.run(Thread.java:1583) ~[na:na]
Caused by: java.io.IOException
	at com.rabbitmq.client.impl.AMQChannel.wrap(AMQChannel.java:140) ~[amqp-client-5.27.1.jar:5.27.1]
	at com.rabbitmq.client.impl.AMQChannel.wrap(AMQChannel.java:136) ~[amqp-client-5.27.1.jar:5.27.1]
	at com.rabbitmq.client.impl.AMQChannel.exnWrappingRpc(AMQChannel.java:158) ~[amqp-client-5.27.1.jar:5.27.1]
	at com.rabbitmq.client.impl.ChannelN.queueDeclarePassive(ChannelN.java:1044) ~[amqp-client-5.27.1.jar:5.27.1]
	at com.rabbitmq.client.impl.ChannelN.queueDeclarePassive(ChannelN.java:48) ~[amqp-client-5.27.1.jar:5.27.1]
	at java.base/jdk.internal.reflect.DirectMethodHandleAccessor.invoke(DirectMethodHandleAccessor.java:103) ~[na:na]
	at java.base/java.lang.reflect.Method.invoke(Method.java:580) ~[na:na]
	at org.springframework.amqp.rabbit.connection.CachingConnectionFactory$CachedChannelInvocationHandler.invoke(CachingConnectionFactory.java:1220) ~[spring-rabbit-4.0.1.jar:4.0.1]
	at jdk.proxy2/jdk.proxy2.$Proxy87.queueDeclarePassive(Unknown Source) ~[na:na]
	at org.springframework.amqp.rabbit.listener.BlockingQueueConsumer.attemptPassiveDeclarations(BlockingQueueConsumer.java:756) ~[spring-rabbit-4.0.1.jar:4.0.1]
	... 5 common frames omitted
Caused by: com.rabbitmq.client.ShutdownSignalException: channel error; protocol method: #method<channel.close>(reply-code=404, reply-text=NOT_FOUND - no queue 'orders.queue' in vhost '/', class-id=50, method-id=10)
	at com.rabbitmq.utility.ValueOrException.getValue(ValueOrException.java:66) ~[amqp-client-5.27.1.jar:5.27.1]
	at com.rabbitmq.utility.BlockingValueOrException.uninterruptibleGetValue(BlockingValueOrException.java:36) ~[amqp-client-5.27.1.jar:5.27.1]
	at com.rabbitmq.client.impl.AMQChannel$BlockingRpcContinuation.getReply(AMQChannel.java:552) ~[amqp-client-5.27.1.jar:5.27.1]
	at com.rabbitmq.client.impl.AMQChannel.privateRpc(AMQChannel.java:316) ~[amqp-client-5.27.1.jar:5.27.1]
	at com.rabbitmq.client.impl.AMQChannel.exnWrappingRpc(AMQChannel.java:152) ~[amqp-client-5.27.1.jar:5.27.1]
	... 12 common frames omitted
Caused by: com.rabbitmq.client.ShutdownSignalException: channel error; protocol method: #method<channel.close>(reply-code=404, reply-text=NOT_FOUND - no queue 'orders.queue' in vhost '/', class-id=50, method-id=10)
	at com.rabbitmq.client.impl.ChannelN.asyncShutdown(ChannelN.java:529) ~[amqp-client-5.27.1.jar:5.27.1]
	at com.rabbitmq.client.impl.ChannelN.processAsync(ChannelN.java:350) ~[amqp-client-5.27.1.jar:5.27.1]
	at com.rabbitmq.client.impl.AMQChannel.handleCompleteInboundCommand(AMQChannel.java:193) ~[amqp-client-5.27.1.jar:5.27.1]
	at com.rabbitmq.client.impl.AMQChannel.handleFrame(AMQChannel.java:125) ~[amqp-client-5.27.1.jar:5.27.1]
	at com.rabbitmq.client.impl.AMQConnection.readFrame(AMQConnection.java:768) ~[amqp-client-5.27.1.jar:5.27.1]
	at com.rabbitmq.client.impl.AMQConnection.access$400(AMQConnection.java:49) ~[amqp-client-5.27.1.jar:5.27.1]
	at com.rabbitmq.client.impl.AMQConnection$MainLoop.run(AMQConnection.java:695) ~[amqp-client-5.27.1.jar:5.27.1]
	... 1 common frames omitted

2026-01-06T11:43:44.389+06:00  WARN [inventory-service,,] 692178 --- [inventory-service] [tContainer#0-25] o.s.a.r.listener.BlockingQueueConsumer   : Failed to declare queue: orders.queue
2026-01-06T11:43:44.389+06:00  WARN [inventory-service,,] 692178 --- [inventory-service] [tContainer#0-25] o.s.a.r.listener.BlockingQueueConsumer   : Queue declaration failed; retries left=1

org.springframework.amqp.rabbit.listener.BlockingQueueConsumer$DeclarationException: Failed to declare queue(s):[orders.queue]
	at org.springframework.amqp.rabbit.listener.BlockingQueueConsumer.attemptPassiveDeclarations(BlockingQueueConsumer.java:779) ~[spring-rabbit-4.0.1.jar:4.0.1]
	at org.springframework.amqp.rabbit.listener.BlockingQueueConsumer.passiveDeclarations(BlockingQueueConsumer.java:655) ~[spring-rabbit-4.0.1.jar:4.0.1]
	at org.springframework.amqp.rabbit.listener.BlockingQueueConsumer.start(BlockingQueueConsumer.java:642) ~[spring-rabbit-4.0.1.jar:4.0.1]
	at org.springframework.amqp.rabbit.listener.SimpleMessageListenerContainer$AsyncMessageProcessingConsumer.initialize(SimpleMessageListenerContainer.java:1524) ~[spring-rabbit-4.0.1.jar:4.0.1]
	at org.springframework.amqp.rabbit.listener.SimpleMessageListenerContainer$AsyncMessageProcessingConsumer.run(SimpleMessageListenerContainer.java:1356) ~[spring-rabbit-4.0.1.jar:4.0.1]
	at java.base/java.lang.Thread.run(Thread.java:1583) ~[na:na]
Caused by: java.io.IOException
	at com.rabbitmq.client.impl.AMQChannel.wrap(AMQChannel.java:140) ~[amqp-client-5.27.1.jar:5.27.1]
	at com.rabbitmq.client.impl.AMQChannel.wrap(AMQChannel.java:136) ~[amqp-client-5.27.1.jar:5.27.1]
	at com.rabbitmq.client.impl.AMQChannel.exnWrappingRpc(AMQChannel.java:158) ~[amqp-client-5.27.1.jar:5.27.1]
	at com.rabbitmq.client.impl.ChannelN.queueDeclarePassive(ChannelN.java:1044) ~[amqp-client-5.27.1.jar:5.27.1]
	at com.rabbitmq.client.impl.ChannelN.queueDeclarePassive(ChannelN.java:48) ~[amqp-client-5.27.1.jar:5.27.1]
	at java.base/jdk.internal.reflect.DirectMethodHandleAccessor.invoke(DirectMethodHandleAccessor.java:103) ~[na:na]
	at java.base/java.lang.reflect.Method.invoke(Method.java:580) ~[na:na]
	at org.springframework.amqp.rabbit.connection.CachingConnectionFactory$CachedChannelInvocationHandler.invoke(CachingConnectionFactory.java:1220) ~[spring-rabbit-4.0.1.jar:4.0.1]
	at jdk.proxy2/jdk.proxy2.$Proxy87.queueDeclarePassive(Unknown Source) ~[na:na]
	at org.springframework.amqp.rabbit.listener.BlockingQueueConsumer.attemptPassiveDeclarations(BlockingQueueConsumer.java:756) ~[spring-rabbit-4.0.1.jar:4.0.1]
	... 5 common frames omitted
Caused by: com.rabbitmq.client.ShutdownSignalException: channel error; protocol method: #method<channel.close>(reply-code=404, reply-text=NOT_FOUND - no queue 'orders.queue' in vhost '/', class-id=50, method-id=10)
	at com.rabbitmq.utility.ValueOrException.getValue(ValueOrException.java:66) ~[amqp-client-5.27.1.jar:5.27.1]
	at com.rabbitmq.utility.BlockingValueOrException.uninterruptibleGetValue(BlockingValueOrException.java:36) ~[amqp-client-5.27.1.jar:5.27.1]
	at com.rabbitmq.client.impl.AMQChannel$BlockingRpcContinuation.getReply(AMQChannel.java:552) ~[amqp-client-5.27.1.jar:5.27.1]
	at com.rabbitmq.client.impl.AMQChannel.privateRpc(AMQChannel.java:316) ~[amqp-client-5.27.1.jar:5.27.1]
	at com.rabbitmq.client.impl.AMQChannel.exnWrappingRpc(AMQChannel.java:152) ~[amqp-client-5.27.1.jar:5.27.1]
	... 12 common frames omitted
Caused by: com.rabbitmq.client.ShutdownSignalException: channel error; protocol method: #method<channel.close>(reply-code=404, reply-text=NOT_FOUND - no queue 'orders.queue' in vhost '/', class-id=50, method-id=10)
	at com.rabbitmq.client.impl.ChannelN.asyncShutdown(ChannelN.java:529) ~[amqp-client-5.27.1.jar:5.27.1]
	at com.rabbitmq.client.impl.ChannelN.processAsync(ChannelN.java:350) ~[amqp-client-5.27.1.jar:5.27.1]
	at com.rabbitmq.client.impl.AMQChannel.handleCompleteInboundCommand(AMQChannel.java:193) ~[amqp-client-5.27.1.jar:5.27.1]
	at com.rabbitmq.client.impl.AMQChannel.handleFrame(AMQChannel.java:125) ~[amqp-client-5.27.1.jar:5.27.1]
	at com.rabbitmq.client.impl.AMQConnection.readFrame(AMQConnection.java:768) ~[amqp-client-5.27.1.jar:5.27.1]
	at com.rabbitmq.client.impl.AMQConnection.access$400(AMQConnection.java:49) ~[amqp-client-5.27.1.jar:5.27.1]
	at com.rabbitmq.client.impl.AMQConnection$MainLoop.run(AMQConnection.java:695) ~[amqp-client-5.27.1.jar:5.27.1]
	... 1 common frames omitted

2026-01-06T11:43:49.393+06:00  INFO [inventory-service,,] 692178 --- [inventory-service] [tContainer#0-25] o.s.a.r.listener.BlockingQueueConsumer   : Queue declaration succeeded after retrying
2026-01-06T11:43:49.416+06:00  WARN [inventory-service,,] 692178 --- [inventory-service] [tContainer#0-25] s.a.r.l.ConditionalRejectingErrorHandler : Execution of Rabbit message listener failed.

org.springframework.amqp.rabbit.support.ListenerExecutionFailedException: Failed to convert message
	at org.springframework.amqp.rabbit.listener.adapter.MessagingMessageListenerAdapter.onMessage(MessagingMessageListenerAdapter.java:166) ~[spring-rabbit-4.0.1.jar:4.0.1]
	at org.springframework.amqp.rabbit.listener.AbstractMessageListenerContainer.doInvokeListener(AbstractMessageListenerContainer.java:1683) ~[spring-rabbit-4.0.1.jar:4.0.1]
	at org.springframework.amqp.rabbit.listener.AbstractMessageListenerContainer.actualInvokeListener(AbstractMessageListenerContainer.java:1612) ~[spring-rabbit-4.0.1.jar:4.0.1]
	at org.springframework.amqp.rabbit.listener.AbstractMessageListenerContainer.invokeListener(AbstractMessageListenerContainer.java:1599) ~[spring-rabbit-4.0.1.jar:4.0.1]
	at org.springframework.amqp.rabbit.listener.AbstractMessageListenerContainer.doExecuteListener(AbstractMessageListenerContainer.java:1590) ~[spring-rabbit-4.0.1.jar:4.0.1]
	at org.springframework.amqp.rabbit.listener.AbstractMessageListenerContainer.executeListenerAndHandleException(AbstractMessageListenerContainer.java:1539) ~[spring-rabbit-4.0.1.jar:4.0.1]
	at org.springframework.amqp.rabbit.listener.AbstractMessageListenerContainer.executeListener(AbstractMessageListenerContainer.java:1520) ~[spring-rabbit-4.0.1.jar:4.0.1]
	at org.springframework.amqp.rabbit.listener.SimpleMessageListenerContainer.doReceiveAndExecute(SimpleMessageListenerContainer.java:1116) ~[spring-rabbit-4.0.1.jar:4.0.1]
	at org.springframework.amqp.rabbit.listener.SimpleMessageListenerContainer.receiveAndExecute(SimpleMessageListenerContainer.java:1061) ~[spring-rabbit-4.0.1.jar:4.0.1]
	at org.springframework.amqp.rabbit.listener.SimpleMessageListenerContainer$AsyncMessageProcessingConsumer.mainLoop(SimpleMessageListenerContainer.java:1465) ~[spring-rabbit-4.0.1.jar:4.0.1]
	at org.springframework.amqp.rabbit.listener.SimpleMessageListenerContainer$AsyncMessageProcessingConsumer.run(SimpleMessageListenerContainer.java:1359) ~[spring-rabbit-4.0.1.jar:4.0.1]
	at java.base/java.lang.Thread.run(Thread.java:1583) ~[na:na]
Caused by: org.springframework.amqp.support.converter.MessageConversionException: failed to convert serialized Message content
	at org.springframework.amqp.support.converter.SimpleMessageConverter.fromMessage(SimpleMessageConverter.java:96) ~[spring-amqp-4.0.1.jar:4.0.1]
	at org.springframework.amqp.rabbit.listener.adapter.AbstractAdaptableMessageListener.extractMessage(AbstractAdaptableMessageListener.java:355) ~[spring-rabbit-4.0.1.jar:4.0.1]
	at org.springframework.amqp.rabbit.listener.adapter.MessagingMessageListenerAdapter$MessagingMessageConverterAdapter.extractPayload(MessagingMessageListenerAdapter.java:397) ~[spring-rabbit-4.0.1.jar:4.0.1]
	at org.springframework.amqp.support.converter.MessagingMessageConverter.fromMessage(MessagingMessageConverter.java:129) ~[spring-amqp-4.0.1.jar:4.0.1]
	at org.springframework.amqp.rabbit.listener.adapter.MessagingMessageListenerAdapter.toMessagingMessage(MessagingMessageListenerAdapter.java:267) ~[spring-rabbit-4.0.1.jar:4.0.1]
	at org.springframework.amqp.rabbit.listener.adapter.MessagingMessageListenerAdapter.onMessage(MessagingMessageListenerAdapter.java:156) ~[spring-rabbit-4.0.1.jar:4.0.1]
	... 11 common frames omitted
Caused by: java.lang.IllegalStateException: Could not deserialize object type
	at org.springframework.amqp.utils.SerializationUtils.deserialize(SerializationUtils.java:110) ~[spring-amqp-4.0.1.jar:4.0.1]
	at org.springframework.amqp.support.converter.SimpleMessageConverter.fromMessage(SimpleMessageConverter.java:92) ~[spring-amqp-4.0.1.jar:4.0.1]
	... 16 common frames omitted
Caused by: java.lang.ClassNotFoundException: com.example.tracing.order.Order
	at java.base/jdk.internal.loader.BuiltinClassLoader.loadClass(BuiltinClassLoader.java:641) ~[na:na]
	at java.base/jdk.internal.loader.ClassLoaders$AppClassLoader.loadClass(ClassLoaders.java:188) ~[na:na]
	at java.base/java.lang.ClassLoader.loadClass(ClassLoader.java:526) ~[na:na]
	at java.base/java.lang.Class.forName0(Native Method) ~[na:na]
	at java.base/java.lang.Class.forName(Class.java:536) ~[na:na]
	at java.base/java.lang.Class.forName(Class.java:515) ~[na:na]
	at org.springframework.util.ClassUtils.forName(ClassUtils.java:302) ~[spring-core-7.0.2.jar:7.0.2]
	at org.springframework.core.ConfigurableObjectInputStream.resolveClass(ConfigurableObjectInputStream.java:76) ~[spring-core-7.0.2.jar:7.0.2]
	at org.springframework.amqp.support.converter.SimpleMessageConverter$1.resolveClass(SimpleMessageConverter.java:157) ~[spring-amqp-4.0.1.jar:4.0.1]
	at java.base/java.io.ObjectInputStream.readNonProxyDesc(ObjectInputStream.java:2061) ~[na:na]
	at java.base/java.io.ObjectInputStream.readClassDesc(ObjectInputStream.java:1927) ~[na:na]
	at java.base/java.io.ObjectInputStream.readOrdinaryObject(ObjectInputStream.java:2252) ~[na:na]
	at java.base/java.io.ObjectInputStream.readObject0(ObjectInputStream.java:1762) ~[na:na]
	at java.base/java.io.ObjectInputStream.readObject(ObjectInputStream.java:540) ~[na:na]
	at java.base/java.io.ObjectInputStream.readObject(ObjectInputStream.java:498) ~[na:na]
	at org.springframework.amqp.utils.SerializationUtils.deserialize(SerializationUtils.java:104) ~[spring-amqp-4.0.1.jar:4.0.1]
	... 17 common frames omitted

2026-01-06T11:43:49.431+06:00  WARN [inventory-service,,] 692178 --- [inventory-service] [tContainer#0-25] ingErrorHandler$DefaultExceptionStrategy : Fatal message conversion error; message rejected; it will be dropped or routed to a dead letter exchange, if so configured: (Body:'[serialized object]' MessageProperties [headers={}, contentType=application/x-java-serialized-object, contentLength=0, receivedDeliveryMode=PERSISTENT, priority=0, redelivered=false, receivedExchange=orders.exchange, receivedRoutingKey=orders.created, deliveryTag=1, consumerTag=amq.ctag-aH33v-nNoG5Lpbjpm3FUFg, consumerQueue=orders.queue])
2026-01-06T11:43:49.431+06:00 ERROR [inventory-service,,] 692178 --- [inventory-service] [tContainer#0-25] o.s.a.r.l.SimpleMessageListenerContainer : Execution of Rabbit message listener failed, and the error handler threw an exception

org.springframework.amqp.AmqpRejectAndDontRequeueException: Error Handler converted exception to fatal
	at org.springframework.amqp.rabbit.listener.ConditionalRejectingErrorHandler.handleError(ConditionalRejectingErrorHandler.java:149) ~[spring-rabbit-4.0.1.jar:4.0.1]
	at org.springframework.amqp.rabbit.listener.AbstractMessageListenerContainer.invokeErrorHandler(AbstractMessageListenerContainer.java:1490) ~[spring-rabbit-4.0.1.jar:4.0.1]
	at org.springframework.amqp.rabbit.listener.AbstractMessageListenerContainer.handleListenerException(AbstractMessageListenerContainer.java:1769) ~[spring-rabbit-4.0.1.jar:4.0.1]
	at org.springframework.amqp.rabbit.listener.AbstractMessageListenerContainer.executeListenerAndHandleException(AbstractMessageListenerContainer.java:1560) ~[spring-rabbit-4.0.1.jar:4.0.1]
	at org.springframework.amqp.rabbit.listener.AbstractMessageListenerContainer.executeListener(AbstractMessageListenerContainer.java:1520) ~[spring-rabbit-4.0.1.jar:4.0.1]
	at org.springframework.amqp.rabbit.listener.SimpleMessageListenerContainer.doReceiveAndExecute(SimpleMessageListenerContainer.java:1116) ~[spring-rabbit-4.0.1.jar:4.0.1]
	at org.springframework.amqp.rabbit.listener.SimpleMessageListenerContainer.receiveAndExecute(SimpleMessageListenerContainer.java:1061) ~[spring-rabbit-4.0.1.jar:4.0.1]
	at org.springframework.amqp.rabbit.listener.SimpleMessageListenerContainer$AsyncMessageProcessingConsumer.mainLoop(SimpleMessageListenerContainer.java:1465) ~[spring-rabbit-4.0.1.jar:4.0.1]
	at org.springframework.amqp.rabbit.listener.SimpleMessageListenerContainer$AsyncMessageProcessingConsumer.run(SimpleMessageListenerContainer.java:1359) ~[spring-rabbit-4.0.1.jar:4.0.1]
	at java.base/java.lang.Thread.run(Thread.java:1583) ~[na:na]
Caused by: org.springframework.amqp.rabbit.support.ListenerExecutionFailedException: Failed to convert message
	at org.springframework.amqp.rabbit.listener.adapter.MessagingMessageListenerAdapter.onMessage(MessagingMessageListenerAdapter.java:166) ~[spring-rabbit-4.0.1.jar:4.0.1]
	at org.springframework.amqp.rabbit.listener.AbstractMessageListenerContainer.doInvokeListener(AbstractMessageListenerContainer.java:1683) ~[spring-rabbit-4.0.1.jar:4.0.1]
	at org.springframework.amqp.rabbit.listener.AbstractMessageListenerContainer.actualInvokeListener(AbstractMessageListenerContainer.java:1612) ~[spring-rabbit-4.0.1.jar:4.0.1]
	at org.springframework.amqp.rabbit.listener.AbstractMessageListenerContainer.invokeListener(AbstractMessageListenerContainer.java:1599) ~[spring-rabbit-4.0.1.jar:4.0.1]
	at org.springframework.amqp.rabbit.listener.AbstractMessageListenerContainer.doExecuteListener(AbstractMessageListenerContainer.java:1590) ~[spring-rabbit-4.0.1.jar:4.0.1]
	at org.springframework.amqp.rabbit.listener.AbstractMessageListenerContainer.executeListenerAndHandleException(AbstractMessageListenerContainer.java:1539) ~[spring-rabbit-4.0.1.jar:4.0.1]
	... 6 common frames omitted
Caused by: org.springframework.amqp.support.converter.MessageConversionException: failed to convert serialized Message content
	at org.springframework.amqp.support.converter.SimpleMessageConverter.fromMessage(SimpleMessageConverter.java:96) ~[spring-amqp-4.0.1.jar:4.0.1]
	at org.springframework.amqp.rabbit.listener.adapter.AbstractAdaptableMessageListener.extractMessage(AbstractAdaptableMessageListener.java:355) ~[spring-rabbit-4.0.1.jar:4.0.1]
	at org.springframework.amqp.rabbit.listener.adapter.MessagingMessageListenerAdapter$MessagingMessageConverterAdapter.extractPayload(MessagingMessageListenerAdapter.java:397) ~[spring-rabbit-4.0.1.jar:4.0.1]
	at org.springframework.amqp.support.converter.MessagingMessageConverter.fromMessage(MessagingMessageConverter.java:129) ~[spring-amqp-4.0.1.jar:4.0.1]
	at org.springframework.amqp.rabbit.listener.adapter.MessagingMessageListenerAdapter.toMessagingMessage(MessagingMessageListenerAdapter.java:267) ~[spring-rabbit-4.0.1.jar:4.0.1]
	at org.springframework.amqp.rabbit.listener.adapter.MessagingMessageListenerAdapter.onMessage(MessagingMessageListenerAdapter.java:156) ~[spring-rabbit-4.0.1.jar:4.0.1]
	... 11 common frames omitted
Caused by: java.lang.IllegalStateException: Could not deserialize object type
	at org.springframework.amqp.utils.SerializationUtils.deserialize(SerializationUtils.java:110) ~[spring-amqp-4.0.1.jar:4.0.1]
	at org.springframework.amqp.support.converter.SimpleMessageConverter.fromMessage(SimpleMessageConverter.java:92) ~[spring-amqp-4.0.1.jar:4.0.1]
	... 16 common frames omitted
Caused by: java.lang.ClassNotFoundException: com.example.tracing.order.Order
	at java.base/jdk.internal.loader.BuiltinClassLoader.loadClass(BuiltinClassLoader.java:641) ~[na:na]
	at java.base/jdk.internal.loader.ClassLoaders$AppClassLoader.loadClass(ClassLoaders.java:188) ~[na:na]
	at java.base/java.lang.ClassLoader.loadClass(ClassLoader.java:526) ~[na:na]
	at java.base/java.lang.Class.forName0(Native Method) ~[na:na]
	at java.base/java.lang.Class.forName(Class.java:536) ~[na:na]
	at java.base/java.lang.Class.forName(Class.java:515) ~[na:na]
	at org.springframework.util.ClassUtils.forName(ClassUtils.java:302) ~[spring-core-7.0.2.jar:7.0.2]
	at org.springframework.core.ConfigurableObjectInputStream.resolveClass(ConfigurableObjectInputStream.java:76) ~[spring-core-7.0.2.jar:7.0.2]
	at org.springframework.amqp.support.converter.SimpleMessageConverter$1.resolveClass(SimpleMessageConverter.java:157) ~[spring-amqp-4.0.1.jar:4.0.1]
	at java.base/java.io.ObjectInputStream.readNonProxyDesc(ObjectInputStream.java:2061) ~[na:na]
	at java.base/java.io.ObjectInputStream.readClassDesc(ObjectInputStream.java:1927) ~[na:na]
	at java.base/java.io.ObjectInputStream.readOrdinaryObject(ObjectInputStream.java:2252) ~[na:na]
	at java.base/java.io.ObjectInputStream.readObject0(ObjectInputStream.java:1762) ~[na:na]
	at java.base/java.io.ObjectInputStream.readObject(ObjectInputStream.java:540) ~[na:na]
	at java.base/java.io.ObjectInputStream.readObject(ObjectInputStream.java:498) ~[na:na]
	at org.springframework.amqp.utils.SerializationUtils.deserialize(SerializationUtils.java:104) ~[spring-amqp-4.0.1.jar:4.0.1]
	... 17 common frames omitted

2026-01-06T11:43:49.974+06:00  WARN [inventory-service,,] 692178 --- [inventory-service] [tContainer#0-25] s.a.r.l.ConditionalRejectingErrorHandler : Execution of Rabbit message listener failed.

org.springframework.amqp.rabbit.support.ListenerExecutionFailedException: Failed to convert message
	at org.springframework.amqp.rabbit.listener.adapter.MessagingMessageListenerAdapter.onMessage(MessagingMessageListenerAdapter.java:166) ~[spring-rabbit-4.0.1.jar:4.0.1]
	at org.springframework.amqp.rabbit.listener.AbstractMessageListenerContainer.doInvokeListener(AbstractMessageListenerContainer.java:1683) ~[spring-rabbit-4.0.1.jar:4.0.1]
	at org.springframework.amqp.rabbit.listener.AbstractMessageListenerContainer.actualInvokeListener(AbstractMessageListenerContainer.java:1612) ~[spring-rabbit-4.0.1.jar:4.0.1]
	at org.springframework.amqp.rabbit.listener.AbstractMessageListenerContainer.invokeListener(AbstractMessageListenerContainer.java:1599) ~[spring-rabbit-4.0.1.jar:4.0.1]
	at org.springframework.amqp.rabbit.listener.AbstractMessageListenerContainer.doExecuteListener(AbstractMessageListenerContainer.java:1590) ~[spring-rabbit-4.0.1.jar:4.0.1]
	at org.springframework.amqp.rabbit.listener.AbstractMessageListenerContainer.executeListenerAndHandleException(AbstractMessageListenerContainer.java:1539) ~[spring-rabbit-4.0.1.jar:4.0.1]
	at org.springframework.amqp.rabbit.listener.AbstractMessageListenerContainer.executeListener(AbstractMessageListenerContainer.java:1520) ~[spring-rabbit-4.0.1.jar:4.0.1]
	at org.springframework.amqp.rabbit.listener.SimpleMessageListenerContainer.doReceiveAndExecute(SimpleMessageListenerContainer.java:1116) ~[spring-rabbit-4.0.1.jar:4.0.1]
	at org.springframework.amqp.rabbit.listener.SimpleMessageListenerContainer.receiveAndExecute(SimpleMessageListenerContainer.java:1061) ~[spring-rabbit-4.0.1.jar:4.0.1]
	at org.springframework.amqp.rabbit.listener.SimpleMessageListenerContainer$AsyncMessageProcessingConsumer.mainLoop(SimpleMessageListenerContainer.java:1465) ~[spring-rabbit-4.0.1.jar:4.0.1]
	at org.springframework.amqp.rabbit.listener.SimpleMessageListenerContainer$AsyncMessageProcessingConsumer.run(SimpleMessageListenerContainer.java:1359) ~[spring-rabbit-4.0.1.jar:4.0.1]
	at java.base/java.lang.Thread.run(Thread.java:1583) ~[na:na]
Caused by: org.springframework.amqp.support.converter.MessageConversionException: failed to convert serialized Message content
	at org.springframework.amqp.support.converter.SimpleMessageConverter.fromMessage(SimpleMessageConverter.java:96) ~[spring-amqp-4.0.1.jar:4.0.1]
	at org.springframework.amqp.rabbit.listener.adapter.AbstractAdaptableMessageListener.extractMessage(AbstractAdaptableMessageListener.java:355) ~[spring-rabbit-4.0.1.jar:4.0.1]
	at org.springframework.amqp.rabbit.listener.adapter.MessagingMessageListenerAdapter$MessagingMessageConverterAdapter.extractPayload(MessagingMessageListenerAdapter.java:397) ~[spring-rabbit-4.0.1.jar:4.0.1]
	at org.springframework.amqp.support.converter.MessagingMessageConverter.fromMessage(MessagingMessageConverter.java:129) ~[spring-amqp-4.0.1.jar:4.0.1]
	at org.springframework.amqp.rabbit.listener.adapter.MessagingMessageListenerAdapter.toMessagingMessage(MessagingMessageListenerAdapter.java:267) ~[spring-rabbit-4.0.1.jar:4.0.1]
	at org.springframework.amqp.rabbit.listener.adapter.MessagingMessageListenerAdapter.onMessage(MessagingMessageListenerAdapter.java:156) ~[spring-rabbit-4.0.1.jar:4.0.1]
	... 11 common frames omitted
Caused by: java.lang.IllegalStateException: Could not deserialize object type
	at org.springframework.amqp.utils.SerializationUtils.deserialize(SerializationUtils.java:110) ~[spring-amqp-4.0.1.jar:4.0.1]
	at org.springframework.amqp.support.converter.SimpleMessageConverter.fromMessage(SimpleMessageConverter.java:92) ~[spring-amqp-4.0.1.jar:4.0.1]
	... 16 common frames omitted
Caused by: java.lang.ClassNotFoundException: com.example.tracing.order.Order
	at java.base/jdk.internal.loader.BuiltinClassLoader.loadClass(BuiltinClassLoader.java:641) ~[na:na]
	at java.base/jdk.internal.loader.ClassLoaders$AppClassLoader.loadClass(ClassLoaders.java:188) ~[na:na]
	at java.base/java.lang.ClassLoader.loadClass(ClassLoader.java:526) ~[na:na]
	at java.base/java.lang.Class.forName0(Native Method) ~[na:na]
	at java.base/java.lang.Class.forName(Class.java:536) ~[na:na]
	at java.base/java.lang.Class.forName(Class.java:515) ~[na:na]
	at org.springframework.util.ClassUtils.forName(ClassUtils.java:302) ~[spring-core-7.0.2.jar:7.0.2]
	at org.springframework.core.ConfigurableObjectInputStream.resolveClass(ConfigurableObjectInputStream.java:76) ~[spring-core-7.0.2.jar:7.0.2]
	at org.springframework.amqp.support.converter.SimpleMessageConverter$1.resolveClass(SimpleMessageConverter.java:157) ~[spring-amqp-4.0.1.jar:4.0.1]
	at java.base/java.io.ObjectInputStream.readNonProxyDesc(ObjectInputStream.java:2061) ~[na:na]
	at java.base/java.io.ObjectInputStream.readClassDesc(ObjectInputStream.java:1927) ~[na:na]
	at java.base/java.io.ObjectInputStream.readOrdinaryObject(ObjectInputStream.java:2252) ~[na:na]
	at java.base/java.io.ObjectInputStream.readObject0(ObjectInputStream.java:1762) ~[na:na]
	at java.base/java.io.ObjectInputStream.readObject(ObjectInputStream.java:540) ~[na:na]
	at java.base/java.io.ObjectInputStream.readObject(ObjectInputStream.java:498) ~[na:na]
	at org.springframework.amqp.utils.SerializationUtils.deserialize(SerializationUtils.java:104) ~[spring-amqp-4.0.1.jar:4.0.1]
	... 17 common frames omitted

2026-01-06T11:43:49.975+06:00  WARN [inventory-service,,] 692178 --- [inventory-service] [tContainer#0-25] ingErrorHandler$DefaultExceptionStrategy : Fatal message conversion error; message rejected; it will be dropped or routed to a dead letter exchange, if so configured: (Body:'[serialized object]' MessageProperties [headers={}, contentType=application/x-java-serialized-object, contentLength=0, receivedDeliveryMode=PERSISTENT, priority=0, redelivered=false, receivedExchange=orders.exchange, receivedRoutingKey=orders.created, deliveryTag=2, consumerTag=amq.ctag-aH33v-nNoG5Lpbjpm3FUFg, consumerQueue=orders.queue])
2026-01-06T11:43:49.976+06:00 ERROR [inventory-service,,] 692178 --- [inventory-service] [tContainer#0-25] o.s.a.r.l.SimpleMessageListenerContainer : Execution of Rabbit message listener failed, and the error handler threw an exception

org.springframework.amqp.AmqpRejectAndDontRequeueException: Error Handler converted exception to fatal
	at org.springframework.amqp.rabbit.listener.ConditionalRejectingErrorHandler.handleError(ConditionalRejectingErrorHandler.java:149) ~[spring-rabbit-4.0.1.jar:4.0.1]
	at org.springframework.amqp.rabbit.listener.AbstractMessageListenerContainer.invokeErrorHandler(AbstractMessageListenerContainer.java:1490) ~[spring-rabbit-4.0.1.jar:4.0.1]
	at org.springframework.amqp.rabbit.listener.AbstractMessageListenerContainer.handleListenerException(AbstractMessageListenerContainer.java:1769) ~[spring-rabbit-4.0.1.jar:4.0.1]
	at org.springframework.amqp.rabbit.listener.AbstractMessageListenerContainer.executeListenerAndHandleException(AbstractMessageListenerContainer.java:1560) ~[spring-rabbit-4.0.1.jar:4.0.1]
	at org.springframework.amqp.rabbit.listener.AbstractMessageListenerContainer.executeListener(AbstractMessageListenerContainer.java:1520) ~[spring-rabbit-4.0.1.jar:4.0.1]
	at org.springframework.amqp.rabbit.listener.SimpleMessageListenerContainer.doReceiveAndExecute(SimpleMessageListenerContainer.java:1116) ~[spring-rabbit-4.0.1.jar:4.0.1]
	at org.springframework.amqp.rabbit.listener.SimpleMessageListenerContainer.receiveAndExecute(SimpleMessageListenerContainer.java:1061) ~[spring-rabbit-4.0.1.jar:4.0.1]
	at org.springframework.amqp.rabbit.listener.SimpleMessageListenerContainer$AsyncMessageProcessingConsumer.mainLoop(SimpleMessageListenerContainer.java:1465) ~[spring-rabbit-4.0.1.jar:4.0.1]
	at org.springframework.amqp.rabbit.listener.SimpleMessageListenerContainer$AsyncMessageProcessingConsumer.run(SimpleMessageListenerContainer.java:1359) ~[spring-rabbit-4.0.1.jar:4.0.1]
	at java.base/java.lang.Thread.run(Thread.java:1583) ~[na:na]
Caused by: org.springframework.amqp.rabbit.support.ListenerExecutionFailedException: Failed to convert message
	at org.springframework.amqp.rabbit.listener.adapter.MessagingMessageListenerAdapter.onMessage(MessagingMessageListenerAdapter.java:166) ~[spring-rabbit-4.0.1.jar:4.0.1]
	at org.springframework.amqp.rabbit.listener.AbstractMessageListenerContainer.doInvokeListener(AbstractMessageListenerContainer.java:1683) ~[spring-rabbit-4.0.1.jar:4.0.1]
	at org.springframework.amqp.rabbit.listener.AbstractMessageListenerContainer.actualInvokeListener(AbstractMessageListenerContainer.java:1612) ~[spring-rabbit-4.0.1.jar:4.0.1]
	at org.springframework.amqp.rabbit.listener.AbstractMessageListenerContainer.invokeListener(AbstractMessageListenerContainer.java:1599) ~[spring-rabbit-4.0.1.jar:4.0.1]
	at org.springframework.amqp.rabbit.listener.AbstractMessageListenerContainer.doExecuteListener(AbstractMessageListenerContainer.java:1590) ~[spring-rabbit-4.0.1.jar:4.0.1]
	at org.springframework.amqp.rabbit.listener.AbstractMessageListenerContainer.executeListenerAndHandleException(AbstractMessageListenerContainer.java:1539) ~[spring-rabbit-4.0.1.jar:4.0.1]
	... 6 common frames omitted
Caused by: org.springframework.amqp.support.converter.MessageConversionException: failed to convert serialized Message content
	at org.springframework.amqp.support.converter.SimpleMessageConverter.fromMessage(SimpleMessageConverter.java:96) ~[spring-amqp-4.0.1.jar:4.0.1]
	at org.springframework.amqp.rabbit.listener.adapter.AbstractAdaptableMessageListener.extractMessage(AbstractAdaptableMessageListener.java:355) ~[spring-rabbit-4.0.1.jar:4.0.1]
	at org.springframework.amqp.rabbit.listener.adapter.MessagingMessageListenerAdapter$MessagingMessageConverterAdapter.extractPayload(MessagingMessageListenerAdapter.java:397) ~[spring-rabbit-4.0.1.jar:4.0.1]
	at org.springframework.amqp.support.converter.MessagingMessageConverter.fromMessage(MessagingMessageConverter.java:129) ~[spring-amqp-4.0.1.jar:4.0.1]
	at org.springframework.amqp.rabbit.listener.adapter.MessagingMessageListenerAdapter.toMessagingMessage(MessagingMessageListenerAdapter.java:267) ~[spring-rabbit-4.0.1.jar:4.0.1]
	at org.springframework.amqp.rabbit.listener.adapter.MessagingMessageListenerAdapter.onMessage(MessagingMessageListenerAdapter.java:156) ~[spring-rabbit-4.0.1.jar:4.0.1]
	... 11 common frames omitted
Caused by: java.lang.IllegalStateException: Could not deserialize object type
	at org.springframework.amqp.utils.SerializationUtils.deserialize(SerializationUtils.java:110) ~[spring-amqp-4.0.1.jar:4.0.1]
	at org.springframework.amqp.support.converter.SimpleMessageConverter.fromMessage(SimpleMessageConverter.java:92) ~[spring-amqp-4.0.1.jar:4.0.1]
	... 16 common frames omitted
Caused by: java.lang.ClassNotFoundException: com.example.tracing.order.Order
	at java.base/jdk.internal.loader.BuiltinClassLoader.loadClass(BuiltinClassLoader.java:641) ~[na:na]
	at java.base/jdk.internal.loader.ClassLoaders$AppClassLoader.loadClass(ClassLoaders.java:188) ~[na:na]
	at java.base/java.lang.ClassLoader.loadClass(ClassLoader.java:526) ~[na:na]
	at java.base/java.lang.Class.forName0(Native Method) ~[na:na]
	at java.base/java.lang.Class.forName(Class.java:536) ~[na:na]
	at java.base/java.lang.Class.forName(Class.java:515) ~[na:na]
	at org.springframework.util.ClassUtils.forName(ClassUtils.java:302) ~[spring-core-7.0.2.jar:7.0.2]
	at org.springframework.core.ConfigurableObjectInputStream.resolveClass(ConfigurableObjectInputStream.java:76) ~[spring-core-7.0.2.jar:7.0.2]
	at org.springframework.amqp.support.converter.SimpleMessageConverter$1.resolveClass(SimpleMessageConverter.java:157) ~[spring-amqp-4.0.1.jar:4.0.1]
	at java.base/java.io.ObjectInputStream.readNonProxyDesc(ObjectInputStream.java:2061) ~[na:na]
	at java.base/java.io.ObjectInputStream.readClassDesc(ObjectInputStream.java:1927) ~[na:na]
	at java.base/java.io.ObjectInputStream.readOrdinaryObject(ObjectInputStream.java:2252) ~[na:na]
	at java.base/java.io.ObjectInputStream.readObject0(ObjectInputStream.java:1762) ~[na:na]
	at java.base/java.io.ObjectInputStream.readObject(ObjectInputStream.java:540) ~[na:na]
	at java.base/java.io.ObjectInputStream.readObject(ObjectInputStream.java:498) ~[na:na]
	at org.springframework.amqp.utils.SerializationUtils.deserialize(SerializationUtils.java:104) ~[spring-amqp-4.0.1.jar:4.0.1]
	... 17 common frames omitted

2026-01-06T11:43:53.701+06:00  WARN [inventory-service,,] 692178 --- [inventory-service] [tContainer#0-25] s.a.r.l.ConditionalRejectingErrorHandler : Execution of Rabbit message listener failed.

org.springframework.amqp.rabbit.support.ListenerExecutionFailedException: Failed to convert message
	at org.springframework.amqp.rabbit.listener.adapter.MessagingMessageListenerAdapter.onMessage(MessagingMessageListenerAdapter.java:166) ~[spring-rabbit-4.0.1.jar:4.0.1]
	at org.springframework.amqp.rabbit.listener.AbstractMessageListenerContainer.doInvokeListener(AbstractMessageListenerContainer.java:1683) ~[spring-rabbit-4.0.1.jar:4.0.1]
	at org.springframework.amqp.rabbit.listener.AbstractMessageListenerContainer.actualInvokeListener(AbstractMessageListenerContainer.java:1612) ~[spring-rabbit-4.0.1.jar:4.0.1]
	at org.springframework.amqp.rabbit.listener.AbstractMessageListenerContainer.invokeListener(AbstractMessageListenerContainer.java:1599) ~[spring-rabbit-4.0.1.jar:4.0.1]
	at org.springframework.amqp.rabbit.listener.AbstractMessageListenerContainer.doExecuteListener(AbstractMessageListenerContainer.java:1590) ~[spring-rabbit-4.0.1.jar:4.0.1]
	at org.springframework.amqp.rabbit.listener.AbstractMessageListenerContainer.executeListenerAndHandleException(AbstractMessageListenerContainer.java:1539) ~[spring-rabbit-4.0.1.jar:4.0.1]
	at org.springframework.amqp.rabbit.listener.AbstractMessageListenerContainer.executeListener(AbstractMessageListenerContainer.java:1520) ~[spring-rabbit-4.0.1.jar:4.0.1]
	at org.springframework.amqp.rabbit.listener.SimpleMessageListenerContainer.doReceiveAndExecute(SimpleMessageListenerContainer.java:1116) ~[spring-rabbit-4.0.1.jar:4.0.1]
	at org.springframework.amqp.rabbit.listener.SimpleMessageListenerContainer.receiveAndExecute(SimpleMessageListenerContainer.java:1061) ~[spring-rabbit-4.0.1.jar:4.0.1]
	at org.springframework.amqp.rabbit.listener.SimpleMessageListenerContainer$AsyncMessageProcessingConsumer.mainLoop(SimpleMessageListenerContainer.java:1465) ~[spring-rabbit-4.0.1.jar:4.0.1]
	at org.springframework.amqp.rabbit.listener.SimpleMessageListenerContainer$AsyncMessageProcessingConsumer.run(SimpleMessageListenerContainer.java:1359) ~[spring-rabbit-4.0.1.jar:4.0.1]
	at java.base/java.lang.Thread.run(Thread.java:1583) ~[na:na]
Caused by: org.springframework.amqp.support.converter.MessageConversionException: failed to convert serialized Message content
	at org.springframework.amqp.support.converter.SimpleMessageConverter.fromMessage(SimpleMessageConverter.java:96) ~[spring-amqp-4.0.1.jar:4.0.1]
	at org.springframework.amqp.rabbit.listener.adapter.AbstractAdaptableMessageListener.extractMessage(AbstractAdaptableMessageListener.java:355) ~[spring-rabbit-4.0.1.jar:4.0.1]
	at org.springframework.amqp.rabbit.listener.adapter.MessagingMessageListenerAdapter$MessagingMessageConverterAdapter.extractPayload(MessagingMessageListenerAdapter.java:397) ~[spring-rabbit-4.0.1.jar:4.0.1]
	at org.springframework.amqp.support.converter.MessagingMessageConverter.fromMessage(MessagingMessageConverter.java:129) ~[spring-amqp-4.0.1.jar:4.0.1]
	at org.springframework.amqp.rabbit.listener.adapter.MessagingMessageListenerAdapter.toMessagingMessage(MessagingMessageListenerAdapter.java:267) ~[spring-rabbit-4.0.1.jar:4.0.1]
	at org.springframework.amqp.rabbit.listener.adapter.MessagingMessageListenerAdapter.onMessage(MessagingMessageListenerAdapter.java:156) ~[spring-rabbit-4.0.1.jar:4.0.1]
	... 11 common frames omitted
Caused by: java.lang.IllegalStateException: Could not deserialize object type
	at org.springframework.amqp.utils.SerializationUtils.deserialize(SerializationUtils.java:110) ~[spring-amqp-4.0.1.jar:4.0.1]
	at org.springframework.amqp.support.converter.SimpleMessageConverter.fromMessage(SimpleMessageConverter.java:92) ~[spring-amqp-4.0.1.jar:4.0.1]
	... 16 common frames omitted
Caused by: java.lang.ClassNotFoundException: com.example.tracing.order.Order
	at java.base/jdk.internal.loader.BuiltinClassLoader.loadClass(BuiltinClassLoader.java:641) ~[na:na]
	at java.base/jdk.internal.loader.ClassLoaders$AppClassLoader.loadClass(ClassLoaders.java:188) ~[na:na]
	at java.base/java.lang.ClassLoader.loadClass(ClassLoader.java:526) ~[na:na]
	at java.base/java.lang.Class.forName0(Native Method) ~[na:na]
	at java.base/java.lang.Class.forName(Class.java:536) ~[na:na]
	at java.base/java.lang.Class.forName(Class.java:515) ~[na:na]
	at org.springframework.util.ClassUtils.forName(ClassUtils.java:302) ~[spring-core-7.0.2.jar:7.0.2]
	at org.springframework.core.ConfigurableObjectInputStream.resolveClass(ConfigurableObjectInputStream.java:76) ~[spring-core-7.0.2.jar:7.0.2]
	at org.springframework.amqp.support.converter.SimpleMessageConverter$1.resolveClass(SimpleMessageConverter.java:157) ~[spring-amqp-4.0.1.jar:4.0.1]
	at java.base/java.io.ObjectInputStream.readNonProxyDesc(ObjectInputStream.java:2061) ~[na:na]
	at java.base/java.io.ObjectInputStream.readClassDesc(ObjectInputStream.java:1927) ~[na:na]
	at java.base/java.io.ObjectInputStream.readOrdinaryObject(ObjectInputStream.java:2252) ~[na:na]
	at java.base/java.io.ObjectInputStream.readObject0(ObjectInputStream.java:1762) ~[na:na]
	at java.base/java.io.ObjectInputStream.readObject(ObjectInputStream.java:540) ~[na:na]
	at java.base/java.io.ObjectInputStream.readObject(ObjectInputStream.java:498) ~[na:na]
	at org.springframework.amqp.utils.SerializationUtils.deserialize(SerializationUtils.java:104) ~[spring-amqp-4.0.1.jar:4.0.1]
	... 17 common frames omitted

2026-01-06T11:43:53.702+06:00  WARN [inventory-service,,] 692178 --- [inventory-service] [tContainer#0-25] ingErrorHandler$DefaultExceptionStrategy : Fatal message conversion error; message rejected; it will be dropped or routed to a dead letter exchange, if so configured: (Body:'[serialized object]' MessageProperties [headers={}, contentType=application/x-java-serialized-object, contentLength=0, receivedDeliveryMode=PERSISTENT, priority=0, redelivered=false, receivedExchange=orders.exchange, receivedRoutingKey=orders.created, deliveryTag=3, consumerTag=amq.ctag-aH33v-nNoG5Lpbjpm3FUFg, consumerQueue=orders.queue])
2026-01-06T11:43:53.702+06:00 ERROR [inventory-service,,] 692178 --- [inventory-service] [tContainer#0-25] o.s.a.r.l.SimpleMessageListenerContainer : Execution of Rabbit message listener failed, and the error handler threw an exception

org.springframework.amqp.AmqpRejectAndDontRequeueException: Error Handler converted exception to fatal
	at org.springframework.amqp.rabbit.listener.ConditionalRejectingErrorHandler.handleError(ConditionalRejectingErrorHandler.java:149) ~[spring-rabbit-4.0.1.jar:4.0.1]
	at org.springframework.amqp.rabbit.listener.AbstractMessageListenerContainer.invokeErrorHandler(AbstractMessageListenerContainer.java:1490) ~[spring-rabbit-4.0.1.jar:4.0.1]
	at org.springframework.amqp.rabbit.listener.AbstractMessageListenerContainer.handleListenerException(AbstractMessageListenerContainer.java:1769) ~[spring-rabbit-4.0.1.jar:4.0.1]
	at org.springframework.amqp.rabbit.listener.AbstractMessageListenerContainer.executeListenerAndHandleException(AbstractMessageListenerContainer.java:1560) ~[spring-rabbit-4.0.1.jar:4.0.1]
	at org.springframework.amqp.rabbit.listener.AbstractMessageListenerContainer.executeListener(AbstractMessageListenerContainer.java:1520) ~[spring-rabbit-4.0.1.jar:4.0.1]
	at org.springframework.amqp.rabbit.listener.SimpleMessageListenerContainer.doReceiveAndExecute(SimpleMessageListenerContainer.java:1116) ~[spring-rabbit-4.0.1.jar:4.0.1]
	at org.springframework.amqp.rabbit.listener.SimpleMessageListenerContainer.receiveAndExecute(SimpleMessageListenerContainer.java:1061) ~[spring-rabbit-4.0.1.jar:4.0.1]
	at org.springframework.amqp.rabbit.listener.SimpleMessageListenerContainer$AsyncMessageProcessingConsumer.mainLoop(SimpleMessageListenerContainer.java:1465) ~[spring-rabbit-4.0.1.jar:4.0.1]
	at org.springframework.amqp.rabbit.listener.SimpleMessageListenerContainer$AsyncMessageProcessingConsumer.run(SimpleMessageListenerContainer.java:1359) ~[spring-rabbit-4.0.1.jar:4.0.1]
	at java.base/java.lang.Thread.run(Thread.java:1583) ~[na:na]
Caused by: org.springframework.amqp.rabbit.support.ListenerExecutionFailedException: Failed to convert message
	at org.springframework.amqp.rabbit.listener.adapter.MessagingMessageListenerAdapter.onMessage(MessagingMessageListenerAdapter.java:166) ~[spring-rabbit-4.0.1.jar:4.0.1]
	at org.springframework.amqp.rabbit.listener.AbstractMessageListenerContainer.doInvokeListener(AbstractMessageListenerContainer.java:1683) ~[spring-rabbit-4.0.1.jar:4.0.1]
	at org.springframework.amqp.rabbit.listener.AbstractMessageListenerContainer.actualInvokeListener(AbstractMessageListenerContainer.java:1612) ~[spring-rabbit-4.0.1.jar:4.0.1]
	at org.springframework.amqp.rabbit.listener.AbstractMessageListenerContainer.invokeListener(AbstractMessageListenerContainer.java:1599) ~[spring-rabbit-4.0.1.jar:4.0.1]
	at org.springframework.amqp.rabbit.listener.AbstractMessageListenerContainer.doExecuteListener(AbstractMessageListenerContainer.java:1590) ~[spring-rabbit-4.0.1.jar:4.0.1]
	at org.springframework.amqp.rabbit.listener.AbstractMessageListenerContainer.executeListenerAndHandleException(AbstractMessageListenerContainer.java:1539) ~[spring-rabbit-4.0.1.jar:4.0.1]
	... 6 common frames omitted
Caused by: org.springframework.amqp.support.converter.MessageConversionException: failed to convert serialized Message content
	at org.springframework.amqp.support.converter.SimpleMessageConverter.fromMessage(SimpleMessageConverter.java:96) ~[spring-amqp-4.0.1.jar:4.0.1]
	at org.springframework.amqp.rabbit.listener.adapter.AbstractAdaptableMessageListener.extractMessage(AbstractAdaptableMessageListener.java:355) ~[spring-rabbit-4.0.1.jar:4.0.1]
	at org.springframework.amqp.rabbit.listener.adapter.MessagingMessageListenerAdapter$MessagingMessageConverterAdapter.extractPayload(MessagingMessageListenerAdapter.java:397) ~[spring-rabbit-4.0.1.jar:4.0.1]
	at org.springframework.amqp.support.converter.MessagingMessageConverter.fromMessage(MessagingMessageConverter.java:129) ~[spring-amqp-4.0.1.jar:4.0.1]
	at org.springframework.amqp.rabbit.listener.adapter.MessagingMessageListenerAdapter.toMessagingMessage(MessagingMessageListenerAdapter.java:267) ~[spring-rabbit-4.0.1.jar:4.0.1]
	at org.springframework.amqp.rabbit.listener.adapter.MessagingMessageListenerAdapter.onMessage(MessagingMessageListenerAdapter.java:156) ~[spring-rabbit-4.0.1.jar:4.0.1]
	... 11 common frames omitted
Caused by: java.lang.IllegalStateException: Could not deserialize object type
	at org.springframework.amqp.utils.SerializationUtils.deserialize(SerializationUtils.java:110) ~[spring-amqp-4.0.1.jar:4.0.1]
	at org.springframework.amqp.support.converter.SimpleMessageConverter.fromMessage(SimpleMessageConverter.java:92) ~[spring-amqp-4.0.1.jar:4.0.1]
	... 16 common frames omitted
Caused by: java.lang.ClassNotFoundException: com.example.tracing.order.Order
	at java.base/jdk.internal.loader.BuiltinClassLoader.loadClass(BuiltinClassLoader.java:641) ~[na:na]
	at java.base/jdk.internal.loader.ClassLoaders$AppClassLoader.loadClass(ClassLoaders.java:188) ~[na:na]
	at java.base/java.lang.ClassLoader.loadClass(ClassLoader.java:526) ~[na:na]
	at java.base/java.lang.Class.forName0(Native Method) ~[na:na]
	at java.base/java.lang.Class.forName(Class.java:536) ~[na:na]
	at java.base/java.lang.Class.forName(Class.java:515) ~[na:na]
	at org.springframework.util.ClassUtils.forName(ClassUtils.java:302) ~[spring-core-7.0.2.jar:7.0.2]
	at org.springframework.core.ConfigurableObjectInputStream.resolveClass(ConfigurableObjectInputStream.java:76) ~[spring-core-7.0.2.jar:7.0.2]
	at org.springframework.amqp.support.converter.SimpleMessageConverter$1.resolveClass(SimpleMessageConverter.java:157) ~[spring-amqp-4.0.1.jar:4.0.1]
	at java.base/java.io.ObjectInputStream.readNonProxyDesc(ObjectInputStream.java:2061) ~[na:na]
	at java.base/java.io.ObjectInputStream.readClassDesc(ObjectInputStream.java:1927) ~[na:na]
	at java.base/java.io.ObjectInputStream.readOrdinaryObject(ObjectInputStream.java:2252) ~[na:na]
	at java.base/java.io.ObjectInputStream.readObject0(ObjectInputStream.java:1762) ~[na:na]
	at java.base/java.io.ObjectInputStream.readObject(ObjectInputStream.java:540) ~[na:na]
	at java.base/java.io.ObjectInputStream.readObject(ObjectInputStream.java:498) ~[na:na]
	at org.springframework.amqp.utils.SerializationUtils.deserialize(SerializationUtils.java:104) ~[spring-amqp-4.0.1.jar:4.0.1]
	... 17 common frames omitted

2026-01-06T11:43:55.379+06:00  WARN [inventory-service,,] 692178 --- [inventory-service] [tContainer#0-25] s.a.r.l.ConditionalRejectingErrorHandler : Execution of Rabbit message listener failed.

org.springframework.amqp.rabbit.support.ListenerExecutionFailedException: Failed to convert message
	at org.springframework.amqp.rabbit.listener.adapter.MessagingMessageListenerAdapter.onMessage(MessagingMessageListenerAdapter.java:166) ~[spring-rabbit-4.0.1.jar:4.0.1]
	at org.springframework.amqp.rabbit.listener.AbstractMessageListenerContainer.doInvokeListener(AbstractMessageListenerContainer.java:1683) ~[spring-rabbit-4.0.1.jar:4.0.1]
	at org.springframework.amqp.rabbit.listener.AbstractMessageListenerContainer.actualInvokeListener(AbstractMessageListenerContainer.java:1612) ~[spring-rabbit-4.0.1.jar:4.0.1]
	at org.springframework.amqp.rabbit.listener.AbstractMessageListenerContainer.invokeListener(AbstractMessageListenerContainer.java:1599) ~[spring-rabbit-4.0.1.jar:4.0.1]
	at org.springframework.amqp.rabbit.listener.AbstractMessageListenerContainer.doExecuteListener(AbstractMessageListenerContainer.java:1590) ~[spring-rabbit-4.0.1.jar:4.0.1]
	at org.springframework.amqp.rabbit.listener.AbstractMessageListenerContainer.executeListenerAndHandleException(AbstractMessageListenerContainer.java:1539) ~[spring-rabbit-4.0.1.jar:4.0.1]
	at org.springframework.amqp.rabbit.listener.AbstractMessageListenerContainer.executeListener(AbstractMessageListenerContainer.java:1520) ~[spring-rabbit-4.0.1.jar:4.0.1]
	at org.springframework.amqp.rabbit.listener.SimpleMessageListenerContainer.doReceiveAndExecute(SimpleMessageListenerContainer.java:1116) ~[spring-rabbit-4.0.1.jar:4.0.1]
	at org.springframework.amqp.rabbit.listener.SimpleMessageListenerContainer.receiveAndExecute(SimpleMessageListenerContainer.java:1061) ~[spring-rabbit-4.0.1.jar:4.0.1]
	at org.springframework.amqp.rabbit.listener.SimpleMessageListenerContainer$AsyncMessageProcessingConsumer.mainLoop(SimpleMessageListenerContainer.java:1465) ~[spring-rabbit-4.0.1.jar:4.0.1]
	at org.springframework.amqp.rabbit.listener.SimpleMessageListenerContainer$AsyncMessageProcessingConsumer.run(SimpleMessageListenerContainer.java:1359) ~[spring-rabbit-4.0.1.jar:4.0.1]
	at java.base/java.lang.Thread.run(Thread.java:1583) ~[na:na]
Caused by: org.springframework.amqp.support.converter.MessageConversionException: failed to convert serialized Message content
	at org.springframework.amqp.support.converter.SimpleMessageConverter.fromMessage(SimpleMessageConverter.java:96) ~[spring-amqp-4.0.1.jar:4.0.1]
	at org.springframework.amqp.rabbit.listener.adapter.AbstractAdaptableMessageListener.extractMessage(AbstractAdaptableMessageListener.java:355) ~[spring-rabbit-4.0.1.jar:4.0.1]
	at org.springframework.amqp.rabbit.listener.adapter.MessagingMessageListenerAdapter$MessagingMessageConverterAdapter.extractPayload(MessagingMessageListenerAdapter.java:397) ~[spring-rabbit-4.0.1.jar:4.0.1]
	at org.springframework.amqp.support.converter.MessagingMessageConverter.fromMessage(MessagingMessageConverter.java:129) ~[spring-amqp-4.0.1.jar:4.0.1]
	at org.springframework.amqp.rabbit.listener.adapter.MessagingMessageListenerAdapter.toMessagingMessage(MessagingMessageListenerAdapter.java:267) ~[spring-rabbit-4.0.1.jar:4.0.1]
	at org.springframework.amqp.rabbit.listener.adapter.MessagingMessageListenerAdapter.onMessage(MessagingMessageListenerAdapter.java:156) ~[spring-rabbit-4.0.1.jar:4.0.1]
	... 11 common frames omitted
Caused by: java.lang.IllegalStateException: Could not deserialize object type
	at org.springframework.amqp.utils.SerializationUtils.deserialize(SerializationUtils.java:110) ~[spring-amqp-4.0.1.jar:4.0.1]
	at org.springframework.amqp.support.converter.SimpleMessageConverter.fromMessage(SimpleMessageConverter.java:92) ~[spring-amqp-4.0.1.jar:4.0.1]
	... 16 common frames omitted
Caused by: java.lang.ClassNotFoundException: com.example.tracing.order.Order
	at java.base/jdk.internal.loader.BuiltinClassLoader.loadClass(BuiltinClassLoader.java:641) ~[na:na]
	at java.base/jdk.internal.loader.ClassLoaders$AppClassLoader.loadClass(ClassLoaders.java:188) ~[na:na]
	at java.base/java.lang.ClassLoader.loadClass(ClassLoader.java:526) ~[na:na]
	at java.base/java.lang.Class.forName0(Native Method) ~[na:na]
	at java.base/java.lang.Class.forName(Class.java:536) ~[na:na]
	at java.base/java.lang.Class.forName(Class.java:515) ~[na:na]
	at org.springframework.util.ClassUtils.forName(ClassUtils.java:302) ~[spring-core-7.0.2.jar:7.0.2]
	at org.springframework.core.ConfigurableObjectInputStream.resolveClass(ConfigurableObjectInputStream.java:76) ~[spring-core-7.0.2.jar:7.0.2]
	at org.springframework.amqp.support.converter.SimpleMessageConverter$1.resolveClass(SimpleMessageConverter.java:157) ~[spring-amqp-4.0.1.jar:4.0.1]
	at java.base/java.io.ObjectInputStream.readNonProxyDesc(ObjectInputStream.java:2061) ~[na:na]
	at java.base/java.io.ObjectInputStream.readClassDesc(ObjectInputStream.java:1927) ~[na:na]
	at java.base/java.io.ObjectInputStream.readOrdinaryObject(ObjectInputStream.java:2252) ~[na:na]
	at java.base/java.io.ObjectInputStream.readObject0(ObjectInputStream.java:1762) ~[na:na]
	at java.base/java.io.ObjectInputStream.readObject(ObjectInputStream.java:540) ~[na:na]
	at java.base/java.io.ObjectInputStream.readObject(ObjectInputStream.java:498) ~[na:na]
	at org.springframework.amqp.utils.SerializationUtils.deserialize(SerializationUtils.java:104) ~[spring-amqp-4.0.1.jar:4.0.1]
	... 17 common frames omitted

2026-01-06T11:43:55.381+06:00  WARN [inventory-service,,] 692178 --- [inventory-service] [tContainer#0-25] ingErrorHandler$DefaultExceptionStrategy : Fatal message conversion error; message rejected; it will be dropped or routed to a dead letter exchange, if so configured: (Body:'[serialized object]' MessageProperties [headers={}, contentType=application/x-java-serialized-object, contentLength=0, receivedDeliveryMode=PERSISTENT, priority=0, redelivered=false, receivedExchange=orders.exchange, receivedRoutingKey=orders.created, deliveryTag=4, consumerTag=amq.ctag-aH33v-nNoG5Lpbjpm3FUFg, consumerQueue=orders.queue])
2026-01-06T11:43:55.381+06:00 ERROR [inventory-service,,] 692178 --- [inventory-service] [tContainer#0-25] o.s.a.r.l.SimpleMessageListenerContainer : Execution of Rabbit message listener failed, and the error handler threw an exception

org.springframework.amqp.AmqpRejectAndDontRequeueException: Error Handler converted exception to fatal
	at org.springframework.amqp.rabbit.listener.ConditionalRejectingErrorHandler.handleError(ConditionalRejectingErrorHandler.java:149) ~[spring-rabbit-4.0.1.jar:4.0.1]
	at org.springframework.amqp.rabbit.listener.AbstractMessageListenerContainer.invokeErrorHandler(AbstractMessageListenerContainer.java:1490) ~[spring-rabbit-4.0.1.jar:4.0.1]
	at org.springframework.amqp.rabbit.listener.AbstractMessageListenerContainer.handleListenerException(AbstractMessageListenerContainer.java:1769) ~[spring-rabbit-4.0.1.jar:4.0.1]
	at org.springframework.amqp.rabbit.listener.AbstractMessageListenerContainer.executeListenerAndHandleException(AbstractMessageListenerContainer.java:1560) ~[spring-rabbit-4.0.1.jar:4.0.1]
	at org.springframework.amqp.rabbit.listener.AbstractMessageListenerContainer.executeListener(AbstractMessageListenerContainer.java:1520) ~[spring-rabbit-4.0.1.jar:4.0.1]
	at org.springframework.amqp.rabbit.listener.SimpleMessageListenerContainer.doReceiveAndExecute(SimpleMessageListenerContainer.java:1116) ~[spring-rabbit-4.0.1.jar:4.0.1]
	at org.springframework.amqp.rabbit.listener.SimpleMessageListenerContainer.receiveAndExecute(SimpleMessageListenerContainer.java:1061) ~[spring-rabbit-4.0.1.jar:4.0.1]
	at org.springframework.amqp.rabbit.listener.SimpleMessageListenerContainer$AsyncMessageProcessingConsumer.mainLoop(SimpleMessageListenerContainer.java:1465) ~[spring-rabbit-4.0.1.jar:4.0.1]
	at org.springframework.amqp.rabbit.listener.SimpleMessageListenerContainer$AsyncMessageProcessingConsumer.run(SimpleMessageListenerContainer.java:1359) ~[spring-rabbit-4.0.1.jar:4.0.1]
	at java.base/java.lang.Thread.run(Thread.java:1583) ~[na:na]
Caused by: org.springframework.amqp.rabbit.support.ListenerExecutionFailedException: Failed to convert message
	at org.springframework.amqp.rabbit.listener.adapter.MessagingMessageListenerAdapter.onMessage(MessagingMessageListenerAdapter.java:166) ~[spring-rabbit-4.0.1.jar:4.0.1]
	at org.springframework.amqp.rabbit.listener.AbstractMessageListenerContainer.doInvokeListener(AbstractMessageListenerContainer.java:1683) ~[spring-rabbit-4.0.1.jar:4.0.1]
	at org.springframework.amqp.rabbit.listener.AbstractMessageListenerContainer.actualInvokeListener(AbstractMessageListenerContainer.java:1612) ~[spring-rabbit-4.0.1.jar:4.0.1]
	at org.springframework.amqp.rabbit.listener.AbstractMessageListenerContainer.invokeListener(AbstractMessageListenerContainer.java:1599) ~[spring-rabbit-4.0.1.jar:4.0.1]
	at org.springframework.amqp.rabbit.listener.AbstractMessageListenerContainer.doExecuteListener(AbstractMessageListenerContainer.java:1590) ~[spring-rabbit-4.0.1.jar:4.0.1]
	at org.springframework.amqp.rabbit.listener.AbstractMessageListenerContainer.executeListenerAndHandleException(AbstractMessageListenerContainer.java:1539) ~[spring-rabbit-4.0.1.jar:4.0.1]
	... 6 common frames omitted
Caused by: org.springframework.amqp.support.converter.MessageConversionException: failed to convert serialized Message content
	at org.springframework.amqp.support.converter.SimpleMessageConverter.fromMessage(SimpleMessageConverter.java:96) ~[spring-amqp-4.0.1.jar:4.0.1]
	at org.springframework.amqp.rabbit.listener.adapter.AbstractAdaptableMessageListener.extractMessage(AbstractAdaptableMessageListener.java:355) ~[spring-rabbit-4.0.1.jar:4.0.1]
	at org.springframework.amqp.rabbit.listener.adapter.MessagingMessageListenerAdapter$MessagingMessageConverterAdapter.extractPayload(MessagingMessageListenerAdapter.java:397) ~[spring-rabbit-4.0.1.jar:4.0.1]
	at org.springframework.amqp.support.converter.MessagingMessageConverter.fromMessage(MessagingMessageConverter.java:129) ~[spring-amqp-4.0.1.jar:4.0.1]
	at org.springframework.amqp.rabbit.listener.adapter.MessagingMessageListenerAdapter.toMessagingMessage(MessagingMessageListenerAdapter.java:267) ~[spring-rabbit-4.0.1.jar:4.0.1]
	at org.springframework.amqp.rabbit.listener.adapter.MessagingMessageListenerAdapter.onMessage(MessagingMessageListenerAdapter.java:156) ~[spring-rabbit-4.0.1.jar:4.0.1]
	... 11 common frames omitted
Caused by: java.lang.IllegalStateException: Could not deserialize object type
	at org.springframework.amqp.utils.SerializationUtils.deserialize(SerializationUtils.java:110) ~[spring-amqp-4.0.1.jar:4.0.1]
	at org.springframework.amqp.support.converter.SimpleMessageConverter.fromMessage(SimpleMessageConverter.java:92) ~[spring-amqp-4.0.1.jar:4.0.1]
	... 16 common frames omitted
Caused by: java.lang.ClassNotFoundException: com.example.tracing.order.Order
	at java.base/jdk.internal.loader.BuiltinClassLoader.loadClass(BuiltinClassLoader.java:641) ~[na:na]
	at java.base/jdk.internal.loader.ClassLoaders$AppClassLoader.loadClass(ClassLoaders.java:188) ~[na:na]
	at java.base/java.lang.ClassLoader.loadClass(ClassLoader.java:526) ~[na:na]
	at java.base/java.lang.Class.forName0(Native Method) ~[na:na]
	at java.base/java.lang.Class.forName(Class.java:536) ~[na:na]
	at java.base/java.lang.Class.forName(Class.java:515) ~[na:na]
	at org.springframework.util.ClassUtils.forName(ClassUtils.java:302) ~[spring-core-7.0.2.jar:7.0.2]
	at org.springframework.core.ConfigurableObjectInputStream.resolveClass(ConfigurableObjectInputStream.java:76) ~[spring-core-7.0.2.jar:7.0.2]
	at org.springframework.amqp.support.converter.SimpleMessageConverter$1.resolveClass(SimpleMessageConverter.java:157) ~[spring-amqp-4.0.1.jar:4.0.1]
	at java.base/java.io.ObjectInputStream.readNonProxyDesc(ObjectInputStream.java:2061) ~[na:na]
	at java.base/java.io.ObjectInputStream.readClassDesc(ObjectInputStream.java:1927) ~[na:na]
	at java.base/java.io.ObjectInputStream.readOrdinaryObject(ObjectInputStream.java:2252) ~[na:na]
	at java.base/java.io.ObjectInputStream.readObject0(ObjectInputStream.java:1762) ~[na:na]
	at java.base/java.io.ObjectInputStream.readObject(ObjectInputStream.java:540) ~[na:na]
	at java.base/java.io.ObjectInputStream.readObject(ObjectInputStream.java:498) ~[na:na]
	at org.springframework.amqp.utils.SerializationUtils.deserialize(SerializationUtils.java:104) ~[spring-amqp-4.0.1.jar:4.0.1]
	... 17 common frames omitted

2026-01-06T11:43:57.776+06:00  WARN [inventory-service,,] 692178 --- [inventory-service] [tContainer#0-25] s.a.r.l.ConditionalRejectingErrorHandler : Execution of Rabbit message listener failed.

org.springframework.amqp.rabbit.support.ListenerExecutionFailedException: Failed to convert message
	at org.springframework.amqp.rabbit.listener.adapter.MessagingMessageListenerAdapter.onMessage(MessagingMessageListenerAdapter.java:166) ~[spring-rabbit-4.0.1.jar:4.0.1]
	at org.springframework.amqp.rabbit.listener.AbstractMessageListenerContainer.doInvokeListener(AbstractMessageListenerContainer.java:1683) ~[spring-rabbit-4.0.1.jar:4.0.1]
	at org.springframework.amqp.rabbit.listener.AbstractMessageListenerContainer.actualInvokeListener(AbstractMessageListenerContainer.java:1612) ~[spring-rabbit-4.0.1.jar:4.0.1]
	at org.springframework.amqp.rabbit.listener.AbstractMessageListenerContainer.invokeListener(AbstractMessageListenerContainer.java:1599) ~[spring-rabbit-4.0.1.jar:4.0.1]
	at org.springframework.amqp.rabbit.listener.AbstractMessageListenerContainer.doExecuteListener(AbstractMessageListenerContainer.java:1590) ~[spring-rabbit-4.0.1.jar:4.0.1]
	at org.springframework.amqp.rabbit.listener.AbstractMessageListenerContainer.executeListenerAndHandleException(AbstractMessageListenerContainer.java:1539) ~[spring-rabbit-4.0.1.jar:4.0.1]
	at org.springframework.amqp.rabbit.listener.AbstractMessageListenerContainer.executeListener(AbstractMessageListenerContainer.java:1520) ~[spring-rabbit-4.0.1.jar:4.0.1]
	at org.springframework.amqp.rabbit.listener.SimpleMessageListenerContainer.doReceiveAndExecute(SimpleMessageListenerContainer.java:1116) ~[spring-rabbit-4.0.1.jar:4.0.1]
	at org.springframework.amqp.rabbit.listener.SimpleMessageListenerContainer.receiveAndExecute(SimpleMessageListenerContainer.java:1061) ~[spring-rabbit-4.0.1.jar:4.0.1]
	at org.springframework.amqp.rabbit.listener.SimpleMessageListenerContainer$AsyncMessageProcessingConsumer.mainLoop(SimpleMessageListenerContainer.java:1465) ~[spring-rabbit-4.0.1.jar:4.0.1]
	at org.springframework.amqp.rabbit.listener.SimpleMessageListenerContainer$AsyncMessageProcessingConsumer.run(SimpleMessageListenerContainer.java:1359) ~[spring-rabbit-4.0.1.jar:4.0.1]
	at java.base/java.lang.Thread.run(Thread.java:1583) ~[na:na]
Caused by: org.springframework.amqp.support.converter.MessageConversionException: failed to convert serialized Message content
	at org.springframework.amqp.support.converter.SimpleMessageConverter.fromMessage(SimpleMessageConverter.java:96) ~[spring-amqp-4.0.1.jar:4.0.1]
	at org.springframework.amqp.rabbit.listener.adapter.AbstractAdaptableMessageListener.extractMessage(AbstractAdaptableMessageListener.java:355) ~[spring-rabbit-4.0.1.jar:4.0.1]
	at org.springframework.amqp.rabbit.listener.adapter.MessagingMessageListenerAdapter$MessagingMessageConverterAdapter.extractPayload(MessagingMessageListenerAdapter.java:397) ~[spring-rabbit-4.0.1.jar:4.0.1]
	at org.springframework.amqp.support.converter.MessagingMessageConverter.fromMessage(MessagingMessageConverter.java:129) ~[spring-amqp-4.0.1.jar:4.0.1]
	at org.springframework.amqp.rabbit.listener.adapter.MessagingMessageListenerAdapter.toMessagingMessage(MessagingMessageListenerAdapter.java:267) ~[spring-rabbit-4.0.1.jar:4.0.1]
	at org.springframework.amqp.rabbit.listener.adapter.MessagingMessageListenerAdapter.onMessage(MessagingMessageListenerAdapter.java:156) ~[spring-rabbit-4.0.1.jar:4.0.1]
	... 11 common frames omitted
Caused by: java.lang.IllegalStateException: Could not deserialize object type
	at org.springframework.amqp.utils.SerializationUtils.deserialize(SerializationUtils.java:110) ~[spring-amqp-4.0.1.jar:4.0.1]
	at org.springframework.amqp.support.converter.SimpleMessageConverter.fromMessage(SimpleMessageConverter.java:92) ~[spring-amqp-4.0.1.jar:4.0.1]
	... 16 common frames omitted
Caused by: java.lang.ClassNotFoundException: com.example.tracing.order.Order
	at java.base/jdk.internal.loader.BuiltinClassLoader.loadClass(BuiltinClassLoader.java:641) ~[na:na]
	at java.base/jdk.internal.loader.ClassLoaders$AppClassLoader.loadClass(ClassLoaders.java:188) ~[na:na]
	at java.base/java.lang.ClassLoader.loadClass(ClassLoader.java:526) ~[na:na]
	at java.base/java.lang.Class.forName0(Native Method) ~[na:na]
	at java.base/java.lang.Class.forName(Class.java:536) ~[na:na]
	at java.base/java.lang.Class.forName(Class.java:515) ~[na:na]
	at org.springframework.util.ClassUtils.forName(ClassUtils.java:302) ~[spring-core-7.0.2.jar:7.0.2]
	at org.springframework.core.ConfigurableObjectInputStream.resolveClass(ConfigurableObjectInputStream.java:76) ~[spring-core-7.0.2.jar:7.0.2]
	at org.springframework.amqp.support.converter.SimpleMessageConverter$1.resolveClass(SimpleMessageConverter.java:157) ~[spring-amqp-4.0.1.jar:4.0.1]
	at java.base/java.io.ObjectInputStream.readNonProxyDesc(ObjectInputStream.java:2061) ~[na:na]
	at java.base/java.io.ObjectInputStream.readClassDesc(ObjectInputStream.java:1927) ~[na:na]
	at java.base/java.io.ObjectInputStream.readOrdinaryObject(ObjectInputStream.java:2252) ~[na:na]
	at java.base/java.io.ObjectInputStream.readObject0(ObjectInputStream.java:1762) ~[na:na]
	at java.base/java.io.ObjectInputStream.readObject(ObjectInputStream.java:540) ~[na:na]
	at java.base/java.io.ObjectInputStream.readObject(ObjectInputStream.java:498) ~[na:na]
	at org.springframework.amqp.utils.SerializationUtils.deserialize(SerializationUtils.java:104) ~[spring-amqp-4.0.1.jar:4.0.1]
	... 17 common frames omitted

2026-01-06T11:43:57.778+06:00  WARN [inventory-service,,] 692178 --- [inventory-service] [tContainer#0-25] ingErrorHandler$DefaultExceptionStrategy : Fatal message conversion error; message rejected; it will be dropped or routed to a dead letter exchange, if so configured: (Body:'[serialized object]' MessageProperties [headers={}, contentType=application/x-java-serialized-object, contentLength=0, receivedDeliveryMode=PERSISTENT, priority=0, redelivered=false, receivedExchange=orders.exchange, receivedRoutingKey=orders.created, deliveryTag=5, consumerTag=amq.ctag-aH33v-nNoG5Lpbjpm3FUFg, consumerQueue=orders.queue])
2026-01-06T11:43:57.778+06:00 ERROR [inventory-service,,] 692178 --- [inventory-service] [tContainer#0-25] o.s.a.r.l.SimpleMessageListenerContainer : Execution of Rabbit message listener failed, and the error handler threw an exception

org.springframework.amqp.AmqpRejectAndDontRequeueException: Error Handler converted exception to fatal
	at org.springframework.amqp.rabbit.listener.ConditionalRejectingErrorHandler.handleError(ConditionalRejectingErrorHandler.java:149) ~[spring-rabbit-4.0.1.jar:4.0.1]
	at org.springframework.amqp.rabbit.listener.AbstractMessageListenerContainer.invokeErrorHandler(AbstractMessageListenerContainer.java:1490) ~[spring-rabbit-4.0.1.jar:4.0.1]
	at org.springframework.amqp.rabbit.listener.AbstractMessageListenerContainer.handleListenerException(AbstractMessageListenerContainer.java:1769) ~[spring-rabbit-4.0.1.jar:4.0.1]
	at org.springframework.amqp.rabbit.listener.AbstractMessageListenerContainer.executeListenerAndHandleException(AbstractMessageListenerContainer.java:1560) ~[spring-rabbit-4.0.1.jar:4.0.1]
	at org.springframework.amqp.rabbit.listener.AbstractMessageListenerContainer.executeListener(AbstractMessageListenerContainer.java:1520) ~[spring-rabbit-4.0.1.jar:4.0.1]
	at org.springframework.amqp.rabbit.listener.SimpleMessageListenerContainer.doReceiveAndExecute(SimpleMessageListenerContainer.java:1116) ~[spring-rabbit-4.0.1.jar:4.0.1]
	at org.springframework.amqp.rabbit.listener.SimpleMessageListenerContainer.receiveAndExecute(SimpleMessageListenerContainer.java:1061) ~[spring-rabbit-4.0.1.jar:4.0.1]
	at org.springframework.amqp.rabbit.listener.SimpleMessageListenerContainer$AsyncMessageProcessingConsumer.mainLoop(SimpleMessageListenerContainer.java:1465) ~[spring-rabbit-4.0.1.jar:4.0.1]
	at org.springframework.amqp.rabbit.listener.SimpleMessageListenerContainer$AsyncMessageProcessingConsumer.run(SimpleMessageListenerContainer.java:1359) ~[spring-rabbit-4.0.1.jar:4.0.1]
	at java.base/java.lang.Thread.run(Thread.java:1583) ~[na:na]
Caused by: org.springframework.amqp.rabbit.support.ListenerExecutionFailedException: Failed to convert message
	at org.springframework.amqp.rabbit.listener.adapter.MessagingMessageListenerAdapter.onMessage(MessagingMessageListenerAdapter.java:166) ~[spring-rabbit-4.0.1.jar:4.0.1]
	at org.springframework.amqp.rabbit.listener.AbstractMessageListenerContainer.doInvokeListener(AbstractMessageListenerContainer.java:1683) ~[spring-rabbit-4.0.1.jar:4.0.1]
	at org.springframework.amqp.rabbit.listener.AbstractMessageListenerContainer.actualInvokeListener(AbstractMessageListenerContainer.java:1612) ~[spring-rabbit-4.0.1.jar:4.0.1]
	at org.springframework.amqp.rabbit.listener.AbstractMessageListenerContainer.invokeListener(AbstractMessageListenerContainer.java:1599) ~[spring-rabbit-4.0.1.jar:4.0.1]
	at org.springframework.amqp.rabbit.listener.AbstractMessageListenerContainer.doExecuteListener(AbstractMessageListenerContainer.java:1590) ~[spring-rabbit-4.0.1.jar:4.0.1]
	at org.springframework.amqp.rabbit.listener.AbstractMessageListenerContainer.executeListenerAndHandleException(AbstractMessageListenerContainer.java:1539) ~[spring-rabbit-4.0.1.jar:4.0.1]
	... 6 common frames omitted
Caused by: org.springframework.amqp.support.converter.MessageConversionException: failed to convert serialized Message content
	at org.springframework.amqp.support.converter.SimpleMessageConverter.fromMessage(SimpleMessageConverter.java:96) ~[spring-amqp-4.0.1.jar:4.0.1]
	at org.springframework.amqp.rabbit.listener.adapter.AbstractAdaptableMessageListener.extractMessage(AbstractAdaptableMessageListener.java:355) ~[spring-rabbit-4.0.1.jar:4.0.1]
	at org.springframework.amqp.rabbit.listener.adapter.MessagingMessageListenerAdapter$MessagingMessageConverterAdapter.extractPayload(MessagingMessageListenerAdapter.java:397) ~[spring-rabbit-4.0.1.jar:4.0.1]
	at org.springframework.amqp.support.converter.MessagingMessageConverter.fromMessage(MessagingMessageConverter.java:129) ~[spring-amqp-4.0.1.jar:4.0.1]
	at org.springframework.amqp.rabbit.listener.adapter.MessagingMessageListenerAdapter.toMessagingMessage(MessagingMessageListenerAdapter.java:267) ~[spring-rabbit-4.0.1.jar:4.0.1]
	at org.springframework.amqp.rabbit.listener.adapter.MessagingMessageListenerAdapter.onMessage(MessagingMessageListenerAdapter.java:156) ~[spring-rabbit-4.0.1.jar:4.0.1]
	... 11 common frames omitted
Caused by: java.lang.IllegalStateException: Could not deserialize object type
	at org.springframework.amqp.utils.SerializationUtils.deserialize(SerializationUtils.java:110) ~[spring-amqp-4.0.1.jar:4.0.1]
	at org.springframework.amqp.support.converter.SimpleMessageConverter.fromMessage(SimpleMessageConverter.java:92) ~[spring-amqp-4.0.1.jar:4.0.1]
	... 16 common frames omitted
Caused by: java.lang.ClassNotFoundException: com.example.tracing.order.Order
	at java.base/jdk.internal.loader.BuiltinClassLoader.loadClass(BuiltinClassLoader.java:641) ~[na:na]
	at java.base/jdk.internal.loader.ClassLoaders$AppClassLoader.loadClass(ClassLoaders.java:188) ~[na:na]
	at java.base/java.lang.ClassLoader.loadClass(ClassLoader.java:526) ~[na:na]
	at java.base/java.lang.Class.forName0(Native Method) ~[na:na]
	at java.base/java.lang.Class.forName(Class.java:536) ~[na:na]
	at java.base/java.lang.Class.forName(Class.java:515) ~[na:na]
	at org.springframework.util.ClassUtils.forName(ClassUtils.java:302) ~[spring-core-7.0.2.jar:7.0.2]
	at org.springframework.core.ConfigurableObjectInputStream.resolveClass(ConfigurableObjectInputStream.java:76) ~[spring-core-7.0.2.jar:7.0.2]
	at org.springframework.amqp.support.converter.SimpleMessageConverter$1.resolveClass(SimpleMessageConverter.java:157) ~[spring-amqp-4.0.1.jar:4.0.1]
	at java.base/java.io.ObjectInputStream.readNonProxyDesc(ObjectInputStream.java:2061) ~[na:na]
	at java.base/java.io.ObjectInputStream.readClassDesc(ObjectInputStream.java:1927) ~[na:na]
	at java.base/java.io.ObjectInputStream.readOrdinaryObject(ObjectInputStream.java:2252) ~[na:na]
	at java.base/java.io.ObjectInputStream.readObject0(ObjectInputStream.java:1762) ~[na:na]
	at java.base/java.io.ObjectInputStream.readObject(ObjectInputStream.java:540) ~[na:na]
	at java.base/java.io.ObjectInputStream.readObject(ObjectInputStream.java:498) ~[na:na]
	at org.springframework.amqp.utils.SerializationUtils.deserialize(SerializationUtils.java:104) ~[spring-amqp-4.0.1.jar:4.0.1]
	... 17 common frames omitted

